<appaction uniquename="crfce__AskMakerfordecisi!f538cfa79de249cf898312ba816933e5!admin_DLPImpactAnalysis!admin_dlpimpactanalysis!0">
  <appmoduleid>
    <uniquename>admin_DLPImpactAnalysis</uniquename>
  </appmoduleid>
  <buttonlabeltext default="Send task to maker">
    <label description="Send task to maker" languagecode="1033" />
  </buttonlabeltext>
  <buttontooltipdescription default="This action will send a card to the makers of the selected resources, asking to make a decision about what to do with their impacted resources.">
    <label description="This action will send a card to the makers of the selected resources, asking to make a decision about what to do with their impacted resources." languagecode="1033" />
  </buttontooltipdescription>
  <context>1</context>
  <contextentity>
    <logicalname>admin_dlpimpactanalysis</logicalname>
  </contextentity>
  <contextvalue>admin_dlpimpactanalysis</contextvalue>
  <fonticon>SendEmail</fonticon>
  <hidden>0</hidden>
  <iscustomizable>1</iscustomizable>
  <isdisabled>0</isdisabled>
  <isgrouptitlehidden>0</isgrouptitlehidden>
  <location>0</location>
  <name>AskMakerfordecisi!f538cfa79de249cf898312ba816933e5</name>
  <onclickeventformulacomponentlibraryid>
    <name>crfce_dlpimpactanalysisdefaultcommandlibrary_45d0e</name>
  </onclickeventformulacomponentlibraryid>
  <onclickeventformulacomponentname>1e5425d07232451096c5bb29672e04a2</onclickeventformulacomponentname>
  <onclickeventformulafunctionname>OnSelect</onclickeventformulafunctionname>
  <onclickeventtype>1</onclickeventtype>
  <origin>0</origin>
  <sequence>100100015.0000000000</sequence>
  <statecode>0</statecode>
  <statuscode>1</statuscode>
  <type>0</type>
  <visibilitytype>0</visibilitytype>
</appaction>