<appaction uniquename="admin__ViewGroup!4e705b3a21574ae496c41b2b702c0e1a!admin_PowerPlatformAdminView!admin_environmentsecurityrolepermission!0">
  <appmoduleid>
    <uniquename>admin_PowerPlatformAdminView</uniquename>
  </appmoduleid>
  <buttonlabeltext default="View Group">
    <label description="View Group" languagecode="1033" />
  </buttonlabeltext>
  <buttonsequencepriority>7.5000000000</buttonsequencepriority>
  <context>1</context>
  <contextentity>
    <logicalname>admin_environmentsecurityrolepermission</logicalname>
  </contextentity>
  <contextvalue>admin_environmentsecurityrolepermission</contextvalue>
  <fonticon>People</fonticon>
  <hidden>0</hidden>
  <iscustomizable>1</iscustomizable>
  <isdisabled>0</isdisabled>
  <isgrouptitlehidden>0</isgrouptitlehidden>
  <location>0</location>
  <name>ViewGroup!4e705b3a21574ae496c41b2b702c0e1a</name>
  <onclickeventformulacomponentlibraryid>
    <name>admin_powerplatformadminviewdefaultcommandlibrary_07392</name>
  </onclickeventformulacomponentlibraryid>
  <onclickeventformulacomponentname>b993ed9f0bdb43f08db43b44431f5e2d</onclickeventformulacomponentname>
  <onclickeventformulafunctionname>OnSelect</onclickeventformulafunctionname>
  <onclickeventtype>1</onclickeventtype>
  <origin>0</origin>
  <statecode>0</statecode>
  <statuscode>1</statuscode>
  <type>0</type>
  <visibilityformulacomponentlibraryid>
    <name>admin_powerplatformadminviewdefaultcommandlibrary_07392</name>
  </visibilityformulacomponentlibraryid>
  <visibilityformulacomponentname>b993ed9f0bdb43f08db43b44431f5e2d</visibilityformulacomponentname>
  <visibilityformulafunctionname>Visible</visibilityformulafunctionname>
  <visibilitytype>1</visibilitytype>
</appaction>