<appaction uniquename="admin__EmailUsers!156d95aa358940e292eb62cd09e8cf6a!admin_PowerPlatformAdminView!admin_app!1">
  <appmoduleid>
    <uniquename>admin_PowerPlatformAdminView</uniquename>
  </appmoduleid>
  <buttonlabeltext default="Email Users">
    <label description="Email Users" languagecode="1033" />
  </buttonlabeltext>
  <buttonsequencepriority>17.7500000000</buttonsequencepriority>
  <context>1</context>
  <contextentity>
    <logicalname>admin_app</logicalname>
  </contextentity>
  <contextvalue>admin_app</contextvalue>
  <fonticon>$clientsvg:EditMail</fonticon>
  <hidden>0</hidden>
  <iscustomizable>1</iscustomizable>
  <isdisabled>0</isdisabled>
  <isgrouptitlehidden>0</isgrouptitlehidden>
  <location>1</location>
  <name>EmailUsers!156d95aa358940e292eb62cd09e8cf6a</name>
  <onclickeventjavascriptfunctionname>OpenDialog</onclickeventjavascriptfunctionname>
  <onclickeventjavascriptparameters>[{"type":24},{"type":21,"value":"custom"},{"type":19,"value":2},{"type":21,"value":"admin_emailappusers_a6c56"},{"type":21,"value":"Email Users"},{"type":21,"value":"40"},{"type":21,"value":"100"}]</onclickeventjavascriptparameters>
  <onclickeventjavascriptwebresourceid>
    <webresourceid>6c9e379e-cf7f-ed11-81ac-0022480813ff</webresourceid>
  </onclickeventjavascriptwebresourceid>
  <onclickeventtype>2</onclickeventtype>
  <origin>0</origin>
  <statecode>0</statecode>
  <statuscode>1</statuscode>
  <type>0</type>
  <visibilityformulacomponentlibraryid>
    <name>admin_powerplatformadminviewdefaultcommandlibrary_07392</name>
  </visibilityformulacomponentlibraryid>
  <visibilityformulacomponentname>9999302bf86645eebf4c58dff608f4bd</visibilityformulacomponentname>
  <visibilityformulafunctionname>Visible</visibilityformulafunctionname>
  <visibilitytype>1</visibilitytype>
</appaction>