<environmentvariabledefinition schemaname="admin_CurrentEnvironment">
  <description default="Current Environment ID.">
    <label description="Current Environment ID." languagecode="1033" />
  </description>
  <displayname default="Current Environment">
    <label description="Current Environment" languagecode="1033" />
  </displayname>
  <introducedversion>1.1</introducedversion>
  <iscustomizable>1</iscustomizable>
  <isrequired>0</isrequired>
  <secretstore>0</secretstore>
  <type>100000000</type>
</environmentvariabledefinition>