<environmentvariabledefinition schemaname="admin_DeleteFromCoE">
  <defaultvalue>yes</defaultvalue>
  <description default="Inventory - when we run &quot;Admin | Sync Template v2 (Check Deleted)&quot;, delete the items from CoE (yes) or just mark deleted (no)">
    <label description="Inventory - when we run &quot;Admin | Sync Template v2 (Check Deleted)&quot;, delete the items from CoE (yes) or just mark deleted (no)" languagecode="1033" />
  </description>
  <displayname default="Also Delete From CoE">
    <label description="Also Delete From CoE" languagecode="1033" />
  </displayname>
  <introducedversion>1.62</introducedversion>
  <iscustomizable>1</iscustomizable>
  <isrequired>0</isrequired>
  <secretstore>0</secretstore>
  <type>100000000</type>
</environmentvariabledefinition>