{"__Version":"0.1","App":"822095ee-b2c9-403b-93b2-dd293c0ce499","Test_7F478737223C4B69":"a2d570dc-3293-4dc1-85b8-3dfefa9d733c","Host":"d065332c-6cff-4069-b9f3-6d930ba24894","Selected Video - Author Card":"148802ac-1ebb-4a58-93a7-c122cf82e3e9","lblAuthorDisplayName":"ec0dbdec-e47a-485d-9c16-bbc24c702bb9","imgAuthor":"2fccdd74-0b7d-46af-970a-702f09171522","lblAuthorInitial":"5255e200-b2fc-47f9-9f8f-a7d1c9d4348f","lblAuthorVideoCount":"7c539ea8-857d-4d86-b533-67ade08d6992","Selected Video - Player":"c0cfe2a5-c3a9-4bc2-80b1-81b71c68a3bf","vidExternal":"99de2b3e-09c0-4710-8cf8-8ff956493777","msftStream":"0debff03-5eb3-4fa0-823e-5637049921a5","Selected Video - Metadata":"fc5cd401-9efe-499d-a441-a497b46b2473","lblContentViewCount":"506bdd5f-2c54-46a1-b544-034d8d5f400b","icoContentViewCount":"a5272c51-25e1-42aa-a694-9aab7d3b0352","lblContentLikeCount":"00a2f714-8baa-4246-94f7-f45ccafa9a2b","icoContentLikeCount":"b71f8bbb-02d6-45de-bc76-85942693b8c1","lblContentCreatedDate":"ccfee353-44bd-4252-9d75-8120a7016f2a","icoContentCreatedDate":"363bf024-c436-4ded-82a4-169d796068a0","Selected Video - Title and Description":"143bd350-7595-4c57-bf01-7f4e11068805","lblMainVideoTitle":"94b143ab-1a58-4bbc-ac52-57442b71b89d","lblMainVideoDescription":"9feebdc5-7275-4e2b-ba64-8ecaa9591545","Navigation - Side":"54c6c159-93a0-4764-919a-77534c3d0c73","Gallery1":"be3dc079-2209-48af-8aae-bc8b993cf9d9","galleryTemplate8":"6fe6ef96-9561-468c-81f3-4383cc0d3006","btnNavigate":"345fe3d9-3bdb-4a1a-8a61-75fcae11b7e4","imgNavigationIcon":"c61ae21b-79a9-4684-a4b6-bff24c269e5f","Selected Video - Comments Card":"cb7ee788-f2b0-4ead-814a-67dae8566704","galComments":"1abca996-bfa9-46fe-aaa2-371c1c497031","galleryTemplate1":"890ce49f-5a9b-48ab-b976-436299582cab","lblCommentAuthor":"5b485edb-6d17-4098-baea-78cf95a81260","imgCommentInitials":"83514cb0-60db-4459-87a0-b92dcbd3276f","lblCommentInitials":"fa84e17d-2766-42b4-9d09-69a7ad057f30","lblCommentBody":"be50fb3a-9cdd-479c-9a0a-a93113a1fb9e","grpCommentInitials":"7fe065ce-229b-4a46-88c3-cf1f5acedde5","txtCommentText":"52f6e72e-0a6e-4fae-ab85-d4e88726652f","Selected Video - Sharing to Many":"312cf30d-be5f-4353-8464-9505b015783b","lblShareVideoTitle":"21d4d795-7396-4fd6-9332-233771316f65","lblAddPerson":"e491b61b-ed54-4635-a25a-cb5851432528","txtSearchInput":"7b453b2b-8e3b-4486-a8a5-74487c6ff6b7","icoResetShare":"52c757cc-6d22-4ac4-98fb-4f66ad56f3c7","shpPeopleDivider":"54c8d66d-f149-4790-8e96-42f3fa6454a5","lblSuggestedUsers":"35837564-8667-4e1c-bc43-e488b5442623","galShareSearchResults":"4fd21af1-d552-47cd-8372-709be4730042","galleryTemplate2":"fd373b10-4df9-48f8-9d3c-d79c326bf562","imgSuggestedUser":"9bc980ec-3f3a-47ff-a1d2-75eef64980eb","lblUserInitial":"72a18a4a-c15b-4aba-a055-f1acf0988eff","lblShareUserName":"2b0b0803-e83b-49e4-82a9-9493cee4bcf5","icoSharedUserSelect":"3381b1ce-3082-4410-bbc1-5fe5395428e3","lblCurrentSharedList":"7db1ad90-7a32-427b-977d-4533b82a56d0","galAddedUsers":"066b0aae-d13f-47ea-baf6-d4c556d321e8","galleryTemplate4":"139a3d71-49f4-4f01-8a16-f0fea362bcaf","imgSharedUserBg":"04068d06-f08f-4ea6-95b1-42d562712284","lblSharedUserInitials":"f23715d2-b661-4048-abe0-96fec3b271b0","btnShareContent":"ee391acb-3b2d-4619-943b-2a0078d2d0dd","btnUnshareContent":"bb77a3f8-a7e9-42d7-9ec3-3e96b961be25","timClearSharedUserCollection":"37fa1b76-037f-4297-86df-5d0d49b0a805","grpAddUser":"75233591-d88a-4a3f-a213-7118b9d9b771","grpSearchResults":"862f614f-dd68-478f-81c7-a65ead5182b6","grpSharedUsersCollection":"56ffefb9-c76e-4c06-8687-151ff8f1b653","grpSharedUsersButton":"52ebecc7-a039-467a-9fce-1fafbfd0f79a","Navigation - Back":"cfe33507-ebc7-4b6a-a820-881a85df2364","lblBackToPrevious":"d842c618-91ad-453d-9b8c-45f66d8fde52","icoBackToPrevious":"80ab6a0f-2168-4817-ab81-9123d552091a","Filter - Zero Results Banner":"344851b5-f0a4-4082-aff5-0dffe30db91a","Icon3":"f86a7ba4-ccd7-4327-8a2e-d9b8cac6fd6d","lblSorryTitle":"bd7eb891-888b-475f-8d87-6cc1e04fe7d5","lblSorryMessage":"cc56a357-8fd1-42d9-9746-55803432a88f","Filter - Query Builder":"1a57ad18-e6ff-4b47-b235-a9d1a3a6a7d4","lblQueryBuilderTitle":"4793b90c-1fa2-4a01-ba58-2d8fbe80a61a","ddlCategoryOrProduct":"2f0e0869-04f8-4fd3-b999-a3294eab6f91","lblQueryOperator":"aa505bff-94bd-4712-941e-b4bbbe665d68","ddlProduct":"c61bcde7-79d0-4f78-8f2f-4fdbbfb4663b","ddlCategory":"02d9a82b-27ce-48b8-9ac4-e598e53b9793","radOperatorType":"a2fc723a-5d2d-4381-813f-9dc5a7ef34e7","btnAddFilter":"fec486b9-52f1-4ae1-8d5e-0a800782b4ff","icoAddRule":"89ed400e-2153-43ee-993b-dc7af1e08cfc","galSearchQuery":"65be804d-ad67-4a56-9403-5dcd8cb2d4c7","galleryTemplate9":"6aa94451-f671-474f-8ed9-dbc4e6d8ef46","lblSearchType":"9db6faf4-f7b6-4097-af45-5e462788ef13","lblSearchValue":"f75cb88f-c1f9-4d8f-b09e-b50bf3f40a9b","Icon1":"4df1c4a6-eec8-4c42-a163-0e90cf35417c","btnApplyQuery":"c12ad7fe-b18f-43c6-a262-fc676260badc","btnClearQuery":"d3328d87-fae0-4ebc-851c-4700c07e6606","Selected Playlist - Title and Description Metadata":"25908cf9-4195-4780-87c0-d3e9ca9c9d2f","lblPlaylistTitle":"deb303da-c98a-4196-bfd0-e02b37f551ae","lblAllPlaylistsMode_3":"61dc44c0-cabf-4b0e-b77b-464034e6ce8a","lblAllPlaylistsMode_4":"d614b96c-381d-4193-ad54-108ea4d0fed5","lblAllPlaylistsMode_5":"94054f3b-0e45-4aa8-8963-0b277b90fb70","imgAllPlaylistsMode_3":"4720682d-14f8-46e0-8163-7d76cb98291c","imgAllPlaylistsMode_4":"077d5051-fce8-486a-a602-49623891f993","imgAllPlaylistsMode_5":"948f8dd5-a45e-49ef-ab42-cf8f9e319f4a","lblPlaylistDescription":"042f1b92-ca6c-437a-9d8a-7a91b4878462","Selected Playlist - Video Player":"3e479d55-ffc0-41f9-986f-aa6cd24f4b0e","lblPlaylistPlayerTitle":"f7464918-bc59-4d51-b08e-2db831e44441","vidPlaylistExternalVideo":"90d4a038-6d66-4c55-be8c-ef52839b4c74","MicrosoftStream1":"71c4c0fa-89d0-4d61-a587-a34b2d19d73b","lblPlaylistVideoTitle":"baa02a7e-eb08-4e76-9262-ee5b7163f325","lblPlaylistVideoDescription":"ee9f1bf1-51a6-4db9-91a9-77d4f930b96d","Selected Playlist - Edit or Delete Toggle":"9f648db6-d729-4b3c-81ac-45fea3f6b166","lblPlaylistSettings":"fe5d60fc-a5b7-42e2-8522-a79c146743fe","shpPlaylistSettingsDivier":"3e413877-1f88-454c-9eba-7cd38bf60120","btnEditSelectedPlaylist":"7419e81f-7e21-4a27-ab6e-259c3127ffe3","btnDeleteSelectedPlaylist":"070bb268-7c57-48ef-9a8d-2fde7e2cb932","btnShareSelectedPlaylist":"7e0da799-5495-4432-80bb-bb94feeb5fd8","icoDeleteSelectedPlaylist":"03b3368f-ea68-4c9f-9aaf-51a7b412058d","icoSharePlaylist":"0d14cc57-1ec9-45e3-8353-e5643a9ed139","icoEditSelectedPlaylist":"a2cc1c89-f953-4e65-8ba6-042ba98cd131","Selected Playlist - Edit or Delete":"14fb7c3c-402b-4cfb-8785-fbfbdb134abe","Helper - Confirm Action":"574028f7-4d44-4663-aa73-7c63e91b2445","shpModalBg":"487c277b-faaf-4636-8ebb-0d1366d7690f","lblConfirmActionTitle":"c778f8c2-311f-45a5-bbb5-8fe74abb5cf3","icoCloseConfirmAction":"6b73cdc4-d2be-429a-89ba-eff6142f6e34","shpActionDivider":"946ba7e0-276e-4d5e-b42d-efd0ba929e56","lblActionMessage":"7b145d7c-da67-46c4-bd08-c78102657791","btnConfirmAction":"e0255cb6-7d01-46d3-8b7d-6e48adc82f93","btnCancelAction":"1081d2b1-8df6-4fa3-9d37-be861eba6239","grpModal":"630c6ae8-8f1d-4778-8637-1c3f49af8444","Start Screen - Latest Comments":"147c7a81-d843-416a-9b1e-ae80e851f956","Label1":"18d4d1bd-ddd9-4d7a-851e-cb6c83e20a7a","galComments_1":"11788104-3e8d-422b-b3f6-915e271a74d1","galleryTemplate1_1":"5ad3f941-f394-41bd-9693-e72b81f5969f","lblCommentAuthor_1":"710b8990-8cfc-477f-a237-fcd2b8110a6d","imgCommentInitials_1":"fe399ea6-acb7-47b8-8575-febaf4389ce4","lblCommentInitials_1":"e8e8ee93-3372-4f2e-ae4a-6fa780073dfd","lblCommentBody_1":"8d310f88-e12b-4d20-aabd-13e3e6ea2cbf","lblCommentBody_2":"ba74199c-e6b2-4b1f-88a9-c9daa4ea4c1e","lblCommentBody_3":"7c26ea42-3b87-42d0-a6b6-7a8018bc4749","grpCommentInitials_1":"521683d1-d3d2-46ce-8598-4df2bcb65f6e","txtCommentText_1":"2bb72349-b42b-40d3-8bad-30fc10146e6e","Start Screen - Main Video Filter":"f7a60b4e-9cac-42bd-8504-64d3ac9013d0","lblVideoHubTitle":"2382fcf3-c756-48ee-80df-54391fa32ede","galFilterProducts":"06a5afa2-e78e-4f83-a84b-5ee2fad4bfbb","galleryTemplate3":"5a1266cf-0472-4ab2-9ec3-6517cee2dc1d","btnFilterProducts":"c7a41703-dd39-43c3-8c54-762993b0c0dd","btnShowAllContent":"802e4611-65c2-477b-b465-4404e98e029b","shpFilterDivider":"89018be0-e87d-44df-8bef-5cf5a3111202","Start Screen - Add to Playlist":"60d61fb1-d215-4d26-841d-76fc7261afa0","Timer3":"c301eb86-da11-45c2-99b5-8ce4a4b47259","imgPlaylistBg":"8c6e9a3a-0bb1-4c93-a91f-201ad496fed5","lblAdd2PlaylistModal":"1e2eae1d-87e4-4576-a668-cef9794f2afb","shpAdd2PlaylistDivider":"cef0bd63-60ae-4e20-8ef2-e520e1a10f67","galUsersPlaylists":"f15213e0-91e8-4f61-aeea-1a3cab1ac850","galleryTemplate10":"a93942b0-2d01-4620-ac05-67fc350d6f9e","chkPlaylist":"6c61ccae-22b7-4602-abcc-a488f31a959d","Icon2":"ac74fa27-b401-4672-b135-2b3c324a72b4","btnAdd2Playlist":"2f684671-69ea-401b-bce8-3a6dc18bb8ee","btnCancelAdd2Playlist":"effe90f8-ea11-4749-b64f-baada7da0b9d","Selected Video - Related Videos":"2e5f82e0-cb81-48c2-86f8-4809de5fd711","lblRelatedVideoHeadline_1":"b8f02178-a485-4792-bcf5-feddad0abdc6","shpRelatedVideoBg_1":"97eb2b44-145b-4620-89a3-331e0ee24a35","galRelatedContent_1":"394db074-3ce5-4931-b640-2dceade7d2de","galleryTemplate6_1":"bb43062d-fe20-4ce8-9af5-f3d784501e8f","imgRelatedContentThumbnail_1":"11cc3a53-2fe9-431d-a044-bb8611dbc5bc","lblRelatedContentTitle_1":"35aaa45e-0a23-46ad-be05-0a0cadf6d0d8","lblRelateContentMetadata_1":"ea3cf94f-dd8f-43c2-8b2a-d216d9960333","Button1":"c9e9ea6b-f1a7-43fc-a9a5-f0ae93741fbc","Start Screen - Community Champ":"82750fe7-24f4-4e8f-b62b-26b8e9ecc74c","lblCommunityContent":"9b5e5a34-525d-4372-9a1f-5da115594be8","Image1":"032f95e7-de10-4ba0-8cdd-c104bb7b3c54","imgFeaturedChamps":"fa981154-b33d-4e59-ba9e-0c6dd1806b27","lblFeatureChampName":"0d36ebea-b9bb-464f-a5f1-b79c52d97394","lblFeaturedChampJobTitle":"ac43611f-081c-4431-8271-e358ca5312bc","lblFeaturedChampJobTitle_1":"5fc4ef77-c833-44f6-adbb-335ba550a370","lblFeatureChampAboutMe":"18139395-2247-4102-b19c-e33d0f2e9e47","lblFeaturedChampAboutMetext":"c8739eb5-36e0-4029-b14d-2606b6f3585a","Rectangle1":"0661c6a9-8bab-4cac-b89b-0e90687cd374","Label8":"82eec711-7824-40af-91d9-e5d3e7d00400","Label8_1":"4e04c33f-94a9-4325-8eb4-c98141f6c57f","Icon4":"74fd3ce9-cdc7-429f-85d1-2e2e3f2e0e23","lblChampOpendToHelp":"9d248e1e-2745-4771-a9ac-abf641e3a135","Icon5":"f7252f40-ece0-4e30-9258-4f033d07306a","Rectangle2":"2c442898-a636-4846-a1b0-07a31efb568f","Gallery2":"5849cb74-f9c5-44de-875d-ddfcdaaf715c","galleryTemplate6":"60e7f9b7-5a25-41ea-ac5c-eddbc783ce6d","Label5":"8cb75815-bc8b-4fe2-821e-54eae3cc1c45","grpChampStats":"010b9fc1-bfc3-479c-95b2-bf7143a0a05d","Selected video screen":"2a7d7bb0-82a0-4d58-8bee-cf091b658b95","lblRelatedOrSimilarContent":"cfdb8f4c-f1b5-4a88-a5c3-599ea06df7f6","Side Navigation_1":"ae1ffc32-0958-4075-afee-1322ab861539","shpRelatedContentBg":"35e80938-fb4b-4a21-8edf-e3f528dbf87e","txtVideoCommentText":"0d161b3e-3e17-4685-b29d-eef7e1a3c9ab","tmrRelatedVideo":"d820731f-95cd-4a37-8d25-9cb2113e37d1","icoCreateComment":"4adb6682-e714-4dd3-b511-d9e6d6462617","galRelatedContent_2":"42f8e731-cc98-47fa-bb56-717c9702dd90","galleryTemplate6_2":"f8031b6d-7021-4ff8-b75f-5eff6ab027cd","imgRelatedContentThumbnail_2":"a4851e82-e84a-44e7-9e60-d98e2baa322e","lblRelatedContentTitle_2":"11b98b37-cfa0-412a-85a4-d66cefbab2a3","lblRelateContentMetadata_2":"4146ec61-431a-4ee6-9632-3e3dac1d709f","Button1_1":"61f0f23c-98a7-4081-9ab8-bcb22730faa8","Navigation - Back_1":"d1adfd65-14e2-42a1-b2ad-5a60724c63b6","Main Video_1":"de931708-215f-4a53-93c5-9d0f280c06f3","Share Main Video_1":"f8f9d8b5-765b-40fb-9610-8ee88d847ea9","Rectangle3":"0fc3d736-726b-4940-a7af-66ae484e04d9","galVideoComments":"24b64daf-7a2f-44d6-b855-b3a7fb55cddd","galleryTemplate1_2":"e865b06d-bbb9-44cd-a896-41d557e23665","lblCommentAuthor_2":"f5e89097-984c-42af-a2c1-50ca7f30f88e","imgCommentInitials_2":"9fe2b91e-6e11-4d04-ad3b-a3f09e9210ed","lblCommentInitials_2":"fd145522-f340-4391-b77a-92a574bdd4fc","lblCommentBody_4":"bad53f85-e844-4c4e-88e6-a5d93eadfd83","grpCommentInitials_2":"b11eeb61-5f11-40d9-9310-b4c7daad713e","lblNoCommentsHint":"51461f9a-7817-4af8-b988-4ec1ed8236a1","Author Card_1":"91b2f7e5-7282-47ad-baec-8a415c47e380","btnShareVideo":"b2fd2695-ae35-4394-b0f3-305ff2ad7901","btnLikeVideo":"6c6384fb-25ed-4154-b350-6d8f643809bc","Main Video Title and Description_1":"fd0d1462-3a27-47c9-b390-7704fe40ad2f","Main Video Metadata_1":"ea7fe701-49ad-42a1-8342-04a2ac0a2021","timerShareUsersUpdate":"cf73a63b-047a-4ff0-a3c5-53a57ec85a5f","Timer4":"8c38b80a-707c-4fe7-9713-88f55da9da1e","timerViewCountUpdate":"03a4473c-e5d7-49ac-8edf-7360ba93371f","grpFunctionalTimer":"05058cf5-8037-4546-8b24-9ae78d07cf26","grpShareAndLike":"50aa64c3-ad82-4b01-8990-a2e36ace5f3d","grpVideoComments":"f9128ef8-429d-41ea-a974-eed688538648","grpRelatedVideoContent":"5fa35ebd-ed11-4c33-a897-7af9d4b8bb74","Search content screen":"cfae696f-4d8c-4005-bee5-e2db2afe27a1","Side Navigation_2":"d78cf8ae-b83c-4357-bc4b-444f6adcb808","Query Builder (Vertical)_1":"355d60ff-57be-494d-9216-0dd4def6f570","galAllContent":"2bf1961c-1959-4557-9bb4-def03c4df976","galleryTemplate5":"357ce4f0-66bf-444d-a69f-1c57d3227026","imgTileBackground":"7add3b16-c74e-4dd2-bcfd-a8b2e542f623","lblTileTitle":"c7d2e31c-f14c-42f9-875b-acb16c849040","shpTileDivider":"97dd36c7-4e2c-444d-bd3e-9ee0b430d56f","lblContentMetadata":"3f9b35c4-c6a5-45a7-ba17-a12e0adc341a","lblContentDescription":"bc600d79-e5ca-4de3-813b-17c4055b3226","btnViewSelectedContent":"3e3e3913-68eb-4360-8120-da76906eb502","lblUnusedMetadata":"12aa022a-aea1-47ec-91c5-48aa1f4300a5","icoViewSelectedContent":"d38561e8-aeb7-4b44-85b1-54f56e26142e","Zero Results Banner_1":"aebaf059-078c-4069-bf8d-212ad308d986","Selected playlist screen":"8cdcbf84-2d4c-4406-adec-70e9d929ba29","Side Navigation_3":"2e43d23e-d19a-4216-9dbf-f5cf358c419b","Navigation - Back_3":"e059b597-6b83-4cd5-b176-98a37a80ab8b","Playlist Title and Description Metadata_1":"89dc08b9-76c1-4393-907f-8e5cb814a376","Playlist Video Player_1":"f12d857f-bb0a-4d7e-a7fa-78aa3e81dac8","galPlaylistItems":"da7a31ad-859a-4eab-91c3-b4a35edf0e9f","galleryTemplate7":"221ef1eb-da63-4ded-814a-d462508b8b9e","imgPlaylistItemBg":"7198fef2-264b-4f47-8a9a-490e623fe992","lblPlaylistItemTitle":"eea781ac-3cee-403b-823c-c09eeba7f96c","shpPlaylistItemSeparator":"ac3cedf5-d287-4050-a331-996f1c315cd4","lblContentMetadata_1":"fe67c3de-5e24-4ac2-8105-add36036eb8b","btnViewPlaylistItem":"04b03c81-3ee7-4314-8455-82e1e832e26b","icoViewSelectedContent_1":"790ded1f-22cf-4862-8c54-2c75c69b1c76","All playlists screen":"05d86811-c87a-46b4-9d50-1893bb72ff75","Navigation - Side_1":"46e573ef-b53f-4e00-bdf1-577311c24243","lblAllPlaylistTitle":"32f7b265-2343-46fc-91d6-49e60d591568","galAllPlaylists":"423f40b7-f53f-4b1c-a02b-005753866e49","galleryTemplate13":"b3bc686d-c143-4644-ba25-3f69762ef958","shpAllPlaylistsbg":"e914f27c-24bf-409e-82e3-a14745082b60","lblAllPlaylistsTitle":"d9785f27-8232-4187-9516-f25c295ccd81","shpPlaylistTitleDivider":"2bb1ebf7-07e1-4b2b-9900-6243e0d7f3ad","lblAllPlaylistsMode":"45ba0d64-22dc-4df2-a639-7c429a0cb674","lblPlaylistAuthor":"4bb899d6-d91f-420f-8af3-d443749ea869","imgPlaylistAuthorIco":"2825825d-387d-40ab-90ce-07bf9b0c0fc6","imgAllPlaylistsMode":"3e37c242-e788-4551-8be0-36dd4e4216ac","lblPlaylistDesc":"aa449791-61fc-4139-844c-b5baec544142","lblAllPlaylistsDescription":"f325e362-6c06-4396-869e-129993731a10","btnNavigateAndPlayVideo_1":"55f0250e-0e2c-47a6-8b87-fff699597520","Video hub start screen":"2639f57b-e45c-4250-9696-b6cd0338ca26","Navigation - Side_2":"a9e091da-704d-4c7e-bfa4-4ba598268ec1","Start Screen - Add to Playlist_1":"ed13ac42-d2a9-4c64-902f-1be4803b9c39","Start Screen - Main Video Filter_1":"14728741-87f8-4233-be46-8b5fd508c359","galStartScreenAllContent":"739cf9d3-4297-4eac-968f-731c1050e4a9","galleryTemplate11":"52dd1d1f-56ac-4442-ab67-5b08f4fe4076","imgVidBg":"beb2f02b-63c3-467d-b5c1-ed9d8b4ef949","imgVidThumbnail":"843eba51-44d7-49d9-8eb2-2744df347fd6","shpVidModal":"f9b46f96-589a-4593-b162-ad18de04801a","icoCloseVidModal":"8c64f460-377c-4d31-a4d6-d373d1deb282","btnPlaySelectedVid":"f2a50267-2a87-4c97-adc9-72f3fef7509a","icoPlaySelectedVid":"c0003222-e02e-494c-962b-aab2a9d31291","lblVidTitle":"304ae697-0040-4cf0-b6d8-1b7860a19c89","icoAddToPlaylist":"d106c03e-f362-43b5-99dd-35f879406690","btnAddVidToPlaylist":"c4565970-8ab7-4b1e-a0b3-e8cc7d893446","btnShareSelectedVid":"ae373120-c3d6-4a8f-acfa-956f87fa39e5","icoShareSelectedVid":"fad5f8dd-f324-4dbe-bb33-716db3f2ceda","lblVidCreatedByInitials":"f167e236-c455-4cf4-b06e-3a35621fbb9a","lblVidCreatedDate":"4dd3a4c0-1b0a-48c5-bc18-637172bb606c","imgVidCreatedBg":"8161f163-f54c-447c-a657-d7ef56139db3","lblNewFeatureAnnouncement":"1564504d-ab9d-4870-93ce-914f864a8de1","btnNavigateAndPlayVideo":"7640d63d-1ea4-4cf9-a5ed-5bf9d43e7f82","icoItemFeaturesShow":"dacbc11c-918a-437b-9cd6-a4ba6b103757","lblVidMetadata":"ac26ab21-7f1a-4e73-946e-de590980a374","grpSelectedVidFeatures":"581b4f69-7d96-4aab-9762-a37ac56667b1","grpVideoMetadata":"8a1fdf8c-5c8c-4c90-913c-d992838a646a"}