{"__Version":"0.1","App":"76b7c88c-928d-455f-ac30-ded330991a8a","Test_7F478737223C4B69":"fcc99693-3311-4101-8288-db089a48c1ea","Host":"72aa411a-daae-47a6-8000-72481765ad86","Start Screen - Add to Playlist":"9d53793e-7f0f-4766-9c18-70ee3011c242","Timer3":"c40019a5-73a2-44b9-b3f9-9054c4fd584f","imgPlaylistBg":"4e8f9eb5-68c5-4f5b-a67d-7bfa6061067e","lblAdd2PlaylistModal":"31177dda-d696-4baf-8be5-43b12abe5b46","shpAdd2PlaylistDivider":"e3bc257a-c392-4bf2-9775-86c23e431f65","galUsersPlaylists":"8a5b5dd6-0589-44ef-9a80-94080412e9ce","galleryTemplate10":"d230ad6f-f1f6-48df-9619-3f6a0ef293c6","chkPlaylist":"4d10f671-e690-4c81-833f-9d2efdbe7610","Icon2":"ee3cc29f-effd-426c-a75f-6e2b2e005adc","btnAdd2Playlist":"b85bb7f0-4f9e-4832-bde0-ad566be350a4","btnCancelAdd2Playlist":"6d94feaa-342f-47ff-8c6a-1fab014404e6","Navigation - Side":"30139a63-31f1-4611-b1a4-cf5a9ac90bd2","Gallery1":"29cb5166-66c9-4501-bc8b-060cbe19cddc","galleryTemplate8":"be48fc7b-2c95-47a7-98a8-f034b69a7e8a","btnNavigate":"9b67f33b-5e8f-4a27-8ee9-0188ee259827","imgNavigationIcon":"a33336c9-e615-43af-895d-10a532d14b55","Selected Video - Player":"d60e7b32-8fce-4a4b-b7c4-2b6c9b3dea5c","vidExternal":"a4757b57-8634-44dd-8ada-ed40ed3cc27c","msftStream":"a7e9cfce-8b4e-445b-aaf5-727c7a583648","vidInternal":"014c95cd-d742-41af-aff0-4f43cb2312c9","Selected Video - Author Card":"8ddaa11c-1cee-4a8a-a3d2-07456fd21178","lblAuthorDisplayName":"420fd5f9-3005-4c21-9544-6f0e31725ab6","imgAuthor":"c19146eb-3ee8-4d3f-9c00-c40d21ffd954","lblAuthorInitial":"a4f8811f-8517-4ccb-8f7b-3b82a4ee716d","lblAuthorVideoCount":"f207000a-328e-4edc-ac74-c842867acfa5","Selected Video - Title and Description":"87250d2a-969a-4fe8-8be7-99dd08875e9d","lblMainVideoTitle":"4ebc188d-2679-42b9-af1f-129a768507c5","lblMainVideoDescription":"88b7eae9-523d-4d99-9fd9-f90486875fe8","Selected Video - Metadata":"4e75d5c1-711c-44c0-98fb-84bb4e8e3f82","lblContentViewCount":"7c791f2c-fe51-4330-afff-98df15a56893","icoContentViewCount":"fce71bc2-dd13-429f-aad1-80f3b9864838","lblContentLikeCount":"7b0501f4-1965-4e2c-af04-8cd5c1a6100e","icoContentLikeCount":"6230216b-5d9a-441c-a15f-aeb99c50d25e","lblContentCreatedDate":"2eb150a7-68c7-4ffa-b6f6-e738cd69142c","icoContentCreatedDate":"9e667d34-6369-4c22-acff-f422db3f9936","Selected Video - Sharing to Many":"4d9abb9e-abac-4477-a942-2339b515ce32","lblShareVideoTitle":"537c0d9b-8e2a-41c2-8221-43ae26465208","lblAddPerson":"2874cc2a-440f-4998-be07-866ed73681f8","txtSearchInput":"5af3b3f2-bc7d-4e3f-ab83-c5361673ef59","icoResetShare":"09308173-ccf5-4f78-8a8e-b98afd085f3f","shpPeopleDivider":"077ec81f-7647-42b8-b98d-49af6af1e1a6","lblSuggestedUsers":"22930aa5-b6c9-4aa5-9157-da09423bbab5","galShareSearchResults":"5a5bcb89-e6eb-42a8-838d-25c378896bef","galleryTemplate2":"3f9971a7-7322-42f7-8551-f45304cb16e5","imgSuggestedUser":"6983e0ad-bd18-4c48-bafd-eb480a8f0177","lblUserInitial":"c6c00162-46ac-450e-b0a7-91f1935495bd","lblShareUserName":"ef89bc8b-2f70-4395-929d-4c058471b04b","icoSharedUserSelect":"058eafaa-fb70-4437-a166-88d96a0e0c31","lblCurrentSharedList":"0a66e591-b770-44ec-bc17-13a363c505c8","galAddedUsers":"fa78d803-caea-422c-8cb1-17c19bc120a7","galleryTemplate4":"8b502c66-0340-4b79-8d96-62baf7184ae0","imgSharedUserBg":"fa93e6bf-7d87-40c3-a347-a35e792d4222","lblSharedUserInitials":"baaf58d2-659a-4293-a57c-0cba002145fe","btnShareContent":"e893ee51-dfac-4960-9241-89cbf9174ed2","btnUnshareContent":"8fb5f12d-ec72-4ae8-aa22-23f99448b87f","timClearSharedUserCollection":"d5b9555e-82d6-41ff-8bbd-9f7b19d9ce3d","grpAddUser":"d5f28491-0236-4086-91de-866313425dd8","grpSearchResults":"f9d23a5a-d7f4-45af-928a-0c4b72685d5b","grpSharedUsersCollection":"e0e9acea-3de3-423e-bde6-b36d0444bdae","grpSharedUsersButton":"a07ea218-4b4c-4334-ab22-db08b70c49e7","Navigation - Back":"4207f56d-80a5-4f37-9d4a-66e0ee2e9c21","lblBackToPrevious":"49a4b99d-0e3e-4b7a-a8f6-030eed1e1316","icoBackToPrevious":"ca11efcd-4858-4846-b49b-b4eca0a8282a","Filter - Query Builder":"dc2d8ffe-9398-46f2-a0fc-12a35a733d1b","lblAllPlaylistTitle_1":"fda53c33-7b49-4822-884c-1fd1c015d361","ddlCategoryOrProduct":"0b54898a-034d-4a50-b92d-c90391992376","lblQueryOperator":"8f4bcbaf-bd6e-412e-9034-869bfc9fffdd","ddlProduct":"7c271c13-18d6-4ae9-95f9-edd81c365d88","ddlCategory":"9e13a2c8-1a12-49f0-83dc-809d4051a1ef","radOperatorType":"0f2c4392-93c6-41e6-a29e-de09e086db10","btnAddFilter":"53dcf8b5-0716-4989-840c-8c7efd2a3b9c","icoAddRule":"e2793d68-b24a-495c-aafc-b79defceb0fe","galSearchQuery":"120bc8d7-936b-4f35-859f-e1f898a36f1a","lblSearchType":"48b5c418-6ea6-46da-9efc-6f955fc8bca3","lblSearchValue":"7ed0d22b-d139-4206-b428-628520c93c05","galleryTemplate9":"0291eb5f-5e22-4473-b4f8-4f461d74a9a8","Icon1":"5493f934-16d2-4633-8ec9-77264adf10df","btnApplyQuery":"641b3d1e-1b7e-4b36-b0dc-972647530a95","btnClearQuery":"47372c37-cd06-4470-963e-a9516a386429","Filter - Zero Results Banner":"73822c1d-c5a6-4a34-9045-162d5eafd975","Icon3":"2f3b0ba5-1b76-4e92-a1e3-d4dc028e4cf5","lblSorryTitle":"a04d7909-07f7-4810-b456-ccc591e874b3","lblSorryMessage":"75e7b8cc-4f98-418b-9223-9a82702b5154","Selected Playlist - Title and Description Metadata":"7889d707-e5d4-4979-8ba4-5dc9e68aace1","lblPlaylistTitle":"c7dab435-629e-4d44-9b54-0e276151d7d3","lblAllPlaylistsMode_3":"a4cfa020-2b64-45fa-84b3-608ebc88870c","lblAllPlaylistsMode_4":"6787668e-321e-41c6-ac7b-7db6ba51887a","lblAllPlaylistsMode_5":"99212001-594f-4993-8442-b3905ac37510","imgAllPlaylistsMode_3":"c03a8180-d94a-439e-b350-9d1cdc90072a","imgAllPlaylistsMode_4":"06a2e0f4-2795-4317-b406-2d39ee480113","imgAllPlaylistsMode_5":"6cda3be8-b9c0-44d6-a4f5-8580216fb73a","lblPlaylistDescription":"69f41dde-a6bd-4920-9657-0b4ecefca7f6","Selected Playlist - Video Player":"1461b8f9-34f4-432c-93e4-c1581a4210a0","lblPlaylistPlayerTitle":"5d6c0442-b782-447a-8f74-26fed25f6878","vidPlaylistExternalVideo":"23840134-64ca-4960-91fa-3717f90f84a7","MicrosoftStream1":"64ef338a-98c1-4c16-b081-3fbe92c29185","vidPlaylistInternalVideo":"250972fd-4929-49b4-8333-08a8011cda11","lblPlaylistVideoTitle":"77fdade0-3d7f-44ab-ab0a-ab1984a51932","lblPlaylistVideoDescription":"2a1e0264-3b39-41c9-8346-1042d8c8877c","Start Screen - Add to Playlist_1":"901f30ff-4f30-4d22-8efc-b99b295da8bf","Timer3_1":"04c65713-2444-42ce-affc-493f688e2c69","imgPlaylistBg_1":"45c0c4fa-1adb-4819-b705-17196cc24013","lblAdd2PlaylistModal_1":"095974ba-cdcc-4c99-bf83-8a7d25c9a7f0","shpAdd2PlaylistDivider_1":"40694516-b337-4c76-94ef-319643c4719b","galUsersPlaylists_1":"df113645-bb73-47cc-a159-63cc08c6aff3","galleryTemplate10_1":"cc938e22-3196-43ab-99cb-8b417205b08c","chkPlaylist_1":"04712be5-9c52-402b-98ab-93e2b63cdfb2","Icon2_1":"988743e7-5332-4051-b1ff-9cb3390e269e","btnAdd2Playlist_1":"0d2a25d8-006d-4e90-b6f8-85f7c07d2446","btnCancelAdd2Playlist_1":"d44b7c68-fdaf-42fb-9955-bd8e7558412b","Start Screen - Add to Playlist_3":"d306160e-b2c6-40b3-9b81-5be2a5a70fa5","Timer3_2":"3c8b847b-ce78-4365-b98b-13a585a11f19","imgPlaylistBg_2":"8b770d67-5954-434e-919e-8a87670185e8","lblAdd2PlaylistModal_2":"78f6d80d-0dfd-494e-8335-943d06033e3d","shpAdd2PlaylistDivider_2":"f8a927f3-f175-4232-9034-ca6f8c51cb2b","galUsersPlaylists_2":"e22565df-89f4-48bf-9863-8414d4266068","galleryTemplate10_2":"263a041f-d6e9-4a8a-aa07-9cf37c2cee97","chkPlaylist_2":"fefd28a8-662f-4c63-91d2-a0f5be000dc0","Icon2_2":"40f3df73-1789-4daa-9870-161fd05f97ab","btnAdd2Playlist_2":"54ba31be-0db2-4221-8275-014ab6907999","btnCancelAdd2Playlist_2":"19a75f6f-e5c7-48b2-bfa5-cdc35b50e236","Video hub start screen":"e02d1a42-de2b-4ee6-9fb3-c8a4faf49926","Start Screen - Add to Playlist_2":"3c6e8217-b6d2-4afd-9b69-38f7d3fc7ade","c_ActionHeader":"be87dedb-9e17-44e3-a0cb-a8ef7f3405cb","searchVideos":"a0e38367-8e41-4f95-b3e6-16bc657591dc","spinner":"6581e767-2284-442b-a8f2-8824e3dfc95f","Header":"3eff867c-2bc3-463e-aae8-dfc1d8f06357","lblHeader":"2edd95e3-aacb-4067-bd84-18769ce587dd","navStartScreen":"fcbaec50-9c79-4958-aad9-3767d78c35ce","pivotMenu":"69cc2ceb-c5ad-4cd8-b0d3-fc90d58ca3bc","galStartScreenAllContent":"3748e125-7040-4c0a-b405-bb4895741cfc","galleryTemplate11":"a1a7778e-cbed-4e00-aa41-6548a369ad5a","imgVidBg":"9e978af0-e921-4046-bdb1-cc7e044b9c0e","imgVidThumbnail":"c6274619-b956-4fd3-8502-c40928fe6fb3","imgDefault":"88e738c8-ddd3-4625-b343-92282b639879","shpVidModal":"f8e6403b-5329-483d-b62d-dc74526ae2e3","icoCloseVidModal":"a87ee46e-3075-4657-b66f-03f11978ec84","btnPlaySelectedVid":"69afe6ab-bf00-4d1b-8a03-5814f1074a7f","icoPlaySelectedVid":"9c725e90-83d9-48f7-9bfa-5c76ca742788","lblVidTitle":"ef47fb9f-8d31-431c-9471-5c6aba519e95","icoAddToPlaylist":"5de6422d-2660-491b-9d78-36537e5df764","btnAddVidToPlaylist":"a937724d-8c16-4ef6-ab1b-c004c526b0ea","btnShareSelectedVid":"79716648-3493-419c-a914-180ae3ccbc65","icoShareSelectedVid":"6889f073-dfa5-47f1-94ed-fe8bc6c7a9f9","lblVidCreatedByInitials":"e8721a1f-c30e-440c-99ab-ecbac4e59500","lblVidCreatedDate":"c6b13d60-0675-4dbe-8bff-71028a087486","imgVidCreatedBg":"a7ce35e2-35b2-4f47-8bfd-f58a7817b4df","lblNewFeatureAnnouncement":"da1efb74-e19f-4f4b-a96f-3f5e1d80fff7","btnNavigateAndPlayVideo":"2ece85c0-78a8-4af2-b342-6403aaa66171","icoItemFeaturesShow":"cdb996c8-5ff2-4ff5-8ca2-65c41de3839c","lblVidMetadata":"88a1f0ee-d53a-408e-b77f-6b07196743f8","grpVideoMetadata":"def346ac-3abc-4fad-8789-ce93200a0d18","grpSelectedVidFeatures":"aa64bfef-b5d3-4a2b-b8db-54a8ca95bd8a","c_NoVideo":"e1a33759-652d-461e-9410-9b39f5fc958c","lblNoVideo":"7eb43157-f8a1-44b5-8a9c-240827c96942","Selected video screen":"e3908fe3-288c-4f14-976c-81ef07c8f8e2","shpRelatedContentBg":"c1501610-a0c0-4cb0-8155-8cd372094b85","txtVideoCommentText":"27ccc5d4-5f62-46e9-b00b-a157a5a459ef","icoCreateComment":"438d5ee9-09df-42a8-b9e7-753f7226e15b","tmrRelatedVideo":"00f4ad8f-52ab-42ce-9ed8-fb23c4ffccef","commandBarSelectedVideoScreen":"5497f174-3b8f-4c9e-a9b6-35d86debad84","Share Main Video_1":"1c95a4a2-fba1-4f14-8266-2b80e70e7125","lblRelatedOrSimilarContent":"a4154603-9c0e-400c-8c7c-4a9614ac57a4","navSelectedVideoScreen":"d9dab7d6-4781-4bd4-88ff-4ec7d06780ef","Main Video_1":"875be7a5-bad9-4c0d-8ef0-58b93b712508","Rectangle3":"81f518c1-0ab9-49c4-813c-d8349ffb5dc6","galVideoComments":"de0db132-93b7-47af-9e51-d7dfa23cac5d","galleryTemplate1_2":"a6882660-8305-46f4-9e76-5edee4c938df","lblCommentAuthor_2":"00df1efc-8982-46b3-932d-22e02c425cae","imgCommentInitials_2":"d58811db-e1b9-4538-9143-dd1d3569bc48","lblCommentInitials_2":"fcdf7164-1272-4479-876a-ec6b7fb8a57a","lblCommentBody_4":"138b8960-e093-4eb5-a6e8-012e6dae95bb","grpCommentInitials_2":"a365927b-f790-4a09-946f-4ad914492d76","galRelatedContent_2":"8b23b9be-107d-45c4-8f85-a2d7ce7c6662","galleryTemplate6_2":"e87584e9-fdbd-495e-a4c9-2b72b8ebead8","imgRelatedContentThumbnail_2":"f1f17cbc-4854-4214-a967-6c58bc86b7e7","imgDefaultRelatedVideo":"770cfb77-1ab3-40ef-98b8-eab43b21d642","lblRelatedContentTitle_2":"df9e1f4e-664d-4fd0-aaee-cac3bce740df","lblRelateContentMetadata_2":"f5f23866-7527-43d4-b136-0680ac9f7e63","Button1_1":"3247229e-98b5-426a-afd0-4fdc4ce23901","lblNoCommentsHint":"95531e82-9f9d-4212-ac5e-38cb7a238e66","Author Card_1":"89564417-4ef4-4608-9647-71c3fbd9b251","btnLikeVideo":"23fd32f2-74e8-4ba4-9185-a1ac697e64ad","btnShareVideo":"decfb9bb-8c9a-49f2-9fed-eb7ae0623522","Main Video Title and Description_1":"b12bfec0-9b95-4b63-bf4a-845ed9e2b6b1","Main Video Metadata_1":"cc1aa580-b5d0-456f-bce1-ff9dc50f3091","timerShareUsersUpdate":"6f33dc9c-933f-45d9-997e-4666328fe276","Timer4":"e253c3a8-6161-456e-b8f8-0f45f881f477","timerViewCountUpdate":"9e3d9b92-8105-42e4-90d0-b32157c9593c","grpShareAndLike":"cf3e5bfb-bb35-41a9-80eb-abcab7c95734","grpVideoComments":"8aaf206e-f61a-450e-8bd0-cea7f58923af","grpRelatedVideoContent":"6f72ec41-df53-47b4-9d0a-e0303cae0bb9","grpFunctionalTimer":"d0d6335e-f8b0-441e-aec8-ae6080cc7209","Search content screen":"d9c1ac07-7dcc-487d-be55-eb4af6713cb7","navSearchContentScreen":"fd7cb58f-306d-4f6d-acd9-35e39a9f089c","Query Builder (Vertical)_1":"f8d9c963-16df-456f-a38f-76344f55e664","galAllContent":"46c27599-a9fd-495c-9f80-4dd8bdc4aced","galleryTemplate5":"822a42f2-6ec8-4651-9fff-47382556f9b4","imgTileBackground":"1089fdbe-a5e9-4f5f-8343-e2c7624bd0ac","lblTileTitle":"0ee4cba4-ac83-4ca8-92b9-032749489804","shpTileDivider":"233234c0-6f8b-42a8-ae87-51e389d72d3d","lblContentMetadata":"d8b52a02-9cb2-4374-bd5b-e010974f1e17","lblContentDescription":"089042e8-7c79-4673-bb1d-0839aaba05cf","btnViewSelectedContent":"4c677c98-ba3e-4fca-a77d-a0b0fe3e55ce","lblUnusedMetadata":"37974220-a78e-4096-9632-bf8e59adbd98","icoViewSelectedContent":"9f81ca9b-003f-4037-8240-16db8628baae","Zero Results Banner_1":"db3873e0-7e76-4e42-a611-d42e3825733c","All playlists screen":"a4a2b400-d12c-4ec0-b3b5-9a6185f2f09d","navAllPlaylistsScreen":"ffff0989-b8fa-4d3f-aed5-ee8b5b88d876","lblAllPlaylistTitle":"30893357-093f-4ade-96e6-cb4bbfe7bcba","galAllPlaylists":"4178a23f-1a03-4049-a200-40a33ee29579","galleryTemplate13":"174d9b1f-8e25-4f2f-8dcf-155c3f9d5d68","shpAllPlaylistsbg":"31964aec-cc7e-4fae-809f-597235fb18dd","lblAllPlaylistsTitle":"8755212c-0390-4f58-8bd7-42aa2d2f4edb","shpPlaylistTitleDivider":"0d6746c9-9f8c-4532-98e1-e384db030d2c","lblAllPlaylistsMode":"5e997d25-1227-4cf0-93dd-d9c6e002440a","lblPlaylistAuthor":"60ce5c9c-3650-4a93-a17b-46d11223ee38","imgPlaylistAuthorIco":"d7691766-a02b-49e6-907b-1540c86953ee","imgAllPlaylistsMode":"41b6f7b2-a233-4e74-9c65-f65219baabc9","lblPlaylistDesc":"f1f9644e-c017-47cc-83c4-dc9f8584b64a","lblAllPlaylistsDescription":"30054311-4a76-480f-a1b4-c57de65481e0","btnNavigateAndPlayVideo_1":"a2655f32-fb32-4eef-9cc2-fc626a1babb2","Selected playlist screen":"17485083-dcf3-45af-b331-11676f83db94","CommandBar1":"29c7f92e-ef11-402f-9478-784dc42bffa4","Playlist Title and Description Metadata_1":"dd471f91-6ea8-4e67-be55-97ba1820596c","navSelectedPlaylistScreen":"1d6b9bd7-eb94-411f-8be8-6bdbd7ca59dc","Playlist Video Player_1":"1f9529e0-725e-4e43-af91-c12c68f442ed","galPlaylistItems":"706d9520-0112-4b7d-831a-fb4ff9545e7e","galleryTemplate7":"a5b9186f-ba8e-4be6-91c1-4253d740c66e","imgPlaylistItemBg":"635b0172-2dfb-49a2-b36a-090ba2220a8b","lblPlaylistItemTitle":"2c6b6205-9286-48b9-b092-009a784b3748","shpPlaylistItemSeparator":"e126a4b4-5f0b-4cf5-b869-acdb763e8849","lblContentMetadata_1":"88a1205b-ff60-479b-9132-348cbb8630c4","btnViewPlaylistItem":"2e92afae-d69e-426f-b181-e38123bb3df0","icoViewSelectedContent_1":"394b34a6-4e22-4ce7-9568-88487781215e"}