<environmentvariabledefinition schemaname="admin_EnvRequestAutoApproveCertainGroups">
  <defaultvalue>no</defaultvalue>
  <description default="Env Request - Enable to automatically approve creation requests for certain groups">
    <label description="Env Request - Enable to automatically approve creation requests for certain groups" languagecode="1033" />
  </description>
  <displayname default="Env Request - Automatically Approve Certain Groups">
    <label description="Env Request - Automatically Approve Certain Groups" languagecode="1033" />
  </displayname>
  <introducedversion>3.53.1</introducedversion>
  <iscustomizable>1</iscustomizable>
  <isrequired>0</isrequired>
  <secretstore>0</secretstore>
  <type>100000002</type>
</environmentvariabledefinition>