<environmentvariabledefinition schemaname="admin_AppDataflowID">
  <description default="LEAVE BLANK ON IMPORT. Dataflow ID of the CoE BYODL Apps dataflow.">
    <label description="LEAVE BLANK ON IMPORT. Dataflow ID of the CoE BYODL Apps dataflow." languagecode="1033" />
  </description>
  <displayname default="App Dataflow ID">
    <label description="App Dataflow ID" languagecode="1033" />
  </displayname>
  <introducedversion>1.1</introducedversion>
  <iscustomizable>1</iscustomizable>
  <isrequired>0</isrequired>
  <secretstore>0</secretstore>
  <type>100000000</type>
</environmentvariabledefinition>