<environmentvariabledefinition schemaname="admin_ComplianceChatbotsNumberLaunches">
  <defaultvalue>50</defaultvalue>
  <description default="Compliance – If the chatbot is launched this many or more times, ask for business justification. Default 50">
    <label description="Compliance – If the chatbot is launched this many or more times, ask for business justification. Default 50" languagecode="1033" />
  </description>
  <displayname default="Compliance – Chatbots – Number Launches">
    <label description="Compliance – Chatbots – Number Launches" languagecode="1033" />
  </displayname>
  <introducedversion>3.16</introducedversion>
  <iscustomizable>1</iscustomizable>
  <isrequired>0</isrequired>
  <secretstore>0</secretstore>
  <type>100000001</type>
</environmentvariabledefinition>