<environmentvariabledefinition schemaname="admin_eMailBodyStop">
  <defaultvalue>&lt;/td&gt;                     &lt;/tr&gt;         &lt;/table&gt;     &lt;/div&gt; &lt;/body&gt;</defaultvalue>
  <description default="Inventory - Ending HTML format for eMails">
    <label description="Inventory - Ending HTML format for eMails" languagecode="1033" />
  </description>
  <displayname default="eMail Body Stop">
    <label description="eMail Body Stop" languagecode="1033" />
  </displayname>
  <introducedversion>3.19.2</introducedversion>
  <iscustomizable>1</iscustomizable>
  <isrequired>0</isrequired>
  <secretstore>0</secretstore>
  <type>100000000</type>
</environmentvariabledefinition>