{   "properties": {     "connectionReferences": {       "shared_commondataserviceforapps": {         "runtimeSource": "embedded",         "connection": {           "connectionReferenceLogicalName": "admin_CoEGovDataverse"         },         "api": {           "name": "shared_commondataserviceforapps"         }       }     },     "definition": {       "$schema": "https://schema.management.azure.com/providers/Microsoft.Logic/schemas/2016-06-01/workflowdefinition.json#",       "contentVersion": "1.0.0.0",       "parameters": {         "$connections": {           "defaultValue": {},           "type": "Object"         },         "$authentication": {           "defaultValue": {},           "type": "SecureObject"         },         "Admin eMail (admin_AdminMail)": {           "defaultValue": "PowerPlatformAdmins@powercattools.onmicrosoft.com ",           "type": "String",           "metadata": {             "schemaName": "admin_AdminMail",             "description": "Inventory - CoE Admin eMail. Email address used in flows to send notifications to admins; this should be either your email address or a distribution list"           }         },         "eMail Header Style (admin_eMailHeaderStyle)": {           "defaultValue": "<head>     <style>         body {             background-color: #efefef;             font-family: Segoe UI;             text-align: center;         }          #content {             border: 1px solid #742774;             background-color: #ffffff;             width: 650px;             margin-bottom: 50px;             display: inline-block;         }          #logo {             margin-left: 52px;             margin-top: 40px;             width: 60px;             height: 12px;         }          #header {             font-size: 24px;             margin-left: 50px;             margin-top: 20px;             margin-bottom: 20px;         }          #ribbon {             background-color: #742774;         }          #ribbonContent {             font-size: 20px;             padding-left: 30px;             padding-top: 10px;             padding-bottom: 20px;             color: white;             width: 100%;             padding-right: 10px;         }          #message>td {             font-size: 14px;             padding-left: 60px;             padding-right: 60px;             padding-top: 20px;             padding-bottom: 40px;         }          #footer>td {             font-size: 12px;             background-color: #cfcfcf;             height: 40px;             padding-top: 15px;             padding-left: 40px;             padding-bottom: 20px;         }          #form {             width: 100%;             border-collapse: collapse;         }          #app {             width: 60%;             font-size: 12px;         }          .label {             color: #5f5f5f         }          table {             border-collapse: collapse;             width: 100%;         }          th,         td {             padding: 8px;             text-align: left;             border-bottom: 1px solid #ddd;         }     </style> </head>",           "type": "String",           "metadata": {             "schemaName": "admin_eMailHeaderStyle",             "description": "Inventory - CSS/Style used for eMails"           }         },         "Admin eMail Preferred Language (admin_AdmineMailPreferredLanguage)": {           "defaultValue": "en-US",           "type": "String",           "metadata": {             "schemaName": "admin_AdmineMailPreferredLanguage",             "description": "Inventory - The preferred language for the emails sent to the admin email alias, which is specified in theAdmin eMail environment variable. Default is en-US"           }         },         "Power Automate Environment Variable (admin_PowerAutomateEnvironmentVariable)": {           "defaultValue": "https://flow.microsoft.com/manage/environments/",           "type": "String",           "metadata": {             "schemaName": "admin_PowerAutomateEnvironmentVariable",             "description": "Inventory - REQUIRED. Environment, including geographic location, for Power Automate - Ex for commercial: https://flow.microsoft.com/manage/environments/"           }         }       },       "triggers": {         "Recurrence": {           "recurrence": {             "frequency": "Day",             "interval": 1           },           "metadata": {             "operationMetadataId": "bf379018-c0e8-4dd1-9646-41c9e969c368"           },           "type": "Recurrence"         }       },       "actions": {         "Apply_to_each": {           "foreach": "@outputs('List_Approval_Responses_-_last_10_days')?['body/value']",           "actions": {             "Check_if_item_found": {               "actions": {                 "Check_Approval_Status": {                   "actions": {                     "Update_Archive_Approval_Record_-_Approve": {                       "runAfter": {},                       "metadata": {                         "operationMetadataId": "5ee9b867-7672-4113-a888-7a7b19498976"                       },                       "type": "OpenApiConnection",                       "inputs": {                         "host": {                           "connectionName": "shared_commondataserviceforapps",                           "operationId": "UpdateRecord",                           "apiId": "/providers/Microsoft.PowerApps/apis/shared_commondataserviceforapps"                         },                         "parameters": {                           "entityName": "admin_archiveapprovals",                           "recordId": "@body('Parse_JSON_-_Archive_Approval_Item')?['admin_archiveapprovalid']",                           "item/admin_approvalcomment": "@items('Apply_to_each')?['msdyn_flow_approvalresponse_comments']",                           "item/admin_approvalresponse": "@items('Apply_to_each')?['msdyn_flow_approvalresponse_response']",                           "item/admin_approvalresponsedate": "@utcNow()"                         },                         "authentication": "@parameters('$authentication')",                         "retryPolicy": {                           "type": "exponential",                           "count": 10,                           "interval": "PT10S"                         }                       }                     }                   },                   "runAfter": {                     "Get_environment_for_display_name": [                       "Succeeded"                     ]                   },                   "else": {                     "actions": {                       "Update_Archive_Approval_Record_-_Reject": {                         "runAfter": {},                         "metadata": {                           "operationMetadataId": "e9e7254d-647d-4704-957a-370ffa30dce7"                         },                         "type": "OpenApiConnection",                         "inputs": {                           "host": {                             "connectionName": "shared_commondataserviceforapps",                             "operationId": "UpdateRecord",                             "apiId": "/providers/Microsoft.PowerApps/apis/shared_commondataserviceforapps"                           },                           "parameters": {                             "entityName": "admin_archiveapprovals",                             "recordId": "@body('Parse_JSON_-_Archive_Approval_Item')?['admin_archiveapprovalid']",                             "item/admin_approvalcomment": "@items('Apply_to_each')?['msdyn_flow_approvalresponse_comments']",                             "item/admin_approvalresponse": "@items('Apply_to_each')?['msdyn_flow_approvalresponse_response']",                             "item/admin_approvalresponsedate": "@utcNow()"                           },                           "authentication": "@parameters('$authentication')",                           "retryPolicy": {                             "type": "exponential",                             "count": 10,                             "interval": "PT10S"                           }                         }                       },                       "Inactivity_Request_Rejected": {                         "runAfter": {                           "Get_Row_-_Inactivity_Request_Rejected_d": [                             "Succeeded"                           ]                         },                         "metadata": {                           "operationMetadataId": "2fa1c6e4-6b59-4b7f-82eb-86b5f6a8d5b2"                         },                         "type": "Workflow",                         "inputs": {                           "host": {                             "workflowReferenceName": "5625768c-bd3d-ec11-8c63-00224829720b"                           },                           "body": {                             "email": "@parameters('Admin eMail (admin_AdminMail)')",                             "text": "@{outputs('Get_a_row_by_ID')?['body/admin_subject']} @{body('Parse_JSON_-_Archive_Approval_Item')?['admin_appdisplayname']}",                             "text_1": "@{outputs('Get_a_row_by_ID')?['body/admin_body']}<br>\n<strong>Maker</strong>: @{body('Parse_JSON_-_Archive_Approval_Item')?['admin_appownername']}  <br>\n<strong>Display Name</strong>: @{body('Parse_JSON_-_Archive_Approval_Item')?['admin_appdisplayname']}<br>\n<strong>Environment</strong>:  @{outputs('Get_environment_for_display_name')?['body/admin_displayname']}<br>\n<strong>App ID</strong>: @{body('Parse_JSON_-_Archive_Approval_Item')?['admin_archiveapprovalid']}<br>\n<strong>Reason</strong>: @{items('Apply_to_each')?['msdyn_flow_approvalresponse_comments']} <br>",                             "email_1": "@if(equals(outputs('Get_a_row_by_ID')?['body/admin_cc'], null), '', outputs('Get_a_row_by_ID')?['body/admin_cc'])",                             "email_2": "@if(equals(outputs('Get_a_row_by_ID')?['body/admin_sendonbehalf'], null), '', outputs('Get_a_row_by_ID')?['body/admin_sendonbehalf'])",                             "email_3": "@if(equals(outputs('Get_a_row_by_ID')?['body/admin_replyto'], null), '', outputs('Get_a_row_by_ID')?['body/admin_replyto'])",                             "text_2": "@if(equals(outputs('Get_a_row_by_ID')?['body/admin_importance'], null), '', outputs('Get_a_row_by_ID')?['body/admin_importance'])"                           }                         },                         "description": "7665d2b8-6086-ed11-81ac-0022480813ff"                       },                       "Get_Row_-_Inactivity_Request_Rejected_d": {                         "actions": {                           "emailGUID_to_en-US": {                             "runAfter": {},                             "metadata": {                               "operationMetadataId": "3c46d691-0f2a-4c36-9611-c2c7de1ec33d"                             },                             "type": "Compose",                             "inputs": "7665d2b8-6086-ed11-81ac-0022480813ff"                           },                           "List_emails_for_preferred_language": {                             "runAfter": {                               "emailGUID_to_en-US": [                                 "Succeeded"                               ]                             },                             "metadata": {                               "operationMetadataId": "29188a43-3a3a-46da-a4f6-f162180d8254"                             },                             "type": "OpenApiConnection",                             "inputs": {                               "host": {                                 "connectionName": "shared_commondataserviceforapps",                                 "operationId": "ListRecords",                                 "apiId": "/providers/Microsoft.PowerApps/apis/shared_commondataserviceforapps"                               },                               "parameters": {                                 "entityName": "admin_customizedemails",                                 "$select": "admin_customizedemailid",                                 "$filter": "admin_basedon eq '@{outputs('emailGUID_to_en-US')}' and admin_language eq '@{parameters('Admin eMail Preferred Language (admin_AdmineMailPreferredLanguage)')}'"                               },                               "authentication": "@parameters('$authentication')"                             }                           },                           "Set_emailGUID_to_localized_row": {                             "runAfter": {                               "List_emails_for_preferred_language": [                                 "Succeeded"                               ]                             },                             "metadata": {                               "operationMetadataId": "1e1c0a09-41a6-4b3d-a558-df89f10ca738"                             },                             "type": "SetVariable",                             "inputs": {                               "name": "emailGUID",                               "value": "@{if(greater(length(outputs('List_emails_for_preferred_language')?['body/value']), 0), first(body('List_emails_for_preferred_language')?['value'])['admin_customizedemailid'], outputs('emailGUID_to_en-US'))}"                             },                             "description": "if(greater(length(outputs('List_emails_for_preferred_language')?['body/value']),0), first(body('List_emails_for_preferred_language')?['value'])['admin_customizedemailid'], outputs('emailGUID_to_en-US'))"                           },                           "Get_a_row_by_ID": {                             "runAfter": {                               "Set_emailGUID_to_localized_row": [                                 "Succeeded"                               ]                             },                             "metadata": {                               "operationMetadataId": "c34df6f5-d327-47a2-8e25-e33c207762e2"                             },                             "type": "OpenApiConnection",                             "inputs": {                               "host": {                                 "connectionName": "shared_commondataserviceforapps",                                 "operationId": "GetItem",                                 "apiId": "/providers/Microsoft.PowerApps/apis/shared_commondataserviceforapps"                               },                               "parameters": {                                 "entityName": "admin_customizedemails",                                 "recordId": "@variables('emailGUID')",                                 "$select": "admin_body, admin_cc, admin_replyto, admin_sendonbehalf, admin_subject, admin_importance"                               },                               "authentication": "@parameters('$authentication')"                             }                           }                         },                         "runAfter": {                           "Update_Archive_Approval_Record_-_Reject": [                             "Succeeded"                           ]                         },                         "metadata": {                           "operationMetadataId": "74c8fe2a-d9bd-4ab1-a2a7-1ceffc6c9c18"                         },                         "type": "Scope"                       }                     }                   },                   "expression": {                     "equals": [                       "@items('Apply_to_each')?['msdyn_flow_approvalresponse_response']",                       "Approve"                     ]                   },                   "metadata": {                     "operationMetadataId": "87ea0938-a3a5-4a0d-8439-27627711df26"                   },                   "type": "If"                 },                 "Get_Env_ID": {                   "runAfter": {                     "Parse_JSON_-_Archive_Approval_Item": [                       "Succeeded"                     ]                   },                   "metadata": {                     "operationMetadataId": "34905de3-5e80-42c7-9aa3-d7d484b11d5f"                   },                   "type": "Compose",                   "inputs": "@substring(body('Parse_JSON_-_Archive_Approval_Item')?['admin_appenvironmentname'], sub(length(body('Parse_JSON_-_Archive_Approval_Item')?['admin_appenvironmentname']), 36), 36)",                   "description": "substring(body('Parse_JSON_-_Archive_Approval_Item')?['admin_appenvironmentname'], sub(length(body('Parse_JSON_-_Archive_Approval_Item')?['admin_appenvironmentname']), 36), 36)"                 },                 "Get_environment_for_display_name": {                   "runAfter": {                     "Get_Env_ID": [                       "Succeeded"                     ]                   },                   "metadata": {                     "operationMetadataId": "514d5065-0d4a-4b75-bab8-2d5788690f29"                   },                   "type": "OpenApiConnection",                   "inputs": {                     "host": {                       "connectionName": "shared_commondataserviceforapps",                       "operationId": "GetItem",                       "apiId": "/providers/Microsoft.PowerApps/apis/shared_commondataserviceforapps"                     },                     "parameters": {                       "entityName": "admin_environments",                       "recordId": "@outputs('Get_Env_ID')",                       "$select": "admin_displayname"                     },                     "authentication": "@parameters('$authentication')",                     "retryPolicy": {                       "type": "exponential",                       "count": 10,                       "interval": "PT10S"                     }                   }                 },                 "Parse_JSON_-_Archive_Approval_Item": {                   "runAfter": {},                   "metadata": {                     "operationMetadataId": "b99567b7-f616-4588-b8f5-83a8636539db"                   },                   "type": "ParseJson",                   "inputs": {                     "content": "@first(body('Filter_Archive_Approval_to_get_current_item'))",                     "schema": {                       "properties": {                         "@@odata.etag": {                           "type": "string"                         },                         "@@odata.id": {                           "type": "string"                         },                         "ItemInternalId": {                           "type": "string"                         },                         "_createdby_type": {                           "type": "string"                         },                         "_createdby_value": {                           "type": "string"                         },                         "_modifiedby_type": {                           "type": "string"                         },                         "_modifiedby_value": {                           "type": "string"                         },                         "_ownerid_type": {                           "type": "string"                         },                         "_ownerid_value": {                           "type": "string"                         },                         "_owningbusinessunit_type": {                           "type": "string"                         },                         "_owningbusinessunit_value": {                           "type": "string"                         },                         "_statecode_label": {                           "type": "string"                         },                         "_statuscode_label": {                           "type": "string"                         },                         "admin_appdisplayname": {                           "type": "string"                         },                         "admin_appenvironmentname": {                           "type": "string"                         },                         "admin_appname": {                           "type": "string"                         },                         "admin_appowneremail": {                           "type": "string"                         },                         "admin_appownername": {                           "type": "string"                         },                         "admin_appreadonlyvalue": {                           "type": "string"                         },                         "admin_approvalid": {                           "type": "string"                         },                         "admin_archiveapprovalid": {                           "type": "string"                         },                         "admin_name": {                           "type": "string"                         },                         "createdon": {                           "type": "string"                         },                         "modifiedon": {                           "type": "string"                         },                         "statecode": {                           "type": "integer"                         },                         "statuscode": {                           "type": "integer"                         },                         "versionnumber": {                           "type": "integer"                         },                         "cr5d5_archivalitemtype": {                           "type": "integer"                         }                       },                       "type": "object"                     }                   }                 },                 "Clear_Ignored_Since": {                   "actions": {                     "Clear_Ignore_Date_-_FLOW": {                       "runAfter": {},                       "metadata": {                         "operationMetadataId": "04ba0d1e-d6a2-40c6-9862-02af3f61abe3"                       },                       "type": "OpenApiConnection",                       "inputs": {                         "host": {                           "connectionName": "shared_commondataserviceforapps",                           "operationId": "UpdateRecord",                           "apiId": "/providers/Microsoft.PowerApps/apis/shared_commondataserviceforapps"                         },                         "parameters": {                           "entityName": "admin_flows",                           "recordId": "@body('Parse_JSON_-_Archive_Approval_Item')?['admin_appname']",                           "item/admin_flowarchiverequestignoredsince": "@null"                         },                         "authentication": "@parameters('$authentication')"                       }                     }                   },                   "runAfter": {                     "Check_Approval_Status": [                       "Succeeded"                     ]                   },                   "else": {                     "actions": {                       "Clear_Ignore_Date_-_APP": {                         "runAfter": {},                         "metadata": {                           "operationMetadataId": "9f8a0823-4a12-49a2-aeee-006f28ebf040"                         },                         "type": "OpenApiConnection",                         "inputs": {                           "host": {                             "connectionName": "shared_commondataserviceforapps",                             "operationId": "UpdateRecord",                             "apiId": "/providers/Microsoft.PowerApps/apis/shared_commondataserviceforapps"                           },                           "parameters": {                             "entityName": "admin_apps",                             "recordId": "@body('Parse_JSON_-_Archive_Approval_Item')?['admin_appname']",                             "item/admin_apparchiverequestignoredsince": "@null"                           },                           "authentication": "@parameters('$authentication')"                         }                       }                     }                   },                   "expression": {                     "equals": [                       "@body('Parse_JSON_-_Archive_Approval_Item')?['cr5d5_archivalitemtype']",                       129260000                     ]                   },                   "metadata": {                     "operationMetadataId": "a131220e-bca1-4419-aa62-090b61adbbb8"                   },                   "type": "If"                 }               },               "runAfter": {                 "Filter_Archive_Approval_to_get_current_item": [                   "Succeeded"                 ]               },               "expression": {                 "not": {                   "equals": [                     "@length(body('Filter_Archive_Approval_to_get_current_item'))",                     0                   ]                 }               },               "metadata": {                 "operationMetadataId": "3ed47a97-ba61-4f7f-a710-0f1b045d1b67"               },               "type": "If",               "description": "If nothing found, then this is an approval outside of the context of our CoE"             },             "Filter_Archive_Approval_to_get_current_item": {               "runAfter": {},               "metadata": {                 "operationMetadataId": "ff6762aa-e0e6-4612-84f8-971e4628015c"               },               "type": "Query",               "inputs": {                 "from": "@outputs('List_Archive_Approval_Tasks')?['body/value']",                 "where": "@equals(item()?['admin_approvalid'], toLower(items('Apply_to_each')?['msdyn_flow_approvalresponseidx_approvalid']))"               }             }           },           "runAfter": {             "List_Archive_Approval_Tasks": [               "Succeeded"             ]           },           "metadata": {             "operationMetadataId": "6ab26006-e7b9-4deb-9b9d-5aca73059ceb"           },           "type": "Foreach"         },         "Initialize_adminMail": {           "runAfter": {             "List_Approval_Responses_-_last_10_days": [               "Succeeded"             ]           },           "metadata": {             "operationMetadataId": "c0ca02a6-25c6-4bb4-81f5-ec3a57df07af"           },           "type": "InitializeVariable",           "inputs": {             "variables": [               {                 "name": "adminMail",                 "type": "string",                 "value": "@parameters('Admin eMail (admin_AdminMail)')"               }             ]           }         },         "Initialize_htmlHeader_(style)": {           "runAfter": {             "Initialize_adminMail": [               "Succeeded"             ]           },           "metadata": {             "operationMetadataId": "83f1b44c-3700-4482-b20c-2af18eb598c1"           },           "type": "InitializeVariable",           "inputs": {             "variables": [               {                 "name": "htmlHeader",                 "type": "string",                 "value": "@parameters('eMail Header Style (admin_eMailHeaderStyle)')"               }             ]           }         },         "Initialize_logoUrl": {           "runAfter": {             "Initialize_htmlHeader_(style)": [               "Succeeded"             ]           },           "metadata": {             "operationMetadataId": "e7f189ab-a4e3-4e96-9920-e185a554cb60"           },           "type": "InitializeVariable",           "inputs": {             "variables": [               {                 "name": "logoUrl",                 "type": "string",                 "value": "http://pngimg.com/uploads/microsoft/microsoft_PNG16.png"               }             ]           }         },         "List_Approval_Responses_-_last_10_days": {           "runAfter": {             "Renaming_notification": [               "Succeeded"             ]           },           "metadata": {             "operationMetadataId": "964ad8fe-b597-4d60-911b-eda8c6c25289"           },           "type": "OpenApiConnection",           "inputs": {             "host": {               "connectionName": "shared_commondataserviceforapps",               "operationId": "ListRecords",               "apiId": "/providers/Microsoft.PowerApps/apis/shared_commondataserviceforapps"             },             "parameters": {               "entityName": "msdyn_flow_approvalresponses",               "$select": "msdyn_flow_approvalresponseidx_approvalid, msdyn_flow_approvalresponse_response, msdyn_flow_approvalresponse_comments",               "$filter": "createdon gt @{addDays(utcNow(), -10)}"             },             "authentication": "@parameters('$authentication')",             "retryPolicy": {               "type": "exponential",               "count": 10,               "interval": "PT10S"             }           },           "runtimeConfiguration": {             "paginationPolicy": {               "minimumItemCount": 100000             }           }         },         "List_Archive_Approval_Tasks": {           "runAfter": {             "Initialize_emailGUID": [               "Succeeded"             ]           },           "metadata": {             "operationMetadataId": "780fc03d-d8bf-4808-a6d1-44b134293542"           },           "type": "OpenApiConnection",           "inputs": {             "host": {               "connectionName": "shared_commondataserviceforapps",               "operationId": "ListRecords",               "apiId": "/providers/Microsoft.PowerApps/apis/shared_commondataserviceforapps"             },             "parameters": {               "entityName": "admin_archiveapprovals",               "$select": "admin_approvalid, admin_archiveapprovalid, admin_appdisplayname, admin_appownername, admin_appowneremail, admin_appenvironmentname, cr5d5_archivalitemtype, admin_appname",               "$filter": "admin_approvalresponse eq null"             },             "authentication": "@parameters('$authentication')",             "retryPolicy": {               "type": "exponential",               "count": 10,               "interval": "PT10S"             }           },           "runtimeConfiguration": {             "paginationPolicy": {               "minimumItemCount": 100000             }           }         },         "Renaming_notification": {           "runAfter": {},           "metadata": {             "operationMetadataId": "2d0e1eb5-5e6d-4f40-a950-82c0c6bd0136"           },           "type": "Compose",           "inputs": "In order to avoid confusion we have now renamed this area from referencing Archivals to referencing Inactivity notifications\nThis flow was previously called: Admin | Archive and Clean Up v2 (Check Approval)"         },         "Initialize_emailGUID": {           "runAfter": {             "Initialize_logoUrl": [               "Succeeded"             ]           },           "metadata": {             "operationMetadataId": "dad8eca6-7937-47c0-aa57-f2d48dd1c5a2"           },           "type": "InitializeVariable",           "inputs": {             "variables": [               {                 "name": "emailGUID",                 "type": "string"               }             ]           }         },         "Error_Handling": {           "actions": {             "Create_a_new_record_-_Sync_Flow_Errors": {               "runAfter": {},               "metadata": {                 "operationMetadataId": "87961ff0-e261-4890-9ab9-a53f88fe0de5"               },               "type": "OpenApiConnection",               "inputs": {                 "host": {                   "connectionName": "shared_commondataserviceforapps",                   "operationId": "CreateRecord",                   "apiId": "/providers/Microsoft.PowerApps/apis/shared_commondataserviceforapps"                 },                 "parameters": {                   "entityName": "admin_syncflowerrorses",                   "item/admin_name": "@workflow()?['tags']['flowDisplayName']",                   "item/admin_flowinstanceurl": "@concat(parameters('Power Automate Environment Variable (admin_PowerAutomateEnvironmentVariable)'), workflow()?['tags']['environmentName'], '/flows/', workflow()?['name'], '/runs/', workflow()?['run']['name'])"                 },                 "authentication": "@parameters('$authentication')",                 "retryPolicy": {                   "type": "exponential",                   "count": 10,                   "interval": "PT10S"                 }               }             },             "Terminate": {               "runAfter": {                 "Update_Last_Run_Fail": [                   "Succeeded"                 ]               },               "metadata": {                 "operationMetadataId": "9e5a2a18-dba2-47a1-96d5-3356f4348e5a"               },               "type": "Terminate",               "inputs": {                 "runStatus": "Failed",                 "runError": {                   "code": "500",                   "message": "Get Environments Failed"                 }               }             },             "Get_ID_Fail": {               "runAfter": {                 "Create_a_new_record_-_Sync_Flow_Errors": [                   "Succeeded"                 ]               },               "metadata": {                 "operationMetadataId": "47329bf2-8aac-400d-9778-a793b4f1180f"               },               "type": "OpenApiConnection",               "inputs": {                 "host": {                   "connectionName": "shared_commondataserviceforapps",                   "operationId": "ListRecords",                   "apiId": "/providers/Microsoft.PowerApps/apis/shared_commondataserviceforapps"                 },                 "parameters": {                   "entityName": "admin_coesolutionmetadatas",                   "$select": "admin_coesolutionmetadataid",                   "$filter": "admin_objectname eq '@{workflow()?['tags']['flowDisplayName']}'",                   "$top": 1                 },                 "authentication": "@parameters('$authentication')"               }             },             "Update_Last_Run_Fail": {               "runAfter": {                 "Get_ID_Fail": [                   "Succeeded"                 ]               },               "metadata": {                 "operationMetadataId": "c63eb7cc-6101-4567-b520-a4a8881264e9"               },               "type": "OpenApiConnection",               "inputs": {                 "host": {                   "connectionName": "shared_commondataserviceforapps",                   "operationId": "UpdateRecord",                   "apiId": "/providers/Microsoft.PowerApps/apis/shared_commondataserviceforapps"                 },                 "parameters": {                   "entityName": "admin_coesolutionmetadatas",                   "recordId": "@first(outputs('Get_ID_Fail')?['body/value'])?['admin_coesolutionmetadataid']",                   "item/admin_lastrun": "@utcNow()",                   "item/admin_lastrunpassed": false                 },                 "authentication": "@parameters('$authentication')"               }             }           },           "runAfter": {             "Apply_to_each": [               "Failed"             ]           },           "metadata": {             "operationMetadataId": "38ae684e-622d-42ea-abd2-ee571aee3a5f"           },           "type": "Scope"         },         "Update_last_run_as_pass": {           "actions": {             "Update_Last_Run_Successful": {               "runAfter": {                 "Get_ID_Pass": [                   "Succeeded"                 ]               },               "metadata": {                 "operationMetadataId": "78ef70e5-7f67-4737-9a02-8533f12caa19"               },               "type": "OpenApiConnection",               "inputs": {                 "host": {                   "connectionName": "shared_commondataserviceforapps",                   "operationId": "UpdateRecord",                   "apiId": "/providers/Microsoft.PowerApps/apis/shared_commondataserviceforapps"                 },                 "parameters": {                   "entityName": "admin_coesolutionmetadatas",                   "recordId": "@first(outputs('Get_ID_Pass')?['body/value'])?['admin_coesolutionmetadataid']",                   "item/admin_lastrun": "@utcNow()",                   "item/admin_lastrunpassed": true                 },                 "authentication": "@parameters('$authentication')"               }             },             "Get_ID_Pass": {               "runAfter": {},               "metadata": {                 "operationMetadataId": "f4f314b6-89d3-4056-af1c-73115e7d6bd1"               },               "type": "OpenApiConnection",               "inputs": {                 "host": {                   "connectionName": "shared_commondataserviceforapps",                   "operationId": "ListRecords",                   "apiId": "/providers/Microsoft.PowerApps/apis/shared_commondataserviceforapps"                 },                 "parameters": {                   "entityName": "admin_coesolutionmetadatas",                   "$select": "admin_coesolutionmetadataid",                   "$filter": "admin_objectname eq '@{workflow()?['tags']['flowDisplayName']}'",                   "$top": 1                 },                 "authentication": "@parameters('$authentication')"               }             },             "Catch_-_not_ready_to_take_last_run_date": {               "runAfter": {                 "Update_Last_Run_Successful": [                   "Failed"                 ]               },               "metadata": {                 "operationMetadataId": "f88cdefe-c402-49d7-8f4a-934475e6f741"               },               "type": "Compose",               "inputs": "Catch - not ready to take last run date"             }           },           "runAfter": {             "Error_Handling": [               "Skipped"             ]           },           "metadata": {             "operationMetadataId": "5c140442-d939-4ca4-8ec8-d1ee2bed4a81"           },           "type": "Scope"         }       },       "outputs": {}     },     "templateName": ""   },   "schemaVersion": "1.0.0.0" }
