{   "properties": {     "connectionReferences": {       "shared_commondataserviceforapps_1": {         "runtimeSource": "embedded",         "connection": {           "connectionReferenceLogicalName": "admin_CoEGovDataverse"         },         "api": {           "name": "shared_commondataserviceforapps"         }       },       "shared_commondataserviceforapps": {         "runtimeSource": "embedded",         "connection": {           "connectionReferenceLogicalName": "admin_CoECoreDataverse"         },         "api": {           "name": "shared_commondataserviceforapps"         }       },       "shared_office365users": {         "runtimeSource": "embedded",         "connection": {           "connectionReferenceLogicalName": "new_CoEGovO365Users"         },         "api": {           "name": "shared_office365users"         }       }     },     "definition": {       "$schema": "https://schema.management.azure.com/providers/Microsoft.Logic/schemas/2016-06-01/workflowdefinition.json#",       "contentVersion": "1.0.0.0",       "parameters": {         "$connections": {           "defaultValue": {},           "type": "Object"         },         "$authentication": {           "defaultValue": {},           "type": "SecureObject"         },         "Admin eMail (admin_AdminMail)": {           "defaultValue": "PowerPlatformAdmins@powercattools.onmicrosoft.com",           "type": "String",           "metadata": {             "schemaName": "admin_AdminMail",             "description": "Inventory - CoE Admin eMail. Email address used in flows to send notifications to admins; this should be either your email address or a distribution list"           }         },         "ProductionEnvironment (admin_ProductionEnvironment)": {           "defaultValue": true,           "type": "Bool",           "metadata": {             "schemaName": "admin_ProductionEnvironment",             "description": "Inventory - Yes by default. Set to No if you are creating a dev type envt. This will allow some flows to set target users to the admin instead of resource owners"           }         },         "Admin eMail Preferred Language (admin_AdmineMailPreferredLanguage)": {           "defaultValue": "en-US",           "type": "String",           "metadata": {             "schemaName": "admin_AdmineMailPreferredLanguage",             "description": "Inventory - The preferred language for the emails sent to the admin email alias, which is specified in theAdmin eMail environment variable. Default is en-US"           }         },         "Power Automate Environment Variable (admin_PowerAutomateEnvironmentVariable)": {           "defaultValue": "https://flow.microsoft.com/manage/environments/",           "type": "String",           "metadata": {             "schemaName": "admin_PowerAutomateEnvironmentVariable",             "description": "Inventory - REQUIRED. Environment, including geographic location, for Power Automate - Ex for commercial: https://flow.microsoft.com/manage/environments/"           }         }       },       "triggers": {         "Recurrence": {           "recurrence": {             "frequency": "Week",             "interval": 1           },           "metadata": {             "operationMetadataId": "52b0baf1-edbd-4192-82a4-38efe3ab6825"           },           "type": "Recurrence"         }       },       "actions": {         "Apply_to_each_M1_Manager": {           "foreach": "@variables('DistinctM1List')",           "actions": {             "Apply_to_each_Employee": {               "foreach": "@outputs('Get_Employees')?['body/value']",               "actions": {                 "Apply_to_each_App": {                   "foreach": "@outputs('Get_Old_Apps')?['body/value']",                   "actions": {                     "Append_to_array_variable_-_appList": {                       "runAfter": {},                       "metadata": {                         "operationMetadataId": "bad9fd04-7b70-496e-9530-83c365c6e611"                       },                       "type": "AppendToArrayVariable",                       "inputs": {                         "name": "appList",                         "value": {                           "App Name": "@items('Apply_to_each_App')?['admin_displayname']",                           "Employee": "@items('Apply_to_each_Employee')?['admin_displayname']",                           "Environment": "@items('Apply_to_each_App')?['admin_appenvironment/admin_displayname']",                           "Ignored Since": "@formatDateTime(items('Apply_to_each_App')?['admin_apparchiverequestignoredsince'], 'D')"                         }                       }                     }                   },                   "runAfter": {                     "Get_Old_Apps": [                       "Succeeded"                     ]                   },                   "metadata": {                     "operationMetadataId": "12670626-f5a9-4fe0-a474-0d8c0b0e2ff5"                   },                   "type": "Foreach"                 },                 "Apply_to_each_Flow": {                   "foreach": "@outputs('Get_Old_Flows')?['body/value']",                   "actions": {                     "Append_to_array_variable_-_flowList": {                       "runAfter": {},                       "metadata": {                         "operationMetadataId": "dbc93517-e6cc-4bb1-a87e-417a0ef34631"                       },                       "type": "AppendToArrayVariable",                       "inputs": {                         "name": "flowList",                         "value": {                           "Employee": "@items('Apply_to_each_Employee')?['admin_displayname']",                           "Environment": "@items('Apply_to_each_Flow')?['admin_flowenvironment/admin_displayname']",                           "Flow Name": "@items('Apply_to_each_Flow')?['admin_displayname']",                           "Ignored Since": "@formatDateTime(items('Apply_to_each_Flow')?['admin_flowarchiverequestignoredsince'], 'D')"                         }                       }                     }                   },                   "runAfter": {                     "Get_Old_Flows": [                       "Succeeded"                     ]                   },                   "metadata": {                     "operationMetadataId": "2b51d805-fb2d-4f33-95b1-ac249e04fe29"                   },                   "type": "Foreach"                 },                 "Get_Old_Apps": {                   "runAfter": {},                   "metadata": {                     "operationMetadataId": "129b2b67-568b-4a3b-b97a-66d80f45f66a"                   },                   "type": "OpenApiConnection",                   "inputs": {                     "host": {                       "connectionName": "shared_commondataserviceforapps_1",                       "operationId": "ListRecords",                       "apiId": "/providers/Microsoft.PowerApps/apis/shared_commondataserviceforapps"                     },                     "parameters": {                       "entityName": "admin_apps",                       "$select": "admin_apparchiverequestignoredsince,admin_displayname",                       "$filter": "admin_apparchiverequestignoredsince lt @{body('Get_past_time')} and _admin_appowner_value eq @{items('Apply_to_each_Employee')?['admin_makerid']} and admin_appdeleted ne true and admin_appexcusedfromarchival ne true and admin_AppEnvironment/admin_excusefromarchivalflows ne true and admin_AppEnvironment/admin_environmentdeleted ne true and _admin_appenvironment_value ne null",                       "$expand": "admin_AppEnvironment($select=admin_displayname)"                     },                     "authentication": "@parameters('$authentication')"                   },                   "runtimeConfiguration": {                     "paginationPolicy": {                       "minimumItemCount": 100000                     }                   }                 },                 "Get_Old_Flows": {                   "runAfter": {                     "Apply_to_each_App": [                       "Succeeded"                     ]                   },                   "metadata": {                     "operationMetadataId": "39654742-842d-445a-a709-5ec78d259c99"                   },                   "type": "OpenApiConnection",                   "inputs": {                     "host": {                       "connectionName": "shared_commondataserviceforapps_1",                       "operationId": "ListRecords",                       "apiId": "/providers/Microsoft.PowerApps/apis/shared_commondataserviceforapps"                     },                     "parameters": {                       "entityName": "admin_flows",                       "$select": "admin_flowarchiverequestignoredsince,admin_displayname",                       "$filter": "admin_flowarchiverequestignoredsince lt @{body('Get_past_time')} and _admin_derivedowner_value eq @{items('Apply_to_each_Employee')?['admin_makerid']} and admin_flowdeleted ne true and admin_flowexcusedfromarchival ne true and admin_FlowEnvironment/admin_excusefromarchivalflows ne true and admin_FlowEnvironment/admin_environmentdeleted ne true  and _admin_flowenvironment_value ne null and admin_flowispublished ne false",                       "$expand": "admin_FlowEnvironment($select=admin_displayname)"                     },                     "authentication": "@parameters('$authentication')"                   },                   "runtimeConfiguration": {                     "paginationPolicy": {                       "minimumItemCount": 100000                     }                   }                 }               },               "runAfter": {                 "Get_Employees": [                   "Succeeded"                 ]               },               "metadata": {                 "operationMetadataId": "1060323f-b0a1-4ef0-8dca-6977de651061"               },               "type": "Foreach"             },             "Send_mail_if_either_array_non-empty": {               "actions": {                 "Create_HTML_table_of_Apps": {                   "runAfter": {},                   "metadata": {                     "operationMetadataId": "d70567b4-166f-40ae-bb3a-8d21a055dd7b"                   },                   "type": "Table",                   "inputs": {                     "from": "@variables('appList')",                     "format": "HTML"                   }                 },                 "Create_HTML_table_of_Flows": {                   "runAfter": {                     "Create_HTML_table_of_Apps": [                       "Succeeded"                     ]                   },                   "metadata": {                     "operationMetadataId": "1d6a26f1-7c47-42a0-b8e0-bafa98450a86"                   },                   "type": "Table",                   "inputs": {                     "from": "@variables('flowList')",                     "format": "HTML"                   }                 },                 "Get_Row_-_Stale_Objects_Sent_to_Manager": {                   "actions": {                     "emailGUID_to_en-US": {                       "runAfter": {},                       "metadata": {                         "operationMetadataId": "3c46d691-0f2a-4c36-9611-c2c7de1ec33d"                       },                       "type": "Compose",                       "inputs": "a7bfd0b1-6086-ed11-81ac-0022480813ff"                     },                     "List_emails_for_preferred_language": {                       "runAfter": {                         "emailGUID_to_en-US": [                           "Succeeded"                         ]                       },                       "metadata": {                         "operationMetadataId": "29188a43-3a3a-46da-a4f6-f162180d8254"                       },                       "type": "OpenApiConnection",                       "inputs": {                         "host": {                           "connectionName": "shared_commondataserviceforapps",                           "operationId": "ListRecords",                           "apiId": "/providers/Microsoft.PowerApps/apis/shared_commondataserviceforapps"                         },                         "parameters": {                           "entityName": "admin_customizedemails",                           "$select": "admin_customizedemailid",                           "$filter": "admin_basedon eq '@{outputs('emailGUID_to_en-US')}' and admin_language eq '@{if(equals(outputs('Get_manager_profile')?['body/preferredLanguage'], null), parameters('Admin eMail Preferred Language (admin_AdmineMailPreferredLanguage)'), outputs('manager_preferred_language'))}'"                         },                         "authentication": "@parameters('$authentication')"                       }                     },                     "Set_emailGUID_to_localized_row": {                       "runAfter": {                         "List_emails_for_preferred_language": [                           "Succeeded"                         ]                       },                       "metadata": {                         "operationMetadataId": "1e1c0a09-41a6-4b3d-a558-df89f10ca738"                       },                       "type": "SetVariable",                       "inputs": {                         "name": "emailGUID",                         "value": "@{if(greater(length(outputs('List_emails_for_preferred_language')?['body/value']), 0), first(body('List_emails_for_preferred_language')?['value'])['admin_customizedemailid'], outputs('emailGUID_to_en-US'))}"                       },                       "description": "if(greater(length(outputs('List_emails_for_preferred_language')?['body/value']),0), first(body('List_emails_for_preferred_language')?['value'])['admin_customizedemailid'], outputs('emailGUID_to_en-US'))"                     },                     "Get_a_row_by_ID": {                       "runAfter": {                         "Set_emailGUID_to_localized_row": [                           "Succeeded"                         ]                       },                       "metadata": {                         "operationMetadataId": "c34df6f5-d327-47a2-8e25-e33c207762e2"                       },                       "type": "OpenApiConnection",                       "inputs": {                         "host": {                           "connectionName": "shared_commondataserviceforapps",                           "operationId": "GetItem",                           "apiId": "/providers/Microsoft.PowerApps/apis/shared_commondataserviceforapps"                         },                         "parameters": {                           "entityName": "admin_customizedemails",                           "recordId": "@variables('emailGUID')",                           "$select": "admin_body, admin_cc, admin_replyto, admin_sendonbehalf, admin_subject, admin_importance"                         },                         "authentication": "@parameters('$authentication')"                       }                     }                   },                   "runAfter": {                     "Get_manager_info_for_mail": [                       "Succeeded"                     ]                   },                   "metadata": {                     "operationMetadataId": "74c8fe2a-d9bd-4ab1-a2a7-1ceffc6c9c18"                   },                   "type": "Scope"                 },                 "Get_manager_info_for_mail": {                   "actions": {                     "Get_manager_profile": {                       "runAfter": {},                       "metadata": {                         "operationMetadataId": "329db7b0-f726-4e16-a10d-94a507f3dbea"                       },                       "type": "OpenApiConnection",                       "inputs": {                         "host": {                           "connectionName": "shared_office365users",                           "operationId": "UserProfile_V2",                           "apiId": "/providers/Microsoft.PowerApps/apis/shared_office365users"                         },                         "parameters": {                           "id": "@items('Apply_to_each_M1_Manager')['Manager']"                         },                         "authentication": "@parameters('$authentication')"                       }                     },                     "manager_preferred_language": {                       "runAfter": {                         "Get_manager_profile": [                           "Succeeded"                         ]                       },                       "metadata": {                         "operationMetadataId": "7063833e-c3bf-4c3c-8dc7-6f1557c7f3c6"                       },                       "type": "Compose",                       "inputs": "@if(equals(outputs('Get_manager_profile')?['body/preferredLanguage'], null), 'en-US', outputs('Get_manager_profile')?['body/preferredLanguage'])"                     }                   },                   "runAfter": {                     "Create_HTML_table_of_Flows": [                       "Succeeded"                     ]                   },                   "metadata": {                     "operationMetadataId": "aa5dd4f9-74b4-428a-add4-1daf67d65421"                   },                   "type": "Scope"                 },                 "Stale_Objects_Sent_to_Manager": {                   "runAfter": {                     "Get_Row_-_Stale_Objects_Sent_to_Manager": [                       "Succeeded"                     ]                   },                   "metadata": {                     "operationMetadataId": "1f00e4f4-df78-4fe5-840b-a48b11c027d0"                   },                   "type": "Workflow",                   "inputs": {                     "host": {                       "workflowReferenceName": "5625768c-bd3d-ec11-8c63-00224829720b"                     },                     "body": {                       "email": "@if(equals(parameters('ProductionEnvironment (admin_ProductionEnvironment)'), true),  items('Apply_to_each_M1_Manager')['Manager'], parameters('Admin eMail (admin_AdminMail)'))",                       "text": "@outputs('Get_a_row_by_ID')?['body/admin_subject']",                       "text_1": "@{outputs('Get_a_row_by_ID')?['body/admin_body']}<br>\n@{if(equals(variables('CleanUpAppURL'), ''), 'Please ask them to go and approve or reject these requests:', concat('You may find this app useful in encouraging them to respond. <a href=', variables('CleanUpAppURL'), '&amp;SelectUsers=1', '> Cleanup Old Objects App </a>.'))}\n<br><br>\n<b>APPS</b><br>\n@{body('Create_HTML_table_of_Apps')}<br><br>\n<b>FLOWS</b><br>\n@{body('Create_HTML_table_of_Flows')}",                       "email_1": "@if(equals(outputs('Get_a_row_by_ID')?['body/admin_cc'], null), '', outputs('Get_a_row_by_ID')?['body/admin_cc'])",                       "email_2": "@if(equals(outputs('Get_a_row_by_ID')?['body/admin_sendonbehalf'], null), '', outputs('Get_a_row_by_ID')?['body/admin_sendonbehalf'])",                       "email_3": "@if(equals(outputs('Get_a_row_by_ID')?['body/admin_replyto'], null), '', outputs('Get_a_row_by_ID')?['body/admin_replyto'])",                       "text_2": "@if(equals(outputs('Get_a_row_by_ID')?['body/admin_importance'], null), '', outputs('Get_a_row_by_ID')?['body/admin_importance'])"                     }                   },                   "description": "a7bfd0b1-6086-ed11-81ac-0022480813ff"                 }               },               "runAfter": {                 "Apply_to_each_Employee": [                   "Succeeded"                 ]               },               "expression": {                 "or": [                   {                     "greater": [                       "@length(variables('appList'))",                       0                     ]                   },                   {                     "greater": [                       "@length(variables('flowList'))",                       0                     ]                   }                 ]               },               "metadata": {                 "operationMetadataId": "ea1863c5-d6a8-4e75-9c4f-9b81579757f6"               },               "type": "If"             },             "Get_Employees": {               "runAfter": {                 "RemoveSpecialCharactersManager": [                   "Succeeded"                 ]               },               "metadata": {                 "operationMetadataId": "c488e8e1-702a-46f8-8ea0-f1ffe1d76ff4"               },               "type": "OpenApiConnection",               "inputs": {                 "host": {                   "connectionName": "shared_commondataserviceforapps_1",                   "operationId": "ListRecords",                   "apiId": "/providers/Microsoft.PowerApps/apis/shared_commondataserviceforapps"                 },                 "parameters": {                   "entityName": "admin_makers",                   "$select": "admin_displayname, admin_makerid",                   "$filter": "admin_managerprinciplename eq '@{outputs('RemoveSpecialCharactersManager')}'"                 },                 "authentication": "@parameters('$authentication')"               },               "runtimeConfiguration": {                 "paginationPolicy": {                   "minimumItemCount": 100000                 }               }             },             "Clear_appList": {               "runAfter": {},               "metadata": {                 "operationMetadataId": "b4a061c8-0d0a-48d0-9abb-0390e77202ec"               },               "type": "SetVariable",               "inputs": {                 "name": "appList",                 "value": "@variables('emptyList')"               }             },             "Clear_flowList": {               "runAfter": {                 "Clear_appList": [                   "Succeeded"                 ]               },               "metadata": {                 "operationMetadataId": "262ef118-3906-49e9-8185-41bf6d4d2250"               },               "type": "SetVariable",               "inputs": {                 "name": "flowList",                 "value": "@variables('emptyList')"               }             },             "RemoveSpecialCharactersManager": {               "runAfter": {                 "Clear_flowList": [                   "Succeeded"                 ]               },               "metadata": {                 "operationMetadataId": "d5468c3e-3881-4d1e-9d4f-b382348a635e"               },               "type": "Compose",               "inputs": "@replace(items('Apply_to_each_M1_Manager')['Manager'], '''', '''''')"             }           },           "runAfter": {             "Create_DistinctM1List": [               "Succeeded"             ]           },           "metadata": {             "operationMetadataId": "39215070-f479-4daf-96eb-d5779145a2ac"           },           "type": "Foreach"         },         "Create_DistinctM1List": {           "runAfter": {             "Select_Alias": [               "Succeeded"             ]           },           "metadata": {             "operationMetadataId": "4a83e41d-026b-4260-b299-44297a6ec7ea"           },           "type": "InitializeVariable",           "inputs": {             "variables": [               {                 "name": "DistinctM1List",                 "type": "array",                 "value": "@union(body('Select_Alias'), body('Select_Alias'))"               }             ]           }         },         "Get_Manager_Principle_Names": {           "runAfter": {             "Set_env_var_CleanUpAppURL": [               "Succeeded"             ]           },           "metadata": {             "operationMetadataId": "6ae3e078-b142-42e6-b83c-ca547c4565dd"           },           "type": "OpenApiConnection",           "inputs": {             "host": {               "connectionName": "shared_commondataserviceforapps_1",               "operationId": "ListRecords",               "apiId": "/providers/Microsoft.PowerApps/apis/shared_commondataserviceforapps"             },             "parameters": {               "entityName": "admin_makers",               "$select": "admin_managerprinciplename",               "$filter": "admin_managerprinciplename ne null"             },             "authentication": "@parameters('$authentication')"           },           "runtimeConfiguration": {             "paginationPolicy": {               "minimumItemCount": 100000             }           }         },         "Get_past_time": {           "runAfter": {             "Renaming_notification": [               "Succeeded"             ]           },           "metadata": {             "operationMetadataId": "a88850f4-9d37-4c6a-88cc-721ed9b86168"           },           "type": "Expression",           "kind": "GetPastTime",           "inputs": {             "interval": 1,             "timeUnit": "Month"           }         },         "Initialize_appList": {           "runAfter": {             "Get_past_time": [               "Succeeded"             ]           },           "metadata": {             "operationMetadataId": "94d418e9-bf70-4e80-9753-5c33b53c1ab7"           },           "type": "InitializeVariable",           "inputs": {             "variables": [               {                 "name": "appList",                 "type": "array"               }             ]           }         },         "Initialize_emptyList": {           "runAfter": {             "Initialize_flowList": [               "Succeeded"             ]           },           "metadata": {             "operationMetadataId": "05d99ac4-3bc3-4f33-ae9d-3b5847bdd2fc"           },           "type": "InitializeVariable",           "inputs": {             "variables": [               {                 "name": "emptyList",                 "type": "array"               }             ]           }         },         "Initialize_flowList": {           "runAfter": {             "Initialize_appList": [               "Succeeded"             ]           },           "metadata": {             "operationMetadataId": "4abdd182-28e6-42dc-a21e-81dfeb897415"           },           "type": "InitializeVariable",           "inputs": {             "variables": [               {                 "name": "flowList",                 "type": "array"               }             ]           }         },         "Select_Alias": {           "runAfter": {             "Get_Manager_Principle_Names": [               "Succeeded"             ]           },           "metadata": {             "operationMetadataId": "bda8bfc2-e6e6-44a7-9dc1-d09fe3789ef5"           },           "type": "Select",           "inputs": {             "from": "@outputs('Get_Manager_Principle_Names')?['body/value']",             "select": {               "manager": "@item()?['admin_managerprinciplename']"             }           }         },         "Initialize_var_CleanUpAppURL": {           "runAfter": {             "Initialize_emptyList": [               "Succeeded"             ]           },           "metadata": {             "operationMetadataId": "a7b5ced4-f5fc-43f9-812d-a9d6ab3899eb"           },           "type": "InitializeVariable",           "inputs": {             "variables": [               {                 "name": "CleanUpAppURL",                 "type": "string"               }             ]           }         },         "Set_env_var_CleanUpAppURL": {           "actions": {             "ListDefns-CleanUpAppURL": {               "runAfter": {},               "metadata": {                 "operationMetadataId": "3e4048d2-4f28-43c6-8e87-83b68c7c79aa"               },               "type": "OpenApiConnection",               "inputs": {                 "host": {                   "connectionName": "shared_commondataserviceforapps_1",                   "operationId": "ListRecords",                   "apiId": "/providers/Microsoft.PowerApps/apis/shared_commondataserviceforapps"                 },                 "parameters": {                   "entityName": "environmentvariabledefinitions",                   "$select": "environmentvariabledefinitionid, defaultvalue",                   "$filter": "schemaname eq 'admin_CleanupOldObjectsAppURL'"                 },                 "authentication": "@parameters('$authentication')"               },               "runtimeConfiguration": {                 "paginationPolicy": {                   "minimumItemCount": 100000                 }               }             },             "Get_ID_from_CleanUpAppURL": {               "runAfter": {                 "ListDefns-CleanUpAppURL": [                   "Succeeded"                 ]               },               "metadata": {                 "operationMetadataId": "35daa390-ef10-4e7a-ad74-4616a48dfc39"               },               "type": "Compose",               "inputs": "@first(body('ListDefns-CleanUpAppURL')?['value'])?['environmentvariabledefinitionid']"             },             "Set_to_current_or_default_-_CleanUpAppURL": {               "actions": {                 "Set_CleanUpAppURL_-_CurrentValue": {                   "runAfter": {},                   "metadata": {                     "operationMetadataId": "48e7d428-6134-4592-8a06-b7f1e52518ac"                   },                   "type": "SetVariable",                   "inputs": {                     "name": "CleanUpAppURL",                     "value": "@{first(body('ListCurrents-CleanUpAppURL')?['value'])?['Value']}"                   }                 }               },               "runAfter": {                 "ListCurrents-CleanUpAppURL": [                   "Succeeded"                 ]               },               "else": {                 "actions": {                   "Set_CleanUpAppURL_-_DefaultValue": {                     "runAfter": {},                     "metadata": {                       "operationMetadataId": "c20649bc-6bdb-4e9c-bf7c-bad351afd877"                     },                     "type": "SetVariable",                     "inputs": {                       "name": "CleanUpAppURL",                       "value": "@{first(body('ListDefns-CleanUpAppURL')?['value'])?['defaultvalue']}"                     }                   }                 }               },               "expression": {                 "greaterOrEquals": [                   "@length(body('ListCurrents-CleanUpAppURL')?['value'])\r\n",                   1                 ]               },               "metadata": {                 "operationMetadataId": "c2ad9e77-30d4-4855-89ee-691169650c0d"               },               "type": "If"             },             "ListCurrents-CleanUpAppURL": {               "runAfter": {                 "Get_ID_from_CleanUpAppURL": [                   "Succeeded"                 ]               },               "metadata": {                 "operationMetadataId": "db44e18b-c951-43be-8ed2-990fa2721e87"               },               "type": "OpenApiConnection",               "inputs": {                 "host": {                   "connectionName": "shared_commondataserviceforapps_1",                   "operationId": "ListRecords",                   "apiId": "/providers/Microsoft.PowerApps/apis/shared_commondataserviceforapps"                 },                 "parameters": {                   "entityName": "environmentvariablevalues",                   "$select": "value",                   "$filter": "_environmentvariabledefinitionid_value eq @{outputs('Get_ID_from_CleanUpAppURL')}"                 },                 "authentication": "@parameters('$authentication')"               },               "runtimeConfiguration": {                 "paginationPolicy": {                   "minimumItemCount": 100000                 }               }             }           },           "runAfter": {             "Initialize_emailGUID": [               "Succeeded"             ]           },           "metadata": {             "operationMetadataId": "550ccacb-97c0-4b23-8eae-d781f108c319"           },           "type": "Scope",           "description": "must use old technique for fetching as env var is optional"         },         "Renaming_notification": {           "runAfter": {},           "metadata": {             "operationMetadataId": "7429f553-2fae-4934-8140-a3859e0e3905"           },           "type": "Compose",           "inputs": "In order to avoid confusion we have now renamed this area from referencing Archivals to referencing Inactivity notifications\nThis flow was previously called: Admin | Email Managers Ignored Approvals"         },         "Initialize_emailGUID": {           "runAfter": {             "Initialize_var_CleanUpAppURL": [               "Succeeded"             ]           },           "metadata": {             "operationMetadataId": "dad8eca6-7937-47c0-aa57-f2d48dd1c5a2"           },           "type": "InitializeVariable",           "inputs": {             "variables": [               {                 "name": "emailGUID",                 "type": "string"               }             ]           }         },         "Error_Handling": {           "actions": {             "Create_a_new_record_-_Sync_Flow_Errors": {               "runAfter": {},               "metadata": {                 "operationMetadataId": "87961ff0-e261-4890-9ab9-a53f88fe0de5"               },               "type": "OpenApiConnection",               "inputs": {                 "host": {                   "connectionName": "shared_commondataserviceforapps",                   "operationId": "CreateRecord",                   "apiId": "/providers/Microsoft.PowerApps/apis/shared_commondataserviceforapps"                 },                 "parameters": {                   "entityName": "admin_syncflowerrorses",                   "item/admin_name": "@workflow()?['tags']['flowDisplayName']",                   "item/admin_flowinstanceurl": "@concat(parameters('Power Automate Environment Variable (admin_PowerAutomateEnvironmentVariable)'), workflow()?['tags']['environmentName'], '/flows/', workflow()?['name'], '/runs/', workflow()?['run']['name'])"                 },                 "authentication": "@parameters('$authentication')",                 "retryPolicy": {                   "type": "exponential",                   "count": 10,                   "interval": "PT10S"                 }               }             },             "Terminate": {               "runAfter": {                 "Update_Last_Run_Fail": [                   "Succeeded"                 ]               },               "metadata": {                 "operationMetadataId": "9e5a2a18-dba2-47a1-96d5-3356f4348e5a"               },               "type": "Terminate",               "inputs": {                 "runStatus": "Failed",                 "runError": {                   "code": "500",                   "message": "Get Environments Failed"                 }               }             },             "Get_ID_Fail": {               "runAfter": {                 "Create_a_new_record_-_Sync_Flow_Errors": [                   "Succeeded"                 ]               },               "metadata": {                 "operationMetadataId": "47329bf2-8aac-400d-9778-a793b4f1180f"               },               "type": "OpenApiConnection",               "inputs": {                 "host": {                   "connectionName": "shared_commondataserviceforapps",                   "operationId": "ListRecords",                   "apiId": "/providers/Microsoft.PowerApps/apis/shared_commondataserviceforapps"                 },                 "parameters": {                   "entityName": "admin_coesolutionmetadatas",                   "$select": "admin_coesolutionmetadataid",                   "$filter": "admin_objectname eq '@{workflow()?['tags']['flowDisplayName']}'",                   "$top": 1                 },                 "authentication": "@parameters('$authentication')"               }             },             "Update_Last_Run_Fail": {               "runAfter": {                 "Get_ID_Fail": [                   "Succeeded"                 ]               },               "metadata": {                 "operationMetadataId": "c63eb7cc-6101-4567-b520-a4a8881264e9"               },               "type": "OpenApiConnection",               "inputs": {                 "host": {                   "connectionName": "shared_commondataserviceforapps",                   "operationId": "UpdateRecord",                   "apiId": "/providers/Microsoft.PowerApps/apis/shared_commondataserviceforapps"                 },                 "parameters": {                   "entityName": "admin_coesolutionmetadatas",                   "recordId": "@first(outputs('Get_ID_Fail')?['body/value'])?['admin_coesolutionmetadataid']",                   "item/admin_lastrun": "@utcNow()",                   "item/admin_lastrunpassed": false                 },                 "authentication": "@parameters('$authentication')"               }             }           },           "runAfter": {             "Apply_to_each_M1_Manager": [               "Failed"             ]           },           "metadata": {             "operationMetadataId": "38ae684e-622d-42ea-abd2-ee571aee3a5f"           },           "type": "Scope"         },         "Update_last_run_as_pass": {           "actions": {             "Update_Last_Run_Successful": {               "runAfter": {                 "Get_ID_Pass": [                   "Succeeded"                 ]               },               "metadata": {                 "operationMetadataId": "78ef70e5-7f67-4737-9a02-8533f12caa19"               },               "type": "OpenApiConnection",               "inputs": {                 "host": {                   "connectionName": "shared_commondataserviceforapps",                   "operationId": "UpdateRecord",                   "apiId": "/providers/Microsoft.PowerApps/apis/shared_commondataserviceforapps"                 },                 "parameters": {                   "entityName": "admin_coesolutionmetadatas",                   "recordId": "@first(outputs('Get_ID_Pass')?['body/value'])?['admin_coesolutionmetadataid']",                   "item/admin_lastrun": "@utcNow()",                   "item/admin_lastrunpassed": true                 },                 "authentication": "@parameters('$authentication')"               }             },             "Get_ID_Pass": {               "runAfter": {},               "metadata": {                 "operationMetadataId": "f4f314b6-89d3-4056-af1c-73115e7d6bd1"               },               "type": "OpenApiConnection",               "inputs": {                 "host": {                   "connectionName": "shared_commondataserviceforapps",                   "operationId": "ListRecords",                   "apiId": "/providers/Microsoft.PowerApps/apis/shared_commondataserviceforapps"                 },                 "parameters": {                   "entityName": "admin_coesolutionmetadatas",                   "$select": "admin_coesolutionmetadataid",                   "$filter": "admin_objectname eq '@{workflow()?['tags']['flowDisplayName']}'",                   "$top": 1                 },                 "authentication": "@parameters('$authentication')"               }             },             "Catch_-_not_ready_to_take_last_run_date": {               "runAfter": {                 "Update_Last_Run_Successful": [                   "Failed"                 ]               },               "metadata": {                 "operationMetadataId": "f88cdefe-c402-49d7-8f4a-934475e6f741"               },               "type": "Compose",               "inputs": "Catch - not ready to take last run date"             }           },           "runAfter": {             "Error_Handling": [               "Skipped"             ]           },           "metadata": {             "operationMetadataId": "5c140442-d939-4ca4-8ec8-d1ee2bed4a81"           },           "type": "Scope"         }       },       "outputs": {}     },     "templateName": ""   },   "schemaVersion": "1.0.0.0" }
