{   "properties": {     "connectionReferences": {       "shared_commondataserviceforapps_1": {         "runtimeSource": "embedded",         "connection": {           "connectionReferenceLogicalName": "admin_CoEGovDataverse"         },         "api": {           "name": "shared_commondataserviceforapps"         }       },       "shared_commondataserviceforapps": {         "runtimeSource": "embedded",         "connection": {           "connectionReferenceLogicalName": "admin_CoECoreDataverse"         },         "api": {           "name": "shared_commondataserviceforapps"         }       },       "shared_teams_1": {         "runtimeSource": "embedded",         "connection": {           "connectionReferenceLogicalName": "new_CoEGovTeams"         },         "api": {           "name": "shared_teams"         }       }     },     "definition": {       "$schema": "https://schema.management.azure.com/providers/Microsoft.Logic/schemas/2016-06-01/workflowdefinition.json#",       "contentVersion": "1.0.0.0",       "parameters": {         "$connections": {           "defaultValue": {},           "type": "Object"         },         "$authentication": {           "defaultValue": {},           "type": "SecureObject"         },         "Admin eMail (admin_AdminMail)": {           "defaultValue": "PowerPlatformAdmins@powercattools.onmicrosoft.com ",           "type": "String",           "metadata": {             "schemaName": "admin_AdminMail",             "description": "Inventory - CoE Admin eMail. Email address used in flows to send notifications to admins; this should be either your email address or a distribution list"           }         },         "ProductionEnvironment (admin_ProductionEnvironment)": {           "defaultValue": true,           "type": "Bool",           "metadata": {             "schemaName": "admin_ProductionEnvironment",             "description": "Inventory - Yes by default. Set to No if you are creating a dev type envt. This will allow some flows to set target users to the admin instead of resource owners"           }         },         "eMail Header Style (admin_eMailHeaderStyle)": {           "defaultValue": "<head>     <style>         body {             background-color: #efefef;             font-family: Segoe UI;             text-align: center;         }          #content {             border: 1px solid #742774;             background-color: #ffffff;             width: 650px;             margin-bottom: 50px;             display: inline-block;         }          #logo {             margin-left: 52px;             margin-top: 40px;             width: 60px;             height: 12px;         }          #header {             font-size: 24px;             margin-left: 50px;             margin-top: 20px;             margin-bottom: 20px;         }          #ribbon {             background-color: #742774;         }          #ribbonContent {             font-size: 20px;             padding-left: 30px;             padding-top: 10px;             padding-bottom: 20px;             color: white;             width: 100%;             padding-right: 10px;         }          #message>td {             font-size: 14px;             padding-left: 60px;             padding-right: 60px;             padding-top: 20px;             padding-bottom: 40px;         }          #footer>td {             font-size: 12px;             background-color: #cfcfcf;             height: 40px;             padding-top: 15px;             padding-left: 40px;             padding-bottom: 20px;         }          #form {             width: 100%;             border-collapse: collapse;         }          #app {             width: 60%;             font-size: 12px;         }          .label {             color: #5f5f5f         }          table {             border-collapse: collapse;             width: 100%;         }          th,         td {             padding: 8px;             text-align: left;             border-bottom: 1px solid #ddd;         }     </style> </head>",           "type": "String",           "metadata": {             "schemaName": "admin_eMailHeaderStyle",             "description": "Inventory - CSS/Style used for eMails"           }         },         "Individual Admin (admin_ApprovalAdmin)": {           "defaultValue": "AdeleV@powercattools.onmicrosoft.com ",           "type": "String",           "metadata": {             "schemaName": "admin_ApprovalAdmin",             "description": "Inventory - REQUIRED. An individual admin's email. Some actions (approvals / team chats) cannot accept a group/DL. So this env variable is for those instances in the kit. "           }         },         "Admin eMail Preferred Language (admin_AdmineMailPreferredLanguage)": {           "defaultValue": "en-US",           "type": "String",           "metadata": {             "schemaName": "admin_AdmineMailPreferredLanguage",             "description": "Inventory - The preferred language for the emails sent to the admin email alias, which is specified in theAdmin eMail environment variable. Default is en-US"           }         },         "Power Automate Environment Variable (admin_PowerAutomateEnvironmentVariable)": {           "defaultValue": "https://flow.microsoft.com/manage/environments/",           "type": "String",           "metadata": {             "schemaName": "admin_PowerAutomateEnvironmentVariable",             "description": "Inventory - REQUIRED. Environment, including geographic location, for Power Automate - Ex for commercial: https://flow.microsoft.com/manage/environments/"           }         }       },       "triggers": {         "When_a_record_is_created": {           "metadata": {             "operationMetadataId": "89d32f7b-a23c-4f2c-80fb-eaad18173f18"           },           "type": "OpenApiConnectionWebhook",           "inputs": {             "host": {               "connectionName": "shared_commondataserviceforapps_1",               "operationId": "SubscribeWebhookTrigger",               "apiId": "/providers/Microsoft.PowerApps/apis/shared_commondataserviceforapps"             },             "parameters": {               "subscriptionRequest/message": 1,               "subscriptionRequest/entityname": "admin_environment",               "subscriptionRequest/scope": 4,               "subscriptionRequest/filterexpression": "admin_environmentsku eq 'Teams'"             },             "authentication": "@parameters('$authentication')"           }         }       },       "actions": {         "If_this_environment_has_already_been_through_approval,_exit": {           "actions": {             "Terminate": {               "runAfter": {},               "metadata": {                 "operationMetadataId": "d0b5a37e-27a1-4032-8fe3-b249deff9538"               },               "type": "Terminate",               "inputs": {                 "runStatus": "Succeeded"               }             }           },           "runAfter": {},           "expression": {             "or": [               {                 "not": {                   "equals": [                     "@triggerOutputs()?['body/admin_businessjustificationdate']",                     "@null"                   ]                 }               },               {                 "not": {                   "equals": [                     "@triggerOutputs()?['body/admin_makerrequirementbusinessjustification']",                     "@null"                   ]                 }               },               {                 "equals": [                   "@triggerOutputs()?['body/admin_adminmicrosoftteamsenvironmentstatus']",                   597910000                 ]               },               {                 "equals": [                   "@triggerOutputs()?['body/admin_adminmicrosoftteamsenvironmentstatus']",                   597910001                 ]               }             ]           },           "metadata": {             "operationMetadataId": "671c2b43-a531-4a67-807f-c1ea716d454d"           },           "type": "If"         },         "Initialize_adminMail": {           "runAfter": {             "Initialize_htmlHeader": [               "Succeeded"             ]           },           "metadata": {             "operationMetadataId": "3eaa2e84-3010-4197-a0fb-786ffb5d2e60"           },           "type": "InitializeVariable",           "inputs": {             "variables": [               {                 "name": "adminMail",                 "type": "string",                 "value": "@parameters('Admin eMail (admin_AdminMail)')"               }             ]           }         },         "Initialize_htmlHeader": {           "runAfter": {             "If_this_environment_has_already_been_through_approval,_exit": [               "Succeeded"             ]           },           "metadata": {             "operationMetadataId": "dfd10a96-4287-40ce-a761-0751955a9849"           },           "type": "InitializeVariable",           "inputs": {             "variables": [               {                 "name": "htmlHeader",                 "type": "string",                 "value": "@parameters('eMail Header Style (admin_eMailHeaderStyle)')"               }             ]           }         },         "Initialize_urlWiki": {           "runAfter": {             "Initialize_adminMail": [               "Succeeded"             ]           },           "metadata": {             "operationMetadataId": "686a6973-1723-4517-b2ea-5983230bfe35"           },           "type": "InitializeVariable",           "inputs": {             "variables": [               {                 "name": "urlWiki",                 "type": "string"               }             ]           }         },         "Initialize_emailGUID": {           "runAfter": {             "Initialize_urlWiki": [               "Succeeded"             ]           },           "metadata": {             "operationMetadataId": "dad8eca6-7937-47c0-aa57-f2d48dd1c5a2"           },           "type": "InitializeVariable",           "inputs": {             "variables": [               {                 "name": "emailGUID",                 "type": "string"               }             ]           }         },         "Ask_for_Business_Justification_SCOPE": {           "actions": {             "Scope_-_Get_Owner": {               "actions": {                 "Get_Owner": {                   "runAfter": {},                   "metadata": {                     "operationMetadataId": "11aee028-d221-4d68-a0c3-a2254ce2b10f"                   },                   "type": "OpenApiConnection",                   "inputs": {                     "host": {                       "connectionName": "shared_commondataserviceforapps_1",                       "operationId": "GetItem",                       "apiId": "/providers/Microsoft.PowerApps/apis/shared_commondataserviceforapps"                     },                     "parameters": {                       "entityName": "admin_makers",                       "recordId": "@triggerOutputs()?['body/_admin_maker_value']"                     },                     "authentication": "@parameters('$authentication')"                   }                 },                 "SendTo": {                   "runAfter": {                     "Get_Owner": [                       "Succeeded"                     ]                   },                   "metadata": {                     "operationMetadataId": "a56d4e12-14ae-4404-8ded-b68f02520f27"                   },                   "type": "Compose",                   "inputs": "@trim(if(equals(parameters('ProductionEnvironment (admin_ProductionEnvironment)'), false), parameters('Individual Admin (admin_ApprovalAdmin)'), outputs('Get_Owner')?['body/admin_useremail']))"                 }               },               "runAfter": {},               "metadata": {                 "operationMetadataId": "92c668a2-3115-4d35-bd6c-88eebee29c72"               },               "type": "Scope"             },             "Get_Row_-_Send_an_email_to_the_Teams_Owner": {               "actions": {                 "emailGUID_to_en-US": {                   "runAfter": {},                   "metadata": {                     "operationMetadataId": "3c46d691-0f2a-4c36-9611-c2c7de1ec33d"                   },                   "type": "Compose",                   "inputs": "29b507eb-6086-ed11-81ac-0022480813ff"                 },                 "List_emails_for_preferred_language": {                   "runAfter": {                     "emailGUID_to_en-US": [                       "Succeeded"                     ]                   },                   "metadata": {                     "operationMetadataId": "29188a43-3a3a-46da-a4f6-f162180d8254"                   },                   "type": "OpenApiConnection",                   "inputs": {                     "host": {                       "connectionName": "shared_commondataserviceforapps",                       "operationId": "ListRecords",                       "apiId": "/providers/Microsoft.PowerApps/apis/shared_commondataserviceforapps"                     },                     "parameters": {                       "entityName": "admin_customizedemails",                       "$select": "admin_customizedemailid",                       "$filter": "admin_basedon eq '@{outputs('emailGUID_to_en-US')}' and admin_language eq '@{if(equals(parameters('ProductionEnvironment (admin_ProductionEnvironment)'), false), parameters('Admin eMail Preferred Language (admin_AdmineMailPreferredLanguage)'), if(equals(outputs('Get_Owner')?['body/admin_preferredlanguage'], null), 'en-US', outputs('Get_Owner')?['body/admin_preferredlanguage']))}'"                     },                     "authentication": "@parameters('$authentication')"                   }                 },                 "Set_emailGUID_to_localized_row": {                   "runAfter": {                     "List_emails_for_preferred_language": [                       "Succeeded"                     ]                   },                   "metadata": {                     "operationMetadataId": "1e1c0a09-41a6-4b3d-a558-df89f10ca738"                   },                   "type": "SetVariable",                   "inputs": {                     "name": "emailGUID",                     "value": "@{if(greater(length(outputs('List_emails_for_preferred_language')?['body/value']), 0), first(body('List_emails_for_preferred_language')?['value'])['admin_customizedemailid'], outputs('emailGUID_to_en-US'))}"                   },                   "description": "if(greater(length(outputs('List_emails_for_preferred_language')?['body/value']),0), first(body('List_emails_for_preferred_language')?['value'])['admin_customizedemailid'], outputs('emailGUID_to_en-US'))"                 },                 "Get_a_row_by_ID": {                   "runAfter": {                     "Set_emailGUID_to_localized_row": [                       "Succeeded"                     ]                   },                   "metadata": {                     "operationMetadataId": "c34df6f5-d327-47a2-8e25-e33c207762e2"                   },                   "type": "OpenApiConnection",                   "inputs": {                     "host": {                       "connectionName": "shared_commondataserviceforapps",                       "operationId": "GetItem",                       "apiId": "/providers/Microsoft.PowerApps/apis/shared_commondataserviceforapps"                     },                     "parameters": {                       "entityName": "admin_customizedemails",                       "recordId": "@variables('emailGUID')",                       "$select": "admin_body, admin_cc, admin_replyto, admin_sendonbehalf, admin_subject, admin_importance"                     },                     "authentication": "@parameters('$authentication')"                   }                 }               },               "runAfter": {                 "Scope_-_Get_Owner": [                   "Succeeded"                 ]               },               "metadata": {                 "operationMetadataId": "74c8fe2a-d9bd-4ab1-a2a7-1ceffc6c9c18"               },               "type": "Scope"             },             "Send_an_email_to_the_Teams_Owner": {               "runAfter": {                 "Get_Row_-_Send_an_email_to_the_Teams_Owner": [                   "Succeeded"                 ]               },               "metadata": {                 "operationMetadataId": "d1ac9bbd-db5c-4294-bc0e-cb0f9622aae8"               },               "type": "Workflow",               "inputs": {                 "host": {                   "workflowReferenceName": "5625768c-bd3d-ec11-8c63-00224829720b"                 },                 "body": {                   "email": "@if(equals(parameters('ProductionEnvironment (admin_ProductionEnvironment)'), false), parameters('Admin eMail (admin_AdminMail)'), outputs('Get_Owner')?['body/admin_useremail'])",                   "text": "@{outputs('Get_a_row_by_ID')?['body/admin_subject']} @{triggerOutputs()?['body/admin_displayname']}",                   "text_1": "@outputs('Get_a_row_by_ID')?['body/admin_body']",                   "email_1": "@if(equals(outputs('Get_a_row_by_ID')?['body/admin_cc'], null), '', outputs('Get_a_row_by_ID')?['body/admin_cc'])",                   "email_2": "@if(equals(outputs('Get_a_row_by_ID')?['body/admin_sendonbehalf'], null), '', outputs('Get_a_row_by_ID')?['body/admin_sendonbehalf'])",                   "email_3": "@if(equals(outputs('Get_a_row_by_ID')?['body/admin_replyto'], null), '', outputs('Get_a_row_by_ID')?['body/admin_replyto'])",                   "text_2": "@if(equals(outputs('Get_a_row_by_ID')?['body/admin_importance'], null), '', outputs('Get_a_row_by_ID')?['body/admin_importance'])"                 }               },               "description": "29b507eb-6086-ed11-81ac-0022480813ff"             },             "Update_Date_asked_for_Business_Justification": {               "runAfter": {                 "Send_an_email_to_the_Teams_Owner": [                   "Succeeded"                 ]               },               "metadata": {                 "operationMetadataId": "dfa6e997-6261-4ddc-9f9f-83d6d9179b5d"               },               "type": "OpenApiConnection",               "inputs": {                 "host": {                   "connectionName": "shared_commondataserviceforapps_1",                   "operationId": "UpdateRecord",                   "apiId": "/providers/Microsoft.PowerApps/apis/shared_commondataserviceforapps"                 },                 "parameters": {                   "entityName": "admin_environments",                   "recordId": "@triggerOutputs()?['body/admin_environmentid']",                   "item/admin_businessjustificationdate": "@utcnow()"                 },                 "authentication": "@parameters('$authentication')"               }             },             "Post_an_Adaptive_Card_to_a_Teams_user_and_wait_for_a_response": {               "runAfter": {                 "Update_Date_asked_for_Business_Justification": [                   "Succeeded"                 ]               },               "limit": {                 "timeout": "P6D"               },               "metadata": {                 "operationMetadataId": "5777ca42-c67d-4dd5-a427-2989506986e2"               },               "type": "OpenApiConnectionWebhook",               "inputs": {                 "host": {                   "connectionName": "shared_teams_1",                   "operationId": "SubscribeUserFlowContinuation",                   "apiId": "/providers/Microsoft.PowerApps/apis/shared_teams"                 },                 "parameters": {                   "UserFlowContinuationSubscriptionRequest/body/recipient/to": "@{outputs('SendTo')};",                   "UserFlowContinuationSubscriptionRequest/body/messageBody": "{\n    \"$schema\": \"http://adaptivecards.io/schemas/adaptive-card.json\",\n    \"type\": \"AdaptiveCard\",\n    \"version\": \"1.2\",\n    \"body\": [\n        {\n            \"type\": \"ColumnSet\",\n            \"columns\": [\n                {\n                    \"type\": \"Column\",\n                    \"width\": 2,\n                    \"items\": [\n                        {\n                            \"type\": \"TextBlock\",\n                            \"text\": \"Your Teams environment: @{triggerOutputs()?['body/admin_displayname']}\",\n                            \"weight\": \"Bolder\",\n                            \"size\": \"Large\"\n                        },\n                        {\n                            \"type\": \"TextBlock\",\n                            \"text\": \"Your @{triggerOutputs()?['body/admin_displayname']} power platform environment might get deleted if the business justification is rejected or if you do not provide a business justification.\",\n                            \"wrap\": true,\n                            \"weight\": \"Bolder\",\n                            \"color\": \"Attention\"\n                        },\n                        {\n                            \"type\": \"TextBlock\",\n                            \"text\": \"Microsoft Dataverse for Teams is an exciting new capability that integrates Teams with the Power Platform. Using Dataverse for Teams, anyone can make and deploy apps, flows, and chatbots directly within Teams.\\nNote: ​As this is a limited capability, please be mindful of others. Create just the environments that you need to support your business process\\n\\nIf the environment you just created is for a production use case, please provide a business justification. \",\n                            \"isSubtle\": true,\n                            \"wrap\": true\n                        },\n                        {\n                            \"type\": \"TextBlock\",\n                            \"text\": \"Business Justification\",\n                            \"wrap\": true,\n                            \"weight\": \"Bolder\"\n                        },\n                        {\n                            \"type\": \"Input.Text\",\n                            \"id\": \"myBusinessJustification\",\n                            \"isMultiline\": true\n                        }\n                    ]\n                }\n            ]\n        }\n    ],\n    \"actions\": [\n        {\n            \"type\": \"Action.Submit\",\n            \"title\": \"Submit\"\n        }\n    ],\n    \"-ms-tokens\": {}\n}",                   "UserFlowContinuationSubscriptionRequest/body/updateMessage": "Your business justification has been submitted.",                   "UserFlowContinuationSubscriptionRequest/body/shouldUpdateCard": true,                   "UserFlowContinuationSubscriptionRequest/body/recipient/isAlert": true                 },                 "authentication": "@parameters('$authentication')"               }             },             "Send_Time_out_Note_if_Timed_Out": {               "runAfter": {                 "Post_an_Adaptive_Card_to_a_Teams_user_and_wait_for_a_response": [                   "TimedOut"                 ]               },               "metadata": {                 "operationMetadataId": "9292eb8f-6995-4bd9-a2c7-ebc03789c5ec"               },               "type": "OpenApiConnection",               "inputs": {                 "host": {                   "connectionName": "shared_teams_1",                   "operationId": "PostMessageToConversation",                   "apiId": "/providers/Microsoft.PowerApps/apis/shared_teams"                 },                 "parameters": {                   "poster": "Flow bot",                   "location": "Chat with Flow bot",                   "body/recipient": "@{outputs('SendTo')};",                   "body/messageBody": "<p>This request for business justification above has timed out.&nbsp;</p>"                 },                 "authentication": "@parameters('$authentication')"               }             },             "Check_if_Business_Justification_has_been_provided": {               "actions": {                 "Update_Environment_with_Business_Justification": {                   "runAfter": {},                   "metadata": {                     "operationMetadataId": "f3520d69-8530-4419-9ad4-89dd9b5e63dd"                   },                   "type": "OpenApiConnection",                   "inputs": {                     "host": {                       "connectionName": "shared_commondataserviceforapps_1",                       "operationId": "UpdateRecord",                       "apiId": "/providers/Microsoft.PowerApps/apis/shared_commondataserviceforapps"                     },                     "parameters": {                       "entityName": "admin_environments",                       "recordId": "@triggerOutputs()?['body/admin_environmentid']",                       "item/admin_makerrequirementbusinessjustification": "@outputs('Post_an_Adaptive_Card_to_a_Teams_user_and_wait_for_a_response')?['body/data/myBusinessJustification']"                     },                     "authentication": "@parameters('$authentication')"                   }                 },                 "Get_Row_-_Send_admin_mail_-_justification_provided": {                   "actions": {                     "emailGUID_to_en-US_2": {                       "runAfter": {},                       "metadata": {                         "operationMetadataId": "3c46d691-0f2a-4c36-9611-c2c7de1ec33d"                       },                       "type": "Compose",                       "inputs": "0d395bf3-6086-ed11-81ac-0022480813ff"                     },                     "List_emails_for_preferred_language_2": {                       "runAfter": {                         "emailGUID_to_en-US_2": [                           "Succeeded"                         ]                       },                       "metadata": {                         "operationMetadataId": "29188a43-3a3a-46da-a4f6-f162180d8254"                       },                       "type": "OpenApiConnection",                       "inputs": {                         "host": {                           "connectionName": "shared_commondataserviceforapps",                           "operationId": "ListRecords",                           "apiId": "/providers/Microsoft.PowerApps/apis/shared_commondataserviceforapps"                         },                         "parameters": {                           "entityName": "admin_customizedemails",                           "$select": "admin_customizedemailid",                           "$filter": "admin_basedon eq '@{outputs('emailGUID_to_en-US_2')}' and admin_language eq '@{parameters('Admin eMail Preferred Language (admin_AdmineMailPreferredLanguage)')}'"                         },                         "authentication": "@parameters('$authentication')"                       }                     },                     "Set_emailGUID_to_localized_row_2": {                       "runAfter": {                         "List_emails_for_preferred_language_2": [                           "Succeeded"                         ]                       },                       "metadata": {                         "operationMetadataId": "1e1c0a09-41a6-4b3d-a558-df89f10ca738"                       },                       "type": "SetVariable",                       "inputs": {                         "name": "emailGUID",                         "value": "@{if(greater(length(outputs('List_emails_for_preferred_language_2')?['body/value']), 0), first(body('List_emails_for_preferred_language_2')?['value'])['admin_customizedemailid'], outputs('emailGUID_to_en-US_2'))}"                       },                       "description": "if(greater(length(outputs('List_emails_for_preferred_language')?['body/value']),0), first(body('List_emails_for_preferred_language')?['value'])['admin_customizedemailid'], outputs('emailGUID_to_en-US'))"                     },                     "Get_a_row_by_ID_2": {                       "runAfter": {                         "Set_emailGUID_to_localized_row_2": [                           "Succeeded"                         ]                       },                       "metadata": {                         "operationMetadataId": "c34df6f5-d327-47a2-8e25-e33c207762e2"                       },                       "type": "OpenApiConnection",                       "inputs": {                         "host": {                           "connectionName": "shared_commondataserviceforapps",                           "operationId": "GetItem",                           "apiId": "/providers/Microsoft.PowerApps/apis/shared_commondataserviceforapps"                         },                         "parameters": {                           "entityName": "admin_customizedemails",                           "recordId": "@variables('emailGUID')",                           "$select": "admin_body, admin_cc, admin_replyto, admin_sendonbehalf, admin_subject, admin_importance"                         },                         "authentication": "@parameters('$authentication')"                       }                     }                   },                   "runAfter": {                     "Update_Environment_with_Business_Justification": [                       "Succeeded"                     ]                   },                   "metadata": {                     "operationMetadataId": "74c8fe2a-d9bd-4ab1-a2a7-1ceffc6c9c18"                   },                   "type": "Scope"                 },                 "Send_admin_mail_-_justification_provided": {                   "runAfter": {                     "Get_Row_-_Send_admin_mail_-_justification_provided": [                       "Succeeded"                     ]                   },                   "metadata": {                     "operationMetadataId": "c7b98748-81bf-474a-8ba6-b32f3ca87322"                   },                   "type": "Workflow",                   "inputs": {                     "host": {                       "workflowReferenceName": "5625768c-bd3d-ec11-8c63-00224829720b"                     },                     "body": {                       "email": "@parameters('Admin eMail (admin_AdminMail)')",                       "text": "@{outputs('Get_a_row_by_ID_2')?['body/admin_subject']} @{triggerOutputs()?['body/admin_displayname']}",                       "text_1": "@outputs('Get_a_row_by_ID_2')?['body/admin_body']",                       "email_1": "@if(equals(outputs('Get_a_row_by_ID_2')?['body/admin_cc'], null), '', outputs('Get_a_row_by_ID_2')?['body/admin_cc'])",                       "email_2": "@if(equals(outputs('Get_a_row_by_ID_2')?['body/admin_sendonbehalf'], null), '', outputs('Get_a_row_by_ID_2')?['body/admin_sendonbehalf'])",                       "email_3": "@if(equals(outputs('Get_a_row_by_ID_2')?['body/admin_replyto'], null), '', outputs('Get_a_row_by_ID_2')?['body/admin_replyto'])",                       "text_2": "@if(equals(outputs('Get_a_row_by_ID_2')?['body/admin_importance'], null), '', outputs('Get_a_row_by_ID_2')?['body/admin_importance'])"                     }                   },                   "description": "0d395bf3-6086-ed11-81ac-0022480813ff"                 }               },               "runAfter": {                 "Send_Time_out_Note_if_Timed_Out": [                   "Succeeded",                   "Skipped"                 ]               },               "expression": {                 "not": {                   "equals": [                     "@empty(outputs('Post_an_Adaptive_Card_to_a_Teams_user_and_wait_for_a_response')?['body/data/myBusinessJustification'])",                     "@true"                   ]                 }               },               "metadata": {                 "operationMetadataId": "c21685d4-5859-4ec6-8c11-2c48394bf69b"               },               "type": "If"             }           },           "runAfter": {             "Initialize_emailGUID": [               "Succeeded"             ]           },           "metadata": {             "operationMetadataId": "82b9b0d7-5593-44ba-8372-9a450c8461b7"           },           "type": "Scope"         },         "Error_Handling": {           "actions": {             "Create_a_new_record_-_Sync_Flow_Errors": {               "runAfter": {},               "metadata": {                 "operationMetadataId": "87961ff0-e261-4890-9ab9-a53f88fe0de5"               },               "type": "OpenApiConnection",               "inputs": {                 "host": {                   "connectionName": "shared_commondataserviceforapps",                   "operationId": "CreateRecord",                   "apiId": "/providers/Microsoft.PowerApps/apis/shared_commondataserviceforapps"                 },                 "parameters": {                   "entityName": "admin_syncflowerrorses",                   "item/admin_name": "@workflow()?['tags']['flowDisplayName']",                   "item/admin_flowinstanceurl": "@concat(parameters('Power Automate Environment Variable (admin_PowerAutomateEnvironmentVariable)'), workflow()?['tags']['environmentName'], '/flows/', workflow()?['name'], '/runs/', workflow()?['run']['name'])"                 },                 "authentication": "@parameters('$authentication')",                 "retryPolicy": {                   "type": "exponential",                   "count": 10,                   "interval": "PT10S"                 }               }             },             "Terminate_2": {               "runAfter": {                 "Update_Last_Run_Fail": [                   "Succeeded"                 ]               },               "metadata": {                 "operationMetadataId": "9e5a2a18-dba2-47a1-96d5-3356f4348e5a"               },               "type": "Terminate",               "inputs": {                 "runStatus": "Failed",                 "runError": {                   "code": "500",                   "message": "Get Environments Failed"                 }               }             },             "Get_ID_Fail": {               "runAfter": {                 "Create_a_new_record_-_Sync_Flow_Errors": [                   "Succeeded"                 ]               },               "metadata": {                 "operationMetadataId": "47329bf2-8aac-400d-9778-a793b4f1180f"               },               "type": "OpenApiConnection",               "inputs": {                 "host": {                   "connectionName": "shared_commondataserviceforapps",                   "operationId": "ListRecords",                   "apiId": "/providers/Microsoft.PowerApps/apis/shared_commondataserviceforapps"                 },                 "parameters": {                   "entityName": "admin_coesolutionmetadatas",                   "$select": "admin_coesolutionmetadataid",                   "$filter": "admin_objectname eq '@{workflow()?['tags']['flowDisplayName']}'",                   "$top": 1                 },                 "authentication": "@parameters('$authentication')"               }             },             "Update_Last_Run_Fail": {               "runAfter": {                 "Get_ID_Fail": [                   "Succeeded"                 ]               },               "metadata": {                 "operationMetadataId": "c63eb7cc-6101-4567-b520-a4a8881264e9"               },               "type": "OpenApiConnection",               "inputs": {                 "host": {                   "connectionName": "shared_commondataserviceforapps",                   "operationId": "UpdateRecord",                   "apiId": "/providers/Microsoft.PowerApps/apis/shared_commondataserviceforapps"                 },                 "parameters": {                   "entityName": "admin_coesolutionmetadatas",                   "recordId": "@first(outputs('Get_ID_Fail')?['body/value'])?['admin_coesolutionmetadataid']",                   "item/admin_lastrun": "@utcNow()",                   "item/admin_lastrunpassed": false                 },                 "authentication": "@parameters('$authentication')"               }             }           },           "runAfter": {             "Ask_for_Business_Justification_SCOPE": [               "Failed"             ]           },           "metadata": {             "operationMetadataId": "38ae684e-622d-42ea-abd2-ee571aee3a5f"           },           "type": "Scope"         },         "Update_last_run_as_pass": {           "actions": {             "Update_Last_Run_Successful": {               "runAfter": {                 "Get_ID_Pass": [                   "Succeeded"                 ]               },               "metadata": {                 "operationMetadataId": "78ef70e5-7f67-4737-9a02-8533f12caa19"               },               "type": "OpenApiConnection",               "inputs": {                 "host": {                   "connectionName": "shared_commondataserviceforapps",                   "operationId": "UpdateRecord",                   "apiId": "/providers/Microsoft.PowerApps/apis/shared_commondataserviceforapps"                 },                 "parameters": {                   "entityName": "admin_coesolutionmetadatas",                   "recordId": "@first(outputs('Get_ID_Pass')?['body/value'])?['admin_coesolutionmetadataid']",                   "item/admin_lastrun": "@utcNow()",                   "item/admin_lastrunpassed": true                 },                 "authentication": "@parameters('$authentication')"               }             },             "Get_ID_Pass": {               "runAfter": {},               "metadata": {                 "operationMetadataId": "f4f314b6-89d3-4056-af1c-73115e7d6bd1"               },               "type": "OpenApiConnection",               "inputs": {                 "host": {                   "connectionName": "shared_commondataserviceforapps",                   "operationId": "ListRecords",                   "apiId": "/providers/Microsoft.PowerApps/apis/shared_commondataserviceforapps"                 },                 "parameters": {                   "entityName": "admin_coesolutionmetadatas",                   "$select": "admin_coesolutionmetadataid",                   "$filter": "admin_objectname eq '@{workflow()?['tags']['flowDisplayName']}'",                   "$top": 1                 },                 "authentication": "@parameters('$authentication')"               }             },             "Catch_-_not_ready_to_take_last_run_date": {               "runAfter": {                 "Update_Last_Run_Successful": [                   "Failed"                 ]               },               "metadata": {                 "operationMetadataId": "f88cdefe-c402-49d7-8f4a-934475e6f741"               },               "type": "Compose",               "inputs": "Catch - not ready to take last run date"             }           },           "runAfter": {             "Error_Handling": [               "Skipped"             ]           },           "metadata": {             "operationMetadataId": "5c140442-d939-4ca4-8ec8-d1ee2bed4a81"           },           "type": "Scope"         }       },       "outputs": {}     },     "templateName": ""   },   "schemaVersion": "1.0.0.0" }
