{   "properties": {     "connectionReferences": {       "shared_commondataserviceforapps": {         "runtimeSource": "embedded",         "connection": {           "connectionReferenceLogicalName": "admin_CoEGovDataverse"         },         "api": {           "name": "shared_commondataserviceforapps"         }       },       "shared_office365users_1": {         "runtimeSource": "embedded",         "connection": {           "connectionReferenceLogicalName": "new_CoEGovO365Users"         },         "api": {           "name": "shared_office365users"         }       }     },     "definition": {       "$schema": "https://schema.management.azure.com/providers/Microsoft.Logic/schemas/2016-06-01/workflowdefinition.json#",       "contentVersion": "1.0.0.0",       "parameters": {         "$connections": {           "defaultValue": {},           "type": "Object"         },         "$authentication": {           "defaultValue": {},           "type": "SecureObject"         },         "Admin eMail (admin_AdminMail)": {           "defaultValue": "PowerPlatformAdmins@powercattools.onmicrosoft.com",           "type": "String",           "metadata": {             "schemaName": "admin_AdminMail",             "description": "Inventory - CoE Admin eMail. Email address used in flows to send notifications to admins; this should be either your email address or a distribution list"           }         },         "ProductionEnvironment (admin_ProductionEnvironment)": {           "defaultValue": true,           "type": "Bool",           "metadata": {             "schemaName": "admin_ProductionEnvironment",             "description": "Inventory - Yes by default. Set to No if you are creating a dev type envt. This will allow some flows to set target users to the admin instead of resource owners"           }         },         "Admin eMail Preferred Language (admin_AdmineMailPreferredLanguage)": {           "defaultValue": "en-US",           "type": "String",           "metadata": {             "schemaName": "admin_AdmineMailPreferredLanguage",             "description": "Inventory - The preferred language for the emails sent to the admin email alias, which is specified in theAdmin eMail environment variable. Default is en-US"           }         },         "Power Automate Environment Variable (admin_PowerAutomateEnvironmentVariable)": {           "defaultValue": "https://flow.microsoft.com/manage/environments/",           "type": "String",           "metadata": {             "schemaName": "admin_PowerAutomateEnvironmentVariable",             "description": "Inventory - REQUIRED. Environment, including geographic location, for Power Automate - Ex for commercial: https://flow.microsoft.com/manage/environments/"           }         }       },       "triggers": {         "Recurrence": {           "recurrence": {             "frequency": "Day",             "interval": 1           },           "metadata": {             "operationMetadataId": "5b6625f4-7460-4f5f-acb3-2cb8cd5a6cfc"           },           "type": "Recurrence"         }       },       "actions": {         "Initialize_emailGUID": {           "runAfter": {},           "metadata": {             "operationMetadataId": "dad8eca6-7937-47c0-aa57-f2d48dd1c5a2"           },           "type": "InitializeVariable",           "inputs": {             "variables": [               {                 "name": "emailGUID",                 "type": "string"               }             ]           }         },         "Send_Reminder_Mail_SCOPE": {           "actions": {             "List_environments_with_business_justification_requested": {               "runAfter": {},               "metadata": {                 "operationMetadataId": "f2bcbbd4-209a-4e5c-94a4-5922444c1822"               },               "type": "OpenApiConnection",               "inputs": {                 "host": {                   "connectionName": "shared_commondataserviceforapps",                   "operationId": "ListRecords",                   "apiId": "/providers/Microsoft.PowerApps/apis/shared_commondataserviceforapps"                 },                 "parameters": {                   "entityName": "admin_environments",                   "$select": "admin_environmentcreatedon, admin_displayname, admin_environmentmakerdisplayname, _admin_maker_value, admin_environmentisorphaned",                   "$filter": "admin_environmentsku eq 'Teams' and admin_environmentdeleted eq false and admin_businessjustificationdate ne null  and admin_makerrequirementbusinessjustification eq null and admin_adminmicrosoftteamsenvironmentstatus ne 597910000",                   "$expand": "admin_Maker($select=admin_userprincipalname, admin_useremail,  admin_preferredlanguage, admin_userisserviceprinciple, admin_displayname)"                 },                 "authentication": "@parameters('$authentication')"               },               "runtimeConfiguration": {                 "paginationPolicy": {                   "minimumItemCount": 100000                 }               }             },             "Apply_to_each_envt": {               "foreach": "@outputs('List_environments_with_business_justification_requested')?['body/value']",               "actions": {                 "Remind_maker_to_provide_justification": {                   "runAfter": {                     "Get_Row_-_Remind_maker_to_provide_justification": [                       "Succeeded"                     ]                   },                   "metadata": {                     "operationMetadataId": "bf47adf0-0002-4160-bc4c-86e50a29367b"                   },                   "type": "Workflow",                   "inputs": {                     "host": {                       "workflowReferenceName": "5625768c-bd3d-ec11-8c63-00224829720b"                     },                     "body": {                       "email": "@variables('varMailTo')",                       "text": "@{outputs('Get_a_row_by_ID')?['body/admin_subject']} @{items('Apply_to_each_envt')?['admin_displayname']}",                       "text_1": "@outputs('Get_a_row_by_ID')?['body/admin_body']",                       "email_1": "@if(equals(outputs('Get_a_row_by_ID')?['body/admin_cc'], null), '', outputs('Get_a_row_by_ID')?['body/admin_cc'])",                       "email_2": "@if(equals(outputs('Get_a_row_by_ID')?['body/admin_sendonbehalf'], null), '', outputs('Get_a_row_by_ID')?['body/admin_sendonbehalf'])",                       "email_3": "@if(equals(outputs('Get_a_row_by_ID')?['body/admin_replyto'], null), '', outputs('Get_a_row_by_ID')?['body/admin_replyto'])",                       "text_2": "@if(equals(outputs('Get_a_row_by_ID')?['body/admin_importance'], null), '', outputs('Get_a_row_by_ID')?['body/admin_importance'])"                     }                   },                   "description": "10395bf3-6086-ed11-81ac-0022480813ff"                 },                 "Get_Row_-_Remind_maker_to_provide_justification": {                   "actions": {                     "emailGUID_to_en-US": {                       "runAfter": {},                       "metadata": {                         "operationMetadataId": "3c46d691-0f2a-4c36-9611-c2c7de1ec33d"                       },                       "type": "Compose",                       "inputs": "10395bf3-6086-ed11-81ac-0022480813ff"                     },                     "List_emails_for_preferred_language": {                       "runAfter": {                         "emailGUID_to_en-US": [                           "Succeeded"                         ]                       },                       "metadata": {                         "operationMetadataId": "29188a43-3a3a-46da-a4f6-f162180d8254"                       },                       "type": "OpenApiConnection",                       "inputs": {                         "host": {                           "connectionName": "shared_commondataserviceforapps",                           "operationId": "ListRecords",                           "apiId": "/providers/Microsoft.PowerApps/apis/shared_commondataserviceforapps"                         },                         "parameters": {                           "entityName": "admin_customizedemails",                           "$select": "admin_customizedemailid",                           "$filter": "admin_basedon eq '@{outputs('emailGUID_to_en-US')}' and admin_language eq '@{variables('varPreferredLanuguage')}'"                         },                         "authentication": "@parameters('$authentication')"                       }                     },                     "Set_emailGUID_to_localized_row": {                       "runAfter": {                         "List_emails_for_preferred_language": [                           "Succeeded"                         ]                       },                       "metadata": {                         "operationMetadataId": "1e1c0a09-41a6-4b3d-a558-df89f10ca738"                       },                       "type": "SetVariable",                       "inputs": {                         "name": "emailGUID",                         "value": "@{if(greater(length(outputs('List_emails_for_preferred_language')?['body/value']), 0), first(body('List_emails_for_preferred_language')?['value'])['admin_customizedemailid'], outputs('emailGUID_to_en-US'))}"                       },                       "description": "if(greater(length(outputs('List_emails_for_preferred_language')?['body/value']),0), first(body('List_emails_for_preferred_language')?['value'])['admin_customizedemailid'], outputs('emailGUID_to_en-US'))"                     },                     "Get_a_row_by_ID": {                       "runAfter": {                         "Set_emailGUID_to_localized_row": [                           "Succeeded"                         ]                       },                       "metadata": {                         "operationMetadataId": "c34df6f5-d327-47a2-8e25-e33c207762e2"                       },                       "type": "OpenApiConnection",                       "inputs": {                         "host": {                           "connectionName": "shared_commondataserviceforapps",                           "operationId": "GetItem",                           "apiId": "/providers/Microsoft.PowerApps/apis/shared_commondataserviceforapps"                         },                         "parameters": {                           "entityName": "admin_customizedemails",                           "recordId": "@variables('emailGUID')",                           "$select": "admin_body, admin_cc, admin_replyto, admin_sendonbehalf, admin_subject, admin_importance"                         },                         "authentication": "@parameters('$authentication')"                       }                     }                   },                   "runAfter": {                     "Get_Assignee": [                       "Succeeded"                     ]                   },                   "metadata": {                     "operationMetadataId": "74c8fe2a-d9bd-4ab1-a2a7-1ceffc6c9c18"                   },                   "type": "Scope"                 },                 "Get_Assignee": {                   "actions": {                     "Set_varMailTo": {                       "runAfter": {},                       "metadata": {                         "operationMetadataId": "fadd410a-9ee0-4c6c-9b72-70e43da730cf"                       },                       "type": "SetVariable",                       "inputs": {                         "name": "varMailTo",                         "value": "@parameters('Admin eMail (admin_AdminMail)')"                       }                     },                     "Set_varPreferredLanuguage_to_admins": {                       "runAfter": {                         "Set_varMailTo": [                           "Succeeded"                         ]                       },                       "metadata": {                         "operationMetadataId": "0efa4eef-6828-46e2-95e9-c86177cd1754"                       },                       "type": "SetVariable",                       "inputs": {                         "name": "varPreferredLanuguage",                         "value": "@parameters('Admin eMail Preferred Language (admin_AdmineMailPreferredLanguage)')"                       }                     }                   },                   "runAfter": {},                   "else": {                     "actions": {                       "Recheck_Orphan_Status": {                         "runAfter": {},                         "metadata": {                           "operationMetadataId": "c3a5bf90-53e7-492b-9052-e135bdafbb69"                         },                         "type": "OpenApiConnection",                         "inputs": {                           "host": {                             "connectionName": "shared_office365users_1",                             "operationId": "UserProfile_V2",                             "apiId": "/providers/Microsoft.PowerApps/apis/shared_office365users"                           },                           "parameters": {                             "id": "@items('Apply_to_each_envt')?['_admin_maker_value']",                             "$select": "displayName, mail, preferredLanguage"                           },                           "authentication": "@parameters('$authentication')",                           "retryPolicy": {                             "type": "exponential",                             "count": 10,                             "interval": "PT10S"                           }                         }                       },                       "Switch": {                         "runAfter": {                           "Recheck_Orphan_Status": [                             "Succeeded",                             "Failed"                           ]                         },                         "cases": {                           "Case_200_-_User_Found": {                             "case": 200,                             "actions": {                               "Set_varMailTo_to_Owner": {                                 "runAfter": {},                                 "metadata": {                                   "operationMetadataId": "81013e35-65c8-423b-a4ec-5fe3862df567"                                 },                                 "type": "SetVariable",                                 "inputs": {                                   "name": "varMailTo",                                   "value": "@outputs('Recheck_Orphan_Status')?['body/mail']"                                 }                               },                               "Set_varPreferredLanuguage_to_Owners": {                                 "runAfter": {                                   "Set_varMailTo_to_Owner": [                                     "Succeeded"                                   ]                                 },                                 "metadata": {                                   "operationMetadataId": "ee02ff99-05da-4a71-9bcd-45c42f8cd8e5"                                 },                                 "type": "SetVariable",                                 "inputs": {                                   "name": "varPreferredLanuguage",                                   "value": "@{if(equals(outputs('Recheck_Orphan_Status')?['body/preferredLanguage'], null), 'en-US', outputs('Recheck_Orphan_Status')?['body/preferredLanguage'])}"                                 }                               }                             }                           },                           "Case_404_-_New_Orphan": {                             "case": 404,                             "actions": {                               "Set_varMailTo_to_Admin_for_new_Orphan": {                                 "runAfter": {},                                 "metadata": {                                   "operationMetadataId": "d2e64e51-92f0-4ea7-bf85-119a2bf5125a"                                 },                                 "type": "SetVariable",                                 "inputs": {                                   "name": "varMailTo",                                   "value": "@parameters('Admin eMail (admin_AdminMail)')"                                 }                               },                               "Set_varPreferredLanuguage_to_admins_for_new_Orphan": {                                 "runAfter": {                                   "Set_varMailTo_to_Admin_for_new_Orphan": [                                     "Succeeded"                                   ]                                 },                                 "metadata": {                                   "operationMetadataId": "6e88e33c-d23e-4d9e-8ba3-334ad0c44a2d"                                 },                                 "type": "SetVariable",                                 "inputs": {                                   "name": "varPreferredLanuguage",                                   "value": "@parameters('Admin eMail Preferred Language (admin_AdmineMailPreferredLanguage)')"                                 }                               }                             }                           }                         },                         "default": {                           "actions": {}                         },                         "expression": "@outputs('Recheck_Orphan_Status')['statusCode']",                         "metadata": {                           "operationMetadataId": "56abf0fe-ca56-4ab4-804b-35d6c31017d1"                         },                         "type": "Switch"                       }                     }                   },                   "expression": {                     "or": [                       {                         "equals": [                           "@variables('isProd')",                           "False"                         ]                       },                       {                         "equals": [                           "@items('Apply_to_each_envt')?['admin_environmentisorphaned']",                           "Yes"                         ]                       },                       {                         "equals": [                           "@items('Apply_to_each_envt')?['admin_environmentmakerdisplayname']",                           "SYSTEM"                         ]                       },                       {                         "equals": [                           "@items('Apply_to_each_envt')?['admin_maker/admin_userisserviceprinciple']",                           "@true"                         ]                       },                       {                         "equals": [                           "@items('Apply_to_each_envt')?['_admin_maker_value']",                           "@null"                         ]                       }                     ]                   },                   "metadata": {                     "operationMetadataId": "435ecc8e-d065-4bbe-b676-89a8a339f9ee"                   },                   "type": "If"                 }               },               "runAfter": {                 "List_environments_with_business_justification_requested": [                   "Succeeded"                 ]               },               "metadata": {                 "operationMetadataId": "dbb2ca01-25c7-44f7-906f-34e18961b3f3"               },               "type": "Foreach"             }           },           "runAfter": {             "Initialize_varPreferredLanuguage": [               "Succeeded"             ]           },           "metadata": {             "operationMetadataId": "5035f337-8c92-4afd-a734-2ed65b9aa6c3"           },           "type": "Scope"         },         "Error_Handling": {           "actions": {             "Create_a_new_record_-_Sync_Flow_Errors": {               "runAfter": {},               "metadata": {                 "operationMetadataId": "87961ff0-e261-4890-9ab9-a53f88fe0de5"               },               "type": "OpenApiConnection",               "inputs": {                 "host": {                   "connectionName": "shared_commondataserviceforapps",                   "operationId": "CreateRecord",                   "apiId": "/providers/Microsoft.PowerApps/apis/shared_commondataserviceforapps"                 },                 "parameters": {                   "entityName": "admin_syncflowerrorses",                   "item/admin_name": "@workflow()?['tags']['flowDisplayName']",                   "item/admin_flowinstanceurl": "@concat(parameters('Power Automate Environment Variable (admin_PowerAutomateEnvironmentVariable)'), workflow()?['tags']['environmentName'], '/flows/', workflow()?['name'], '/runs/', workflow()?['run']['name'])"                 },                 "authentication": "@parameters('$authentication')",                 "retryPolicy": {                   "type": "exponential",                   "count": 10,                   "interval": "PT10S"                 }               }             },             "Terminate": {               "runAfter": {                 "Update_Last_Run_Fail": [                   "Succeeded"                 ]               },               "metadata": {                 "operationMetadataId": "9e5a2a18-dba2-47a1-96d5-3356f4348e5a"               },               "type": "Terminate",               "inputs": {                 "runStatus": "Failed",                 "runError": {                   "code": "500",                   "message": "Get Environments Failed"                 }               }             },             "Get_ID_Fail": {               "runAfter": {                 "Create_a_new_record_-_Sync_Flow_Errors": [                   "Succeeded"                 ]               },               "metadata": {                 "operationMetadataId": "47329bf2-8aac-400d-9778-a793b4f1180f"               },               "type": "OpenApiConnection",               "inputs": {                 "host": {                   "connectionName": "shared_commondataserviceforapps",                   "operationId": "ListRecords",                   "apiId": "/providers/Microsoft.PowerApps/apis/shared_commondataserviceforapps"                 },                 "parameters": {                   "entityName": "admin_coesolutionmetadatas",                   "$select": "admin_coesolutionmetadataid",                   "$filter": "admin_objectname eq '@{workflow()?['tags']['flowDisplayName']}'",                   "$top": 1                 },                 "authentication": "@parameters('$authentication')"               }             },             "Update_Last_Run_Fail": {               "runAfter": {                 "Get_ID_Fail": [                   "Succeeded"                 ]               },               "metadata": {                 "operationMetadataId": "c63eb7cc-6101-4567-b520-a4a8881264e9"               },               "type": "OpenApiConnection",               "inputs": {                 "host": {                   "connectionName": "shared_commondataserviceforapps",                   "operationId": "UpdateRecord",                   "apiId": "/providers/Microsoft.PowerApps/apis/shared_commondataserviceforapps"                 },                 "parameters": {                   "entityName": "admin_coesolutionmetadatas",                   "recordId": "@first(outputs('Get_ID_Fail')?['body/value'])?['admin_coesolutionmetadataid']",                   "item/admin_lastrun": "@utcNow()",                   "item/admin_lastrunpassed": false                 },                 "authentication": "@parameters('$authentication')"               }             }           },           "runAfter": {             "Send_Reminder_Mail_SCOPE": [               "Failed"             ]           },           "metadata": {             "operationMetadataId": "38ae684e-622d-42ea-abd2-ee571aee3a5f"           },           "type": "Scope"         },         "Update_last_run_as_pass": {           "actions": {             "Update_Last_Run_Successful": {               "runAfter": {                 "Get_ID_Pass": [                   "Succeeded"                 ]               },               "metadata": {                 "operationMetadataId": "78ef70e5-7f67-4737-9a02-8533f12caa19"               },               "type": "OpenApiConnection",               "inputs": {                 "host": {                   "connectionName": "shared_commondataserviceforapps",                   "operationId": "UpdateRecord",                   "apiId": "/providers/Microsoft.PowerApps/apis/shared_commondataserviceforapps"                 },                 "parameters": {                   "entityName": "admin_coesolutionmetadatas",                   "recordId": "@first(outputs('Get_ID_Pass')?['body/value'])?['admin_coesolutionmetadataid']",                   "item/admin_lastrun": "@utcNow()",                   "item/admin_lastrunpassed": true                 },                 "authentication": "@parameters('$authentication')"               }             },             "Get_ID_Pass": {               "runAfter": {},               "metadata": {                 "operationMetadataId": "f4f314b6-89d3-4056-af1c-73115e7d6bd1"               },               "type": "OpenApiConnection",               "inputs": {                 "host": {                   "connectionName": "shared_commondataserviceforapps",                   "operationId": "ListRecords",                   "apiId": "/providers/Microsoft.PowerApps/apis/shared_commondataserviceforapps"                 },                 "parameters": {                   "entityName": "admin_coesolutionmetadatas",                   "$select": "admin_coesolutionmetadataid",                   "$filter": "admin_objectname eq '@{workflow()?['tags']['flowDisplayName']}'",                   "$top": 1                 },                 "authentication": "@parameters('$authentication')"               }             },             "Catch_-_not_ready_to_take_last_run_date": {               "runAfter": {                 "Update_Last_Run_Successful": [                   "Failed"                 ]               },               "metadata": {                 "operationMetadataId": "f88cdefe-c402-49d7-8f4a-934475e6f741"               },               "type": "Compose",               "inputs": "Catch - not ready to take last run date"             }           },           "runAfter": {             "Error_Handling": [               "Skipped"             ]           },           "metadata": {             "operationMetadataId": "5c140442-d939-4ca4-8ec8-d1ee2bed4a81"           },           "type": "Scope"         },         "Initialize_var_isProd": {           "runAfter": {             "Initialize_emailGUID": [               "Succeeded"             ]           },           "metadata": {             "operationMetadataId": "88b46fa7-c2e1-44da-9753-fe8af0717f2f"           },           "type": "InitializeVariable",           "inputs": {             "variables": [               {                 "name": "isProd",                 "type": "string",                 "value": "@{parameters('ProductionEnvironment (admin_ProductionEnvironment)')}"               }             ]           }         },         "Initialize_varMailTo": {           "runAfter": {             "Initialize_var_isProd": [               "Succeeded"             ]           },           "metadata": {             "operationMetadataId": "f408494f-16f2-4a43-ad32-77b84d61110b"           },           "type": "InitializeVariable",           "inputs": {             "variables": [               {                 "name": "varMailTo",                 "type": "string"               }             ]           }         },         "Initialize_varPreferredLanuguage": {           "runAfter": {             "Initialize_varMailTo": [               "Succeeded"             ]           },           "metadata": {             "operationMetadataId": "01f70426-9598-45cb-988a-64aa378b30e0"           },           "type": "InitializeVariable",           "inputs": {             "variables": [               {                 "name": "varPreferredLanuguage",                 "type": "string",                 "value": "en-US"               }             ]           }         }       },       "outputs": {}     },     "templateName": ""   },   "schemaVersion": "1.0.0.0" }
