<environmentvariabledefinition schemaname="admin_HostDomains">
  <description default="Domains to consider as local for cross domain identity reports. As a comma-separated string: myCo.onmicrosoft.com, partnerCo.onmicrosoft.com">
    <label description="Domains to consider as local for cross domain identity reports. As a comma-separated string: myCo.onmicrosoft.com, partnerCo.onmicrosoft.com" languagecode="1033" />
  </description>
  <displayname default="Host Domains">
    <label description="Host Domains" languagecode="1033" />
  </displayname>
  <introducedversion>4.17.4</introducedversion>
  <iscustomizable>1</iscustomizable>
  <isrequired>0</isrequired>
  <secretstore>0</secretstore>
  <type>100000000</type>
</environmentvariabledefinition>