<environmentvariabledefinition schemaname="admin_AuditLogsAuthority">
  <description default="AuditLogs - The authority for the HTTP connector. Set by Setup wizard based on tenant type">
    <label description="AuditLogs - The authority for the HTTP connector. Set by Setup wizard based on tenant type" languagecode="1033" />
  </description>
  <displayname default="Audit Logs - Authority">
    <label description="Audit Logs - Authority" languagecode="1033" />
  </displayname>
  <introducedversion>4.4.13</introducedversion>
  <iscustomizable>1</iscustomizable>
  <isrequired>0</isrequired>
  <secretstore>0</secretstore>
  <type>100000000</type>
</environmentvariabledefinition>