<environmentvariabledefinition schemaname="admin_InnovationBacklogLink">
  <description default="OPTIONAL. Link to the Innovation Backlog app, if you have it installed and running in your tenant. This lets users add very detailed information about their desired app. ">
    <label description="OPTIONAL. Link to the Innovation Backlog app, if you have it installed and running in your tenant. This lets users add very detailed information about their desired app. " languagecode="1033" />
  </description>
  <displayname default="InnovationBacklogLink">
    <label description="InnovationBacklogLink" languagecode="1033" />
  </displayname>
  <introducedversion>0.7</introducedversion>
  <iscustomizable>1</iscustomizable>
  <isrequired>0</isrequired>
  <secretstore>0</secretstore>
  <type>100000000</type>
</environmentvariabledefinition>