<environmentvariabledefinition schemaname="admin_CompanyName">
  <description default="Inventory - The name of the company to be displayed in various apps, emails, and so forth.">
    <label description="Inventory - The name of the company to be displayed in various apps, emails, and so forth." languagecode="1033" />
  </description>
  <displayname default="CompanyName">
    <label description="CompanyName" languagecode="1033" />
  </displayname>
  <introducedversion>3.56</introducedversion>
  <iscustomizable>1</iscustomizable>
  <isrequired>0</isrequired>
  <secretstore>0</secretstore>
  <type>100000000</type>
</environmentvariabledefinition>