<environmentvariabledefinition schemaname="admin_Capacityalertpercentage">
  <defaultvalue>0.8</defaultvalue>
  <description default="Percentage amount of capacity used at which to alert. Deault is 0.8 (80%)">
    <label description="Percentage amount of capacity used at which to alert. Deault is 0.8 (80%)" languagecode="1033" />
  </description>
  <displayname default="Capacity alert percentage ">
    <label description="Capacity alert percentage " languagecode="1033" />
  </displayname>
  <introducedversion>4.23.2</introducedversion>
  <iscustomizable>1</iscustomizable>
  <isrequired>0</isrequired>
  <secretstore>0</secretstore>
  <type>100000001</type>
</environmentvariabledefinition>