<environmentvariabledefinition schemaname="admin_ComplianceAppsNumberDaysSincePublished">
  <defaultvalue>60</defaultvalue>
  <description default="Compliance – If an app is broadly shared and was last published this many days ago or older, then they are asked to publish to stay compliant. Default 60">
    <label description="Compliance – If an app is broadly shared and was last published this many days ago or older, then they are asked to publish to stay compliant. Default 60" languagecode="1033" />
  </description>
  <displayname default="Compliance – Apps – Number Days Since Published">
    <label description="Compliance – Apps – Number Days Since Published" languagecode="1033" />
  </displayname>
  <introducedversion>3.16</introducedversion>
  <iscustomizable>1</iscustomizable>
  <isrequired>0</isrequired>
  <secretstore>0</secretstore>
  <type>100000001</type>
</environmentvariabledefinition>