<appaction uniquename="admin__Edit3!3f069a495f2c4afc895b25d7ccf6077f!admin_CoEAdminCommandCenter!admin_customizedemail!1">
  <appmoduleid>
    <uniquename>admin_CoEAdminCommandCenter</uniquename>
  </appmoduleid>
  <buttonlabeltext default="Edit">
    <label description="Edit" languagecode="1033" />
  </buttonlabeltext>
  <buttonsequencepriority>26.0000000000</buttonsequencepriority>
  <context>1</context>
  <contextentity>
    <logicalname>admin_customizedemail</logicalname>
  </contextentity>
  <contextvalue>admin_customizedemail</contextvalue>
  <fonticon>$clientsvg:Edit</fonticon>
  <hidden>0</hidden>
  <iscustomizable>1</iscustomizable>
  <isdisabled>0</isdisabled>
  <isgrouptitlehidden>0</isgrouptitlehidden>
  <location>1</location>
  <name>Edit3!3f069a495f2c4afc895b25d7ccf6077f</name>
  <onclickeventjavascriptfunctionname>run</onclickeventjavascriptfunctionname>
  <onclickeventjavascriptparameters>[{"type":24},{"type":21,"value":"admin_emailconfiguration_d275f"}]</onclickeventjavascriptparameters>
  <onclickeventjavascriptwebresourceid>
    <webresourceid>15e8537d-8180-ed11-81ac-0022480819d7</webresourceid>
  </onclickeventjavascriptwebresourceid>
  <onclickeventtype>2</onclickeventtype>
  <origin>0</origin>
  <statecode>0</statecode>
  <statuscode>1</statuscode>
  <type>0</type>
  <visibilityformulacomponentlibraryid>
    <name>admin_coeadmincommandcenterdefaultcommandlibrary_003cd</name>
  </visibilityformulacomponentlibraryid>
  <visibilityformulacomponentname>d6cb855685784d39bd2963f6256c7d7e</visibilityformulacomponentname>
  <visibilityformulafunctionname>Visible</visibilityformulafunctionname>
  <visibilitytype>1</visibilitytype>
</appaction>