<appaction uniquename="admin__Turnflowoff!b74b77c135924f058f138c1ced673e5e!admin_PowerPlatformAdminView!admin_flow!0">
  <appmoduleid>
    <uniquename>admin_PowerPlatformAdminView</uniquename>
  </appmoduleid>
  <buttonlabeltext default="Turn flow off">
    <label description="Turn flow off" languagecode="1033" />
  </buttonlabeltext>
  <buttonsequencepriority>937501.8750000000</buttonsequencepriority>
  <context>1</context>
  <contextentity>
    <logicalname>admin_flow</logicalname>
  </contextentity>
  <contextvalue>admin_flow</contextvalue>
  <hidden>0</hidden>
  <iconwebresourceid>
    <webresourceid>9b1db34c-20da-ed11-a7c7-0022480813ff</webresourceid>
  </iconwebresourceid>
  <iscustomizable>1</iscustomizable>
  <isdisabled>0</isdisabled>
  <isgrouptitlehidden>0</isgrouptitlehidden>
  <location>0</location>
  <name>Turnflowoff!b74b77c135924f058f138c1ced673e5e</name>
  <onclickeventjavascriptfunctionname>OpenDialog</onclickeventjavascriptfunctionname>
  <onclickeventjavascriptparameters>[{"type":5},{"type":21,"value":"custom"},{"type":19,"value":1},{"type":21,"value":"admin_ppadminviewstopflow_17a00"},{"type":21,"value":"Turn flow off"},{"type":21,"value":"40"},{"type":21,"value":"25"}]</onclickeventjavascriptparameters>
  <onclickeventjavascriptwebresourceid>
    <webresourceid>fd20c03b-b47f-ed11-81ac-0022480819d7</webresourceid>
  </onclickeventjavascriptwebresourceid>
  <onclickeventtype>2</onclickeventtype>
  <origin>0</origin>
  <statecode>0</statecode>
  <statuscode>1</statuscode>
  <type>0</type>
  <visibilityformulacomponentlibraryid>
    <name>admin_powerplatformadminviewdefaultcommandlibrary_07392</name>
  </visibilityformulacomponentlibraryid>
  <visibilityformulacomponentname>0ca21ebccdc6438d85a4b61f451bcfb3</visibilityformulacomponentname>
  <visibilityformulafunctionname>Visible</visibilityformulafunctionname>
  <visibilitytype>1</visibilitytype>
</appaction>