<environmentvariabledefinition schemaname="admin_MakerDataflowID">
  <description default="LEAVE BLANK ON IMPORT. Dataflow ID of the CoE BYODL Makers dataflow.">
    <label description="LEAVE BLANK ON IMPORT. Dataflow ID of the CoE BYODL Makers dataflow." languagecode="1033" />
  </description>
  <displayname default="Maker Dataflow ID">
    <label description="Maker Dataflow ID" languagecode="1033" />
  </displayname>
  <introducedversion>1.1</introducedversion>
  <iscustomizable>1</iscustomizable>
  <isrequired>0</isrequired>
  <secretstore>0</secretstore>
  <type>100000000</type>
</environmentvariabledefinition>