<environmentvariabledefinition schemaname="admin_SyncFlowErrorsDeleteAfterXDays">
  <defaultvalue>7</defaultvalue>
  <description default="Inventory - Number of days back to store sync flow error records. Will delete records older than this number of days. Default 7">
    <label description="Inventory - Number of days back to store sync flow error records. Will delete records older than this number of days. Default 7" languagecode="1033" />
  </description>
  <displayname default="Sync Flow Errors Delete After X Days">
    <label description="Sync Flow Errors Delete After X Days" languagecode="1033" />
  </displayname>
  <introducedversion>4.17.20</introducedversion>
  <iscustomizable>1</iscustomizable>
  <isrequired>0</isrequired>
  <secretstore>0</secretstore>
  <type>100000001</type>
</environmentvariabledefinition>