<appaction uniquename="admin__ViewSecurityRole!8e7fb79665f843c2b2206af259034a0e!admin_PowerPlatformAdminView!admin_environmentsecurityrolepermission!0">
  <appmoduleid>
    <uniquename>admin_PowerPlatformAdminView</uniquename>
  </appmoduleid>
  <buttonlabeltext default="View Security Role">
    <label description="View Security Role" languagecode="1033" />
  </buttonlabeltext>
  <buttonsequencepriority>5.0000000000</buttonsequencepriority>
  <context>1</context>
  <contextentity>
    <logicalname>admin_environmentsecurityrolepermission</logicalname>
  </contextentity>
  <contextvalue>admin_environmentsecurityrolepermission</contextvalue>
  <fonticon>ManageRoles</fonticon>
  <hidden>0</hidden>
  <iscustomizable>1</iscustomizable>
  <isdisabled>0</isdisabled>
  <isgrouptitlehidden>0</isgrouptitlehidden>
  <location>0</location>
  <name>ViewSecurityRole!8e7fb79665f843c2b2206af259034a0e</name>
  <onclickeventformulacomponentlibraryid>
    <name>admin_powerplatformadminviewdefaultcommandlibrary_07392</name>
  </onclickeventformulacomponentlibraryid>
  <onclickeventformulacomponentname>af371f9f7ec4434c84315eae32b538b8</onclickeventformulacomponentname>
  <onclickeventformulafunctionname>OnSelect</onclickeventformulafunctionname>
  <onclickeventtype>1</onclickeventtype>
  <origin>0</origin>
  <statecode>0</statecode>
  <statuscode>1</statuscode>
  <type>0</type>
  <visibilityformulacomponentlibraryid>
    <name>admin_powerplatformadminviewdefaultcommandlibrary_07392</name>
  </visibilityformulacomponentlibraryid>
  <visibilityformulacomponentname>af371f9f7ec4434c84315eae32b538b8</visibilityformulacomponentname>
  <visibilityformulafunctionname>Visible</visibilityformulafunctionname>
  <visibilitytype>1</visibilitytype>
</appaction>