<environmentvariabledefinition schemaname="admin_TrainingInaDayFeedbackForm">
  <description default="Link to the Feedback form for your Training in a day course">
    <label description="Link to the Feedback form for your Training in a day course" languagecode="1033" />
  </description>
  <displayname default="Training In a Day - Feedback Form">
    <label description="Training In a Day - Feedback Form" languagecode="1033" />
  </displayname>
  <introducedversion>1.16</introducedversion>
  <iscustomizable>1</iscustomizable>
  <isrequired>0</isrequired>
  <secretstore>0</secretstore>
  <type>100000000</type>
</environmentvariabledefinition>