{
  "properties": {
    "connectionReferences": {
      "shared_commondataserviceforapps": {
        "runtimeSource": "embedded",
        "connection": {
          "connectionReferenceLogicalName": "admin_CoECoreDataverse2"
        },
        "api": {
          "name": "shared_commondataserviceforapps"
        }
      }
    },
    "definition": {
      "$schema": "https://schema.management.azure.com/providers/Microsoft.Logic/schemas/2016-06-01/workflowdefinition.json#",
      "contentVersion": "1.0.0.0",
      "parameters": {
        "$connections": {
          "defaultValue": {},
          "type": "Object"
        },
        "$authentication": {
          "defaultValue": {},
          "type": "SecureObject"
        },
        "Power Automate Environment Variable (admin_PowerAutomateEnvironmentVariable)": {
          "defaultValue": "https://flow.microsoft.com/manage/environments/",
          "type": "String",
          "metadata": {
            "schemaName": "admin_PowerAutomateEnvironmentVariable",
            "description": "Inventory - REQUIRED. Environment, including geographic location, for Power Automate - Ex for commercial: https://flow.microsoft.com/manage/environments/"
          }
        }
      },
      "triggers": {
        "manual": {
          "metadata": {
            "operationMetadataId": "07a950fb-8d82-411a-b4e8-a1542c8613bc"
          },
          "type": "Request",
          "kind": "Button",
          "inputs": {
            "schema": {
              "type": "object",
              "properties": {},
              "required": []
            }
          }
        }
      },
      "actions": {
        "StarterCategories": {
          "runAfter": {},
          "metadata": {
            "operationMetadataId": "aa21037c-ca64-440f-89bd-71506389ec33"
          },
          "type": "InitializeVariable",
          "inputs": {
            "variables": [
              {
                "name": "StarterCategories",
                "type": "array",
                "value": [
                  {
                    "CategoryName": "Use Case",
                    "SortOrder": 1
                  },
                  {
                    "CategoryName": "Audience",
                    "SortOrder": 2
                  },
                  {
                    "CategoryName": "Complexity",
                    "SortOrder": 3
                  },
                  {
                    "CategoryName": "Data",
                    "SortOrder": 4
                  },
                  {
                    "CategoryName": "Support",
                    "SortOrder": 5
                  }
                ]
              }
            ]
          }
        },
        "Initialize_StarterQuestions": {
          "runAfter": {
            "StarterCategories": [
              "Succeeded"
            ]
          },
          "metadata": {
            "operationMetadataId": "6ae0c7c8-ac4d-4600-be3b-a1119354170c"
          },
          "type": "InitializeVariable",
          "inputs": {
            "variables": [
              {
                "name": "StarterQuestions",
                "type": "array",
                "value": [
                  {
                    "QuestionName": "Will you be using AI models in your app?",
                    "Category": "Complexity",
                    "KeepInMind": "Does your app need to scan, read and save information from PDFs or images? Will you need to recognize and count things in images? Will you need to categorize text by its meaning or predict whether something will happen based on historic data?",
                    "DDType": "Single",
                    "CatGUID": ""
                  },
                  {
                    "QuestionName": "How many steps are in your workflow?",
                    "Category": "Complexity",
                    "KeepInMind": "",
                    "DDType": "Single",
                    "CatGUID": ""
                  },
                  {
                    "QuestionName": "Will you be developing a multi-step business process?",
                    "Category": "Complexity",
                    "KeepInMind": "Will you guide people through a step by step process that leads users through the process you have defined for actions that need to be done?",
                    "DDType": "Single",
                    "CatGUID": ""
                  },
                  {
                    "QuestionName": "Does the app need to work offline?",
                    "Category": "Complexity",
                    "KeepInMind": "",
                    "DDType": "Single",
                    "CatGUID": ""
                  },
                  {
                    "QuestionName": "Does your app need to support multiple languages?",
                    "Category": "Complexity",
                    "KeepInMind": "",
                    "DDType": "Single",
                    "CatGUID": ""
                  },
                  {
                    "QuestionName": "Soltution Type",
                    "Category": "Use Case",
                    "KeepInMind": "",
                    "DDType": "Single",
                    "CatGUID": ""
                  },
                  {
                    "QuestionName": "What is your use case?",
                    "Category": "Use Case",
                    "KeepInMind": "",
                    "DDType": "Single",
                    "CatGUID": ""
                  },
                  {
                    "QuestionName": "Who will be supporting the app?",
                    "Category": "Support",
                    "KeepInMind": "",
                    "DDType": "Single",
                    "CatGUID": ""
                  },
                  {
                    "QuestionName": "Who will be building the app?",
                    "Category": "Support",
                    "KeepInMind": "",
                    "DDType": "Single",
                    "CatGUID": ""
                  },
                  {
                    "QuestionName": "How important is the app?",
                    "Category": "Support",
                    "KeepInMind": "",
                    "DDType": "Single",
                    "CatGUID": ""
                  },
                  {
                    "QuestionName": "How often will the app be used?",
                    "Category": "Audience",
                    "KeepInMind": "",
                    "DDType": "Single",
                    "CatGUID": ""
                  },
                  {
                    "QuestionName": "Who is the target audience for this app?",
                    "Category": "Audience",
                    "KeepInMind": "",
                    "DDType": "Multi",
                    "CatGUID": ""
                  },
                  {
                    "QuestionName": "Does your solution require vendors to access the data?",
                    "Category": "Audience",
                    "KeepInMind": "",
                    "DDType": "Single",
                    "CatGUID": ""
                  },
                  {
                    "QuestionName": "What is your audience size?",
                    "Category": "Audience",
                    "KeepInMind": "",
                    "DDType": "Single",
                    "CatGUID": ""
                  },
                  {
                    "QuestionName": "Are you going to store large images and files?",
                    "Category": "Data",
                    "KeepInMind": "",
                    "DDType": "Single",
                    "CatGUID": ""
                  },
                  {
                    "QuestionName": "Are there custom APIs that you need to connect to?",
                    "Category": "Data",
                    "KeepInMind": "",
                    "DDType": "Single",
                    "CatGUID": ""
                  },
                  {
                    "QuestionName": "What data will you be using in the app?",
                    "Category": "Data",
                    "KeepInMind": "",
                    "DDType": "Multi",
                    "CatGUID": ""
                  },
                  {
                    "QuestionName": "How many backends or data sources are used?",
                    "Category": "Data",
                    "KeepInMind": "",
                    "DDType": "Single",
                    "CatGUID": ""
                  },
                  {
                    "QuestionName": "Do you require hierarchical security?",
                    "Category": "Data",
                    "KeepInMind": "For example, if storing sales data - do you need to implement security where the Head Office can see all sales, the Sales team in the US can only see their sales, and the Sales team in Europe can only see their sales. ",
                    "DDType": "Single",
                    "CatGUID": ""
                  },
                  {
                    "QuestionName": "Do you require field level security?",
                    "Category": "Data",
                    "KeepInMind": "Do you need to hide specific fields from specific individuals or teams?",
                    "DDType": "Single",
                    "CatGUID": ""
                  },
                  {
                    "QuestionName": "Do you need row level security?",
                    "Category": "Data",
                    "KeepInMind": "Do you need to hide specific fields from specific individuals or teams?",
                    "DDType": "Single",
                    "CatGUID": ""
                  },
                  {
                    "QuestionName": "What are your reporting requirements?",
                    "Category": "Data",
                    "KeepInMind": "Do you need simple reports with non-real-time data or do you need advance reporting with strong security requirements?",
                    "DDType": "Single",
                    "CatGUID": ""
                  },
                  {
                    "QuestionName": "How complex is your data model?",
                    "Category": "Data",
                    "KeepInMind": "How many tables do you have?  Do they have relationships?",
                    "DDType": "Single",
                    "CatGUID": ""
                  }
                ]
              }
            ]
          }
        },
        "Initialize_StarterAnswers": {
          "runAfter": {
            "Initialize_StarterQuestions": [
              "Succeeded"
            ]
          },
          "metadata": {
            "operationMetadataId": "62c28c5e-0eb4-44bc-8d64-11d0a33907f2"
          },
          "type": "InitializeVariable",
          "inputs": {
            "variables": [
              {
                "name": "StarterAnswers",
                "type": "array",
                "value": [
                  {
                    "AnswerName": "No",
                    "QuestionName": "Will you be using AI models in your app?",
                    "Considerations": "",
                    "isDefault": true,
                    "RequiresStorage": false,
                    "RequiresAI": false,
                    "RequiresPortal": false,
                    "RequiresPremium": false,
                    "RequiresSupport": false,
                    "QuestionGUID": ""
                  },
                  {
                    "AnswerName": "Yes",
                    "QuestionName": "Will you be using AI models in your app?",
                    "Considerations": "",
                    "isDefault": false,
                    "RequiresStorage": false,
                    "RequiresAI": true,
                    "RequiresPortal": false,
                    "RequiresPremium": true,
                    "RequiresSupport": false,
                    "QuestionGUID": ""
                  },
                  {
                    "AnswerName": "Yes",
                    "QuestionName": "Are there custom APIs that you need to connect to?",
                    "Considerations": "",
                    "isDefault": false,
                    "RequiresStorage": false,
                    "RequiresAI": false,
                    "RequiresPortal": false,
                    "RequiresPremium": true,
                    "RequiresSupport": false,
                    "QuestionGUID": ""
                  },
                  {
                    "AnswerName": "No",
                    "QuestionName": "Are there custom APIs that you need to connect to?",
                    "Considerations": "",
                    "isDefault": false,
                    "RequiresStorage": false,
                    "RequiresAI": false,
                    "RequiresPortal": false,
                    "RequiresPremium": false,
                    "RequiresSupport": false,
                    "QuestionGUID": ""
                  },
                  {
                    "AnswerName": "Yes",
                    "QuestionName": "Are you going to store large images and files?",
                    "Considerations": "This may result in you needing a premium license.",
                    "isDefault": false,
                    "RequiresStorage": false,
                    "RequiresAI": false,
                    "RequiresPortal": false,
                    "RequiresPremium": true,
                    "RequiresSupport": false,
                    "QuestionGUID": ""
                  },
                  {
                    "AnswerName": "No",
                    "QuestionName": "Are you going to store large images and files?",
                    "Considerations": "",
                    "isDefault": true,
                    "RequiresStorage": false,
                    "RequiresAI": false,
                    "RequiresPortal": false,
                    "RequiresPremium": false,
                    "RequiresSupport": false,
                    "QuestionGUID": ""
                  },
                  {
                    "AnswerName": "Yes",
                    "QuestionName": "Do you require field level security?",
                    "Considerations": "",
                    "isDefault": false,
                    "RequiresStorage": false,
                    "RequiresAI": false,
                    "RequiresPortal": false,
                    "RequiresPremium": true,
                    "RequiresSupport": false,
                    "QuestionGUID": ""
                  },
                  {
                    "AnswerName": "No",
                    "QuestionName": "Do you require field level security?",
                    "Considerations": "",
                    "isDefault": true,
                    "RequiresStorage": false,
                    "RequiresAI": false,
                    "RequiresPortal": false,
                    "RequiresPremium": false,
                    "RequiresSupport": false,
                    "QuestionGUID": ""
                  },
                  {
                    "AnswerName": "Yes",
                    "QuestionName": "Do you need row level security?",
                    "Considerations": "",
                    "isDefault": false,
                    "RequiresStorage": false,
                    "RequiresAI": false,
                    "RequiresPortal": false,
                    "RequiresPremium": true,
                    "RequiresSupport": false,
                    "QuestionGUID": ""
                  },
                  {
                    "AnswerName": "No",
                    "QuestionName": "Do you need row level security?",
                    "Considerations": "",
                    "isDefault": true,
                    "RequiresStorage": false,
                    "RequiresAI": false,
                    "RequiresPortal": false,
                    "RequiresPremium": false,
                    "RequiresSupport": false,
                    "QuestionGUID": ""
                  },
                  {
                    "AnswerName": "Yes",
                    "QuestionName": "Do you require hierarchical security?",
                    "Considerations": "",
                    "isDefault": false,
                    "RequiresStorage": false,
                    "RequiresAI": false,
                    "RequiresPortal": false,
                    "RequiresPremium": true,
                    "RequiresSupport": false,
                    "QuestionGUID": ""
                  },
                  {
                    "AnswerName": "No",
                    "QuestionName": "Do you require hierarchical security?",
                    "Considerations": "",
                    "isDefault": true,
                    "RequiresStorage": false,
                    "RequiresAI": false,
                    "RequiresPortal": false,
                    "RequiresPremium": false,
                    "RequiresSupport": false,
                    "QuestionGUID": ""
                  },
                  {
                    "AnswerName": "Yes",
                    "QuestionName": "Does the app need to work offline?",
                    "Considerations": "",
                    "isDefault": false,
                    "RequiresStorage": false,
                    "RequiresAI": false,
                    "RequiresPortal": false,
                    "RequiresPremium": true,
                    "RequiresSupport": false,
                    "QuestionGUID": ""
                  },
                  {
                    "AnswerName": "No",
                    "QuestionName": "Does the app need to work offline?",
                    "Considerations": "",
                    "isDefault": true,
                    "RequiresStorage": false,
                    "RequiresAI": false,
                    "RequiresPortal": false,
                    "RequiresPremium": false,
                    "RequiresSupport": false,
                    "QuestionGUID": ""
                  },
                  {
                    "AnswerName": "Yes",
                    "QuestionName": "Does your app need to support multiple languages?",
                    "Considerations": "",
                    "isDefault": false,
                    "RequiresStorage": false,
                    "RequiresAI": false,
                    "RequiresPortal": false,
                    "RequiresPremium": true,
                    "RequiresSupport": false,
                    "QuestionGUID": ""
                  },
                  {
                    "AnswerName": "No",
                    "QuestionName": "Does your app need to support multiple languages?",
                    "Considerations": "",
                    "isDefault": true,
                    "RequiresStorage": false,
                    "RequiresAI": false,
                    "RequiresPortal": false,
                    "RequiresPremium": false,
                    "RequiresSupport": false,
                    "QuestionGUID": ""
                  },
                  {
                    "AnswerName": "Yes",
                    "QuestionName": "Does your solution require vendors to access the data?",
                    "Considerations": "Due to cross charging your department needs cost for this. Portals consumption is based on page views or unique visitiors, you need to know the number.",
                    "isDefault": false,
                    "RequiresStorage": false,
                    "RequiresAI": false,
                    "RequiresPortal": true,
                    "RequiresPremium": true,
                    "RequiresSupport": false,
                    "QuestionGUID": ""
                  },
                  {
                    "AnswerName": "No",
                    "QuestionName": "Does your solution require vendors to access the data?",
                    "Considerations": "",
                    "isDefault": true,
                    "RequiresStorage": false,
                    "RequiresAI": false,
                    "RequiresPortal": false,
                    "RequiresPremium": false,
                    "RequiresSupport": false,
                    "QuestionGUID": ""
                  },
                  {
                    "AnswerName": "Very complex",
                    "QuestionName": "How complex is your data model?",
                    "Considerations": "",
                    "isDefault": false,
                    "RequiresStorage": false,
                    "RequiresAI": false,
                    "RequiresPortal": false,
                    "RequiresPremium": true,
                    "RequiresSupport": true,
                    "QuestionGUID": ""
                  },
                  {
                    "AnswerName": "More than 5 tables with parent and child relationship requirements",
                    "QuestionName": "How complex is your data model?",
                    "Considerations": "",
                    "isDefault": false,
                    "RequiresStorage": false,
                    "RequiresAI": false,
                    "RequiresPortal": false,
                    "RequiresPremium": true,
                    "RequiresSupport": false,
                    "QuestionGUID": ""
                  },
                  {
                    "AnswerName": "Simple or flat",
                    "QuestionName": "How complex is your data model?",
                    "Considerations": "",
                    "isDefault": false,
                    "RequiresStorage": false,
                    "RequiresAI": false,
                    "RequiresPortal": false,
                    "RequiresPremium": false,
                    "RequiresSupport": false,
                    "QuestionGUID": ""
                  },
                  {
                    "AnswerName": "Business Critical (we will not be able to do our job without it)",
                    "QuestionName": "How important is the app?",
                    "Considerations": "",
                    "isDefault": false,
                    "RequiresStorage": false,
                    "RequiresAI": false,
                    "RequiresPortal": false,
                    "RequiresPremium": false,
                    "RequiresSupport": true,
                    "QuestionGUID": ""
                  },
                  {
                    "AnswerName": "Optional (it would be nice to have)",
                    "QuestionName": "How important is the app?",
                    "Considerations": "",
                    "isDefault": false,
                    "RequiresStorage": false,
                    "RequiresAI": false,
                    "RequiresPortal": false,
                    "RequiresPremium": false,
                    "RequiresSupport": false,
                    "QuestionGUID": ""
                  },
                  {
                    "AnswerName": "Important (we have a workaround but it is quicker using the app)",
                    "QuestionName": "How important is the app?",
                    "Considerations": "",
                    "isDefault": false,
                    "RequiresStorage": false,
                    "RequiresAI": false,
                    "RequiresPortal": false,
                    "RequiresPremium": false,
                    "RequiresSupport": false,
                    "QuestionGUID": ""
                  },
                  {
                    "AnswerName": "1-2",
                    "QuestionName": "How many backends or data sources are used?",
                    "Considerations": "",
                    "isDefault": false,
                    "RequiresStorage": false,
                    "RequiresAI": false,
                    "RequiresPortal": false,
                    "RequiresPremium": false,
                    "RequiresSupport": false,
                    "QuestionGUID": ""
                  },
                  {
                    "AnswerName": "3-4",
                    "QuestionName": "How many backends or data sources are used?",
                    "Considerations": "",
                    "isDefault": true,
                    "RequiresStorage": false,
                    "RequiresAI": false,
                    "RequiresPortal": false,
                    "RequiresPremium": false,
                    "RequiresSupport": false,
                    "QuestionGUID": ""
                  },
                  {
                    "AnswerName": "5+",
                    "QuestionName": "How many backends or data sources are used?",
                    "Considerations": "",
                    "isDefault": false,
                    "RequiresStorage": true,
                    "RequiresAI": false,
                    "RequiresPortal": false,
                    "RequiresPremium": false,
                    "RequiresSupport": false,
                    "QuestionGUID": ""
                  },
                  {
                    "AnswerName": "76+",
                    "QuestionName": "How many steps are in your workflow?",
                    "Considerations": "",
                    "isDefault": false,
                    "RequiresStorage": false,
                    "RequiresAI": false,
                    "RequiresPortal": false,
                    "RequiresPremium": false,
                    "RequiresSupport": false,
                    "QuestionGUID": ""
                  },
                  {
                    "AnswerName": "51-75",
                    "QuestionName": "How many steps are in your workflow?",
                    "Considerations": "",
                    "isDefault": false,
                    "RequiresStorage": false,
                    "RequiresAI": false,
                    "RequiresPortal": false,
                    "RequiresPremium": false,
                    "RequiresSupport": false,
                    "QuestionGUID": ""
                  },
                  {
                    "AnswerName": "26-50",
                    "QuestionName": "How many steps are in your workflow?",
                    "Considerations": "",
                    "isDefault": false,
                    "RequiresStorage": false,
                    "RequiresAI": false,
                    "RequiresPortal": false,
                    "RequiresPremium": false,
                    "RequiresSupport": false,
                    "QuestionGUID": ""
                  },
                  {
                    "AnswerName": "1-25",
                    "QuestionName": "How many steps are in your workflow?",
                    "Considerations": "",
                    "isDefault": false,
                    "RequiresStorage": false,
                    "RequiresAI": false,
                    "RequiresPortal": false,
                    "RequiresPremium": false,
                    "RequiresSupport": false,
                    "QuestionGUID": ""
                  },
                  {
                    "AnswerName": "Weekly",
                    "QuestionName": "How often will the app be used?",
                    "Considerations": "",
                    "isDefault": false,
                    "RequiresStorage": false,
                    "RequiresAI": false,
                    "RequiresPortal": false,
                    "RequiresPremium": false,
                    "RequiresSupport": false,
                    "QuestionGUID": ""
                  },
                  {
                    "AnswerName": "Daily",
                    "QuestionName": "How often will the app be used?",
                    "Considerations": "",
                    "isDefault": false,
                    "RequiresStorage": false,
                    "RequiresAI": false,
                    "RequiresPortal": false,
                    "RequiresPremium": false,
                    "RequiresSupport": false,
                    "QuestionGUID": ""
                  },
                  {
                    "AnswerName": "Monthly",
                    "QuestionName": "How often will the app be used?",
                    "Considerations": "",
                    "isDefault": false,
                    "RequiresStorage": false,
                    "RequiresAI": false,
                    "RequiresPortal": false,
                    "RequiresPremium": false,
                    "RequiresSupport": false,
                    "QuestionGUID": ""
                  },
                  {
                    "AnswerName": "Rarely",
                    "QuestionName": "How often will the app be used?",
                    "Considerations": "",
                    "isDefault": false,
                    "RequiresStorage": false,
                    "RequiresAI": false,
                    "RequiresPortal": false,
                    "RequiresPremium": false,
                    "RequiresSupport": false,
                    "QuestionGUID": ""
                  },
                  {
                    "AnswerName": "UI Flow / Robotic Process Automation",
                    "QuestionName": "Soltution Type",
                    "Considerations": "",
                    "isDefault": false,
                    "RequiresStorage": false,
                    "RequiresAI": false,
                    "RequiresPortal": false,
                    "RequiresPremium": true,
                    "RequiresSupport": false,
                    "QuestionGUID": ""
                  },
                  {
                    "AnswerName": "Chatbot",
                    "QuestionName": "Soltution Type",
                    "Considerations": "",
                    "isDefault": false,
                    "RequiresStorage": false,
                    "RequiresAI": false,
                    "RequiresPortal": false,
                    "RequiresPremium": true,
                    "RequiresSupport": false,
                    "QuestionGUID": ""
                  },
                  {
                    "AnswerName": "External Web app",
                    "QuestionName": "Soltution Type",
                    "Considerations": "",
                    "isDefault": false,
                    "RequiresStorage": false,
                    "RequiresAI": false,
                    "RequiresPortal": true,
                    "RequiresPremium": true,
                    "RequiresSupport": false,
                    "QuestionGUID": ""
                  },
                  {
                    "AnswerName": "Workflow / Business Process Automation",
                    "QuestionName": "Soltution Type",
                    "Considerations": "",
                    "isDefault": false,
                    "RequiresStorage": false,
                    "RequiresAI": false,
                    "RequiresPortal": false,
                    "RequiresPremium": false,
                    "RequiresSupport": false,
                    "QuestionGUID": ""
                  },
                  {
                    "AnswerName": "Mobile or Tablet app",
                    "QuestionName": "Soltution Type",
                    "Considerations": "",
                    "isDefault": false,
                    "RequiresStorage": false,
                    "RequiresAI": false,
                    "RequiresPortal": false,
                    "RequiresPremium": false,
                    "RequiresSupport": false,
                    "QuestionGUID": ""
                  },
                  {
                    "AnswerName": "Advanced real time analytics with security trimmings",
                    "QuestionName": "What are your reporting requirements?",
                    "Considerations": "",
                    "isDefault": false,
                    "RequiresStorage": false,
                    "RequiresAI": false,
                    "RequiresPortal": false,
                    "RequiresPremium": true,
                    "RequiresSupport": false,
                    "QuestionGUID": ""
                  },
                  {
                    "AnswerName": "Simple reporting on non-real-time data. Refresh is on a scheduled frequency.",
                    "QuestionName": "What are your reporting requirements?",
                    "Considerations": "",
                    "isDefault": false,
                    "RequiresStorage": false,
                    "RequiresAI": false,
                    "RequiresPortal": false,
                    "RequiresPremium": false,
                    "RequiresSupport": false,
                    "QuestionGUID": ""
                  },
                  {
                    "AnswerName": "CRM/ERP/SAP",
                    "QuestionName": "What data will you be using in the app?",
                    "Considerations": "",
                    "isDefault": false,
                    "RequiresStorage": false,
                    "RequiresAI": false,
                    "RequiresPortal": false,
                    "RequiresPremium": true,
                    "RequiresSupport": true,
                    "QuestionGUID": ""
                  },
                  {
                    "AnswerName": "Excel",
                    "QuestionName": "What data will you be using in the app?",
                    "Considerations": "",
                    "isDefault": false,
                    "RequiresStorage": false,
                    "RequiresAI": false,
                    "RequiresPortal": false,
                    "RequiresPremium": false,
                    "RequiresSupport": false,
                    "QuestionGUID": ""
                  },
                  {
                    "AnswerName": "SharePoint",
                    "QuestionName": "What data will you be using in the app?",
                    "Considerations": "",
                    "isDefault": false,
                    "RequiresStorage": false,
                    "RequiresAI": false,
                    "RequiresPortal": false,
                    "RequiresPremium": false,
                    "RequiresSupport": false,
                    "QuestionGUID": ""
                  },
                  {
                    "AnswerName": "Legacy system",
                    "QuestionName": "What data will you be using in the app?",
                    "Considerations": "",
                    "isDefault": false,
                    "RequiresStorage": false,
                    "RequiresAI": false,
                    "RequiresPortal": false,
                    "RequiresPremium": true,
                    "RequiresSupport": true,
                    "QuestionGUID": ""
                  },
                  {
                    "AnswerName": "I need a new Dataverse data base",
                    "QuestionName": "What data will you be using in the app?",
                    "Considerations": "",
                    "isDefault": false,
                    "RequiresStorage": false,
                    "RequiresAI": false,
                    "RequiresPortal": false,
                    "RequiresPremium": true,
                    "RequiresSupport": false,
                    "QuestionGUID": ""
                  },
                  {
                    "AnswerName": "I need a new data base - other type",
                    "QuestionName": "What data will you be using in the app?",
                    "Considerations": "",
                    "isDefault": false,
                    "RequiresStorage": false,
                    "RequiresAI": false,
                    "RequiresPortal": false,
                    "RequiresPremium": true,
                    "RequiresSupport": true,
                    "QuestionGUID": ""
                  },
                  {
                    "AnswerName": "More",
                    "QuestionName": "What is your audience size?",
                    "Considerations": "",
                    "isDefault": false,
                    "RequiresStorage": false,
                    "RequiresAI": false,
                    "RequiresPortal": false,
                    "RequiresPremium": false,
                    "RequiresSupport": true,
                    "QuestionGUID": ""
                  },
                  {
                    "AnswerName": "1-50",
                    "QuestionName": "What is your audience size?",
                    "Considerations": "",
                    "isDefault": false,
                    "RequiresStorage": false,
                    "RequiresAI": false,
                    "RequiresPortal": false,
                    "RequiresPremium": false,
                    "RequiresSupport": false,
                    "QuestionGUID": ""
                  },
                  {
                    "AnswerName": "50-500",
                    "QuestionName": "What is your audience size?",
                    "Considerations": "",
                    "isDefault": false,
                    "RequiresStorage": false,
                    "RequiresAI": false,
                    "RequiresPortal": false,
                    "RequiresPremium": false,
                    "RequiresSupport": false,
                    "QuestionGUID": ""
                  },
                  {
                    "AnswerName": "500-1000",
                    "QuestionName": "What is your audience size?",
                    "Considerations": "",
                    "isDefault": false,
                    "RequiresStorage": false,
                    "RequiresAI": false,
                    "RequiresPortal": false,
                    "RequiresPremium": false,
                    "RequiresSupport": false,
                    "QuestionGUID": ""
                  },
                  {
                    "AnswerName": "Daily Ops",
                    "QuestionName": "What is your use case?",
                    "Considerations": "",
                    "isDefault": false,
                    "RequiresStorage": false,
                    "RequiresAI": false,
                    "RequiresPortal": false,
                    "RequiresPremium": false,
                    "RequiresSupport": true,
                    "QuestionGUID": ""
                  },
                  {
                    "AnswerName": "Enterprise App",
                    "QuestionName": "What is your use case?",
                    "Considerations": "",
                    "isDefault": false,
                    "RequiresStorage": false,
                    "RequiresAI": false,
                    "RequiresPortal": false,
                    "RequiresPremium": false,
                    "RequiresSupport": true,
                    "QuestionGUID": ""
                  },
                  {
                    "AnswerName": "Productivity",
                    "QuestionName": "What is your use case?",
                    "Considerations": "",
                    "isDefault": false,
                    "RequiresStorage": false,
                    "RequiresAI": false,
                    "RequiresPortal": false,
                    "RequiresPremium": false,
                    "RequiresSupport": false,
                    "QuestionGUID": ""
                  },
                  {
                    "AnswerName": "Management",
                    "QuestionName": "What is your use case?",
                    "Considerations": "",
                    "isDefault": false,
                    "RequiresStorage": false,
                    "RequiresAI": false,
                    "RequiresPortal": false,
                    "RequiresPremium": false,
                    "RequiresSupport": false,
                    "QuestionGUID": ""
                  },
                  {
                    "AnswerName": "All employees",
                    "QuestionName": "Who is the target audience for this app?",
                    "Considerations": "",
                    "isDefault": false,
                    "RequiresStorage": false,
                    "RequiresAI": false,
                    "RequiresPortal": false,
                    "RequiresPremium": false,
                    "RequiresSupport": true,
                    "QuestionGUID": ""
                  },
                  {
                    "AnswerName": "Our customers (B2C)",
                    "QuestionName": "Who is the target audience for this app?",
                    "Considerations": "",
                    "isDefault": false,
                    "RequiresStorage": false,
                    "RequiresAI": false,
                    "RequiresPortal": true,
                    "RequiresPremium": true,
                    "RequiresSupport": false,
                    "QuestionGUID": ""
                  },
                  {
                    "AnswerName": "External users (partners, vendors)",
                    "QuestionName": "Who is the target audience for this app?",
                    "Considerations": "",
                    "isDefault": false,
                    "RequiresStorage": false,
                    "RequiresAI": false,
                    "RequiresPortal": false,
                    "RequiresPremium": true,
                    "RequiresSupport": false,
                    "QuestionGUID": ""
                  },
                  {
                    "AnswerName": "My business unit",
                    "QuestionName": "Who is the target audience for this app?",
                    "Considerations": "",
                    "isDefault": false,
                    "RequiresStorage": false,
                    "RequiresAI": false,
                    "RequiresPortal": false,
                    "RequiresPremium": false,
                    "RequiresSupport": false,
                    "QuestionGUID": ""
                  },
                  {
                    "AnswerName": "Me and my team",
                    "QuestionName": "Who is the target audience for this app?",
                    "Considerations": "",
                    "isDefault": false,
                    "RequiresStorage": false,
                    "RequiresAI": false,
                    "RequiresPortal": false,
                    "RequiresPremium": false,
                    "RequiresSupport": false,
                    "QuestionGUID": ""
                  },
                  {
                    "AnswerName": "Just me",
                    "QuestionName": "Who will be building the app?",
                    "Considerations": "",
                    "isDefault": false,
                    "RequiresStorage": false,
                    "RequiresAI": false,
                    "RequiresPortal": false,
                    "RequiresPremium": false,
                    "RequiresSupport": false,
                    "QuestionGUID": ""
                  },
                  {
                    "AnswerName": "Me and My Team",
                    "QuestionName": "Who will be building the app?",
                    "Considerations": "",
                    "isDefault": false,
                    "RequiresStorage": false,
                    "RequiresAI": false,
                    "RequiresPortal": false,
                    "RequiresPremium": false,
                    "RequiresSupport": false,
                    "QuestionGUID": ""
                  },
                  {
                    "AnswerName": "I need help",
                    "QuestionName": "Who will be building the app?",
                    "Considerations": "",
                    "isDefault": false,
                    "RequiresStorage": false,
                    "RequiresAI": false,
                    "RequiresPortal": false,
                    "RequiresPremium": false,
                    "RequiresSupport": true,
                    "QuestionGUID": ""
                  },
                  {
                    "AnswerName": "Me",
                    "QuestionName": "Who will be supporting the app?",
                    "Considerations": "",
                    "isDefault": true,
                    "RequiresStorage": false,
                    "RequiresAI": false,
                    "RequiresPortal": false,
                    "RequiresPremium": false,
                    "RequiresSupport": false,
                    "QuestionGUID": ""
                  },
                  {
                    "AnswerName": "I need help",
                    "QuestionName": "Who will be supporting the app?",
                    "Considerations": "",
                    "isDefault": false,
                    "RequiresStorage": false,
                    "RequiresAI": false,
                    "RequiresPortal": false,
                    "RequiresPremium": false,
                    "RequiresSupport": true,
                    "QuestionGUID": ""
                  },
                  {
                    "AnswerName": "Yes",
                    "QuestionName": "Will you be developing a multi-step business process?",
                    "Considerations": "",
                    "isDefault": false,
                    "RequiresStorage": false,
                    "RequiresAI": false,
                    "RequiresPortal": false,
                    "RequiresPremium": true,
                    "RequiresSupport": false,
                    "QuestionGUID": ""
                  },
                  {
                    "AnswerName": "No",
                    "QuestionName": "Will you be developing a multi-step business process?",
                    "Considerations": "",
                    "isDefault": true,
                    "RequiresStorage": false,
                    "RequiresAI": false,
                    "RequiresPortal": false,
                    "RequiresPremium": false,
                    "RequiresSupport": false,
                    "QuestionGUID": ""
                  }
                ]
              }
            ]
          }
        },
        "Add_Maker_Assessment_Starter_Data_SCOPE": {
          "actions": {
            "Add_Categories": {
              "actions": {
                "Apply_to_each_category": {
                  "foreach": "@body('Parse_Categories')",
                  "actions": {
                    "See_if_already_exists_-_Categories": {
                      "runAfter": {},
                      "metadata": {
                        "operationMetadataId": "5a0c8eae-8401-4938-9f65-5dc1061e3cdd"
                      },
                      "type": "OpenApiConnection",
                      "inputs": {
                        "host": {
                          "connectionName": "shared_commondataserviceforapps",
                          "operationId": "ListRecords",
                          "apiId": "/providers/Microsoft.PowerApps/apis/shared_commondataserviceforapps"
                        },
                        "parameters": {
                          "entityName": "admin_makerassessmentcategories",
                          "$select": "admin_makerassessmentcategoryid",
                          "$filter": "admin_categoryname eq '@{items('Apply_to_each_category')['CategoryName']}'"
                        },
                        "authentication": {
                          "type": "Raw",
                          "value": "@json(decodeBase64(triggerOutputs().headers['X-MS-APIM-Tokens']))['$ConnectionKey']"
                        }
                      },
                      "runtimeConfiguration": {
                        "paginationPolicy": {
                          "minimumItemCount": 100000
                        }
                      }
                    },
                    "Add_if_does_not_exist__-_Categories": {
                      "actions": {
                        "Add_a_new_category": {
                          "runAfter": {},
                          "metadata": {
                            "operationMetadataId": "e3c9c170-45b8-4b5b-938f-658e04e10349"
                          },
                          "type": "OpenApiConnection",
                          "inputs": {
                            "host": {
                              "connectionName": "shared_commondataserviceforapps",
                              "operationId": "CreateRecord",
                              "apiId": "/providers/Microsoft.PowerApps/apis/shared_commondataserviceforapps"
                            },
                            "parameters": {
                              "entityName": "admin_makerassessmentcategories",
                              "item/admin_categoryname": "@items('Apply_to_each_category')['CategoryName']",
                              "item/admin_sortorder": "@items('Apply_to_each_category')['SortOrder']"
                            },
                            "authentication": {
                              "type": "Raw",
                              "value": "@json(decodeBase64(triggerOutputs().headers['X-MS-APIM-Tokens']))['$ConnectionKey']"
                            }
                          }
                        }
                      },
                      "runAfter": {
                        "See_if_already_exists_-_Categories": [
                          "Succeeded"
                        ]
                      },
                      "else": {
                        "actions": {
                          "Category_GUID": {
                            "runAfter": {},
                            "metadata": {
                              "operationMetadataId": "a9e90be2-d586-49b7-a562-419cad0cd1d5"
                            },
                            "type": "Compose",
                            "inputs": "@first(outputs('See_if_already_exists_-_Categories')?['body/value'])?['admin_makerassessmentcategoryid']"
                          }
                        }
                      },
                      "expression": {
                        "less": [
                          "@length(outputs('See_if_already_exists_-_Categories')?['body/value'])",
                          1
                        ]
                      },
                      "metadata": {
                        "operationMetadataId": "50f3194f-0c31-4cbc-b759-ebbce57c1619"
                      },
                      "type": "If"
                    }
                  },
                  "runAfter": {
                    "Parse_Categories": [
                      "Succeeded"
                    ]
                  },
                  "metadata": {
                    "operationMetadataId": "7137d795-acff-45c8-ae83-eee334f9c46f"
                  },
                  "type": "Foreach"
                },
                "Parse_Categories": {
                  "runAfter": {},
                  "metadata": {
                    "operationMetadataId": "c014e400-7e3b-425d-a549-2a836bd39712"
                  },
                  "type": "ParseJson",
                  "inputs": {
                    "content": "@variables('StarterCategories')",
                    "schema": {
                      "type": "array",
                      "items": {
                        "type": "object",
                        "properties": {
                          "CategoryName": {
                            "type": "string"
                          },
                          "SortOrder": {
                            "type": "integer"
                          }
                        },
                        "required": [
                          "CategoryName",
                          "SortOrder"
                        ]
                      }
                    }
                  }
                }
              },
              "runAfter": {},
              "metadata": {
                "operationMetadataId": "2411c3f0-5d7a-427a-8b7b-77e7e76d77f7"
              },
              "type": "Scope"
            },
            "Add_Questions": {
              "actions": {
                "Parse_Questions": {
                  "runAfter": {},
                  "metadata": {
                    "operationMetadataId": "d21b360a-fe80-4aa9-a37c-286fc34f9abc"
                  },
                  "type": "ParseJson",
                  "inputs": {
                    "content": "@variables('StarterQuestions')",
                    "schema": {
                      "type": "array",
                      "items": {
                        "type": "object",
                        "properties": {
                          "QuestionName": {
                            "type": "string"
                          },
                          "Category": {
                            "type": "string"
                          },
                          "KeepInMind": {
                            "type": "string"
                          },
                          "DDType": {
                            "type": "string"
                          },
                          "CatGUID": {
                            "type": "string"
                          }
                        },
                        "required": [
                          "QuestionName",
                          "Category"
                        ]
                      }
                    }
                  }
                },
                "Get_Category_GUIDS": {
                  "foreach": "@body('Parse_Questions')",
                  "actions": {
                    "Get_Category": {
                      "runAfter": {},
                      "metadata": {
                        "operationMetadataId": "82035618-403d-45a3-b8e3-cc12ea0b907c"
                      },
                      "type": "OpenApiConnection",
                      "inputs": {
                        "host": {
                          "connectionName": "shared_commondataserviceforapps",
                          "operationId": "ListRecords",
                          "apiId": "/providers/Microsoft.PowerApps/apis/shared_commondataserviceforapps"
                        },
                        "parameters": {
                          "entityName": "admin_makerassessmentcategories",
                          "$select": "admin_makerassessmentcategoryid",
                          "$filter": "admin_categoryname eq '@{items('Get_Category_GUIDS')['Category']}'"
                        },
                        "authentication": {
                          "type": "Raw",
                          "value": "@json(decodeBase64(triggerOutputs().headers['X-MS-APIM-Tokens']))['$ConnectionKey']"
                        }
                      },
                      "runtimeConfiguration": {
                        "paginationPolicy": {
                          "minimumItemCount": 100000
                        }
                      }
                    },
                    "Get_Category_GUID": {
                      "runAfter": {
                        "Get_Category": [
                          "Succeeded"
                        ]
                      },
                      "metadata": {
                        "operationMetadataId": "ba00f979-8ddb-4f61-81a2-d8926af61a1f"
                      },
                      "type": "Compose",
                      "inputs": "@first(outputs('Get_Category')?['body/value'])?['admin_makerassessmentcategoryid']"
                    },
                    "Append_to_array_variable_-_questions_with_cat_guids": {
                      "runAfter": {
                        "Get_Category_GUID": [
                          "Succeeded"
                        ]
                      },
                      "metadata": {
                        "operationMetadataId": "b4ad6396-6fc9-4d5c-b526-8725f878c0f1"
                      },
                      "type": "AppendToArrayVariable",
                      "inputs": {
                        "name": "StarterQuestions",
                        "value": {
                          "QuestionName": "@items('Get_Category_GUIDS')['QuestionName']",
                          "Category": "@items('Get_Category_GUIDS')['Category']",
                          "KeepInMind": "@items('Get_Category_GUIDS')['KeepInMind']",
                          "DDType": "@items('Get_Category_GUIDS')?['DDType']",
                          "CatGUID": "@outputs('Get_Category_GUID')"
                        }
                      }
                    }
                  },
                  "runAfter": {
                    "Parse_Questions": [
                      "Succeeded"
                    ]
                  },
                  "metadata": {
                    "operationMetadataId": "fa90085b-feea-415f-99ef-0620c52acbe8"
                  },
                  "type": "Foreach"
                },
                "Filter_to_questions_with_cat_guids": {
                  "runAfter": {
                    "ReParse_Questions": [
                      "Succeeded"
                    ]
                  },
                  "metadata": {
                    "operationMetadataId": "eebfbc23-6329-4cd9-8a5b-43aa3897f791"
                  },
                  "type": "Query",
                  "inputs": {
                    "from": "@body('ReParse_Questions')",
                    "where": "@not(equals(item()?['CatGUID'], ''))"
                  }
                },
                "ReParse_Questions": {
                  "runAfter": {
                    "Get_Category_GUIDS": [
                      "Succeeded"
                    ]
                  },
                  "metadata": {
                    "operationMetadataId": "9f160ca9-4744-403b-9025-c0199e385eee"
                  },
                  "type": "ParseJson",
                  "inputs": {
                    "content": "@variables('StarterQuestions')",
                    "schema": {
                      "type": "array",
                      "items": {
                        "type": "object",
                        "properties": {
                          "QuestionName": {
                            "type": "string"
                          },
                          "Category": {
                            "type": "string"
                          },
                          "KeepInMind": {
                            "type": "string"
                          },
                          "DDType": {
                            "type": "string"
                          },
                          "CatGUID": {
                            "type": "string"
                          }
                        },
                        "required": [
                          "QuestionName",
                          "Category"
                        ]
                      }
                    }
                  }
                },
                "Apply_to_each_question": {
                  "foreach": "@body('Filter_to_questions_with_cat_guids')",
                  "actions": {
                    "See_if_already_exists_-_Questions": {
                      "runAfter": {},
                      "metadata": {
                        "operationMetadataId": "2a6b7511-4ed8-4ff8-bfdb-9523eed1ada4"
                      },
                      "type": "OpenApiConnection",
                      "inputs": {
                        "host": {
                          "connectionName": "shared_commondataserviceforapps",
                          "operationId": "ListRecords",
                          "apiId": "/providers/Microsoft.PowerApps/apis/shared_commondataserviceforapps"
                        },
                        "parameters": {
                          "entityName": "admin_assessments",
                          "$select": "admin_assessmentid",
                          "$filter": "admin_questionname eq '@{items('Apply_to_each_question')?['QuestionName']}'"
                        },
                        "authentication": {
                          "type": "Raw",
                          "value": "@json(decodeBase64(triggerOutputs().headers['X-MS-APIM-Tokens']))['$ConnectionKey']"
                        }
                      },
                      "runtimeConfiguration": {
                        "paginationPolicy": {
                          "minimumItemCount": 100000
                        }
                      }
                    },
                    "Add_if_does_not_exist_-_Questions": {
                      "actions": {
                        "Add_a_new_question": {
                          "runAfter": {},
                          "metadata": {
                            "operationMetadataId": "c15a6c10-a838-4278-a47f-7ab310fc689c"
                          },
                          "type": "OpenApiConnection",
                          "inputs": {
                            "host": {
                              "connectionName": "shared_commondataserviceforapps",
                              "operationId": "CreateRecord",
                              "apiId": "/providers/Microsoft.PowerApps/apis/shared_commondataserviceforapps"
                            },
                            "parameters": {
                              "entityName": "admin_assessments",
                              "item/admin_questionname": "@items('Apply_to_each_question')?['QuestionName']",
                              "item/admin_MakerAssessmentCategory@odata.bind": "admin_makerassessmentcategories(@{items('Apply_to_each_question')?['CatGUID']})",
                              "item/admin_importantthingstokeepinmind": "@items('Apply_to_each_question')?['KeepInMind']",
                              "item/admin_questionformat": "@if(equals(items('Apply_to_each_question')?['DDType'], 'Single'), 597910001, 597910002)"
                            },
                            "authentication": {
                              "type": "Raw",
                              "value": "@json(decodeBase64(triggerOutputs().headers['X-MS-APIM-Tokens']))['$ConnectionKey']"
                            }
                          }
                        }
                      },
                      "runAfter": {
                        "See_if_already_exists_-_Questions": [
                          "Succeeded"
                        ]
                      },
                      "else": {
                        "actions": {
                          "Question_GUID": {
                            "runAfter": {},
                            "metadata": {
                              "operationMetadataId": "2a781c2a-b3cd-45f2-b330-dcbbfad9c43e"
                            },
                            "type": "Compose",
                            "inputs": "@first(outputs('See_if_already_exists_-_Questions')?['body/value'])?['admin_assessmentid']"
                          }
                        }
                      },
                      "expression": {
                        "less": [
                          "@length(outputs('See_if_already_exists_-_Questions')?['body/value'])",
                          1
                        ]
                      },
                      "metadata": {
                        "operationMetadataId": "c95e42ea-e0f7-4d14-b0ee-95658d1fde11"
                      },
                      "type": "If"
                    }
                  },
                  "runAfter": {
                    "Filter_to_questions_with_cat_guids": [
                      "Succeeded"
                    ]
                  },
                  "metadata": {
                    "operationMetadataId": "1b566075-1fd8-4761-8f56-d068377f5897"
                  },
                  "type": "Foreach"
                }
              },
              "runAfter": {
                "Add_Categories": [
                  "Succeeded"
                ]
              },
              "metadata": {
                "operationMetadataId": "d605ae2a-0929-4a3f-a110-d04494d41cfd"
              },
              "type": "Scope"
            },
            "Add_Answers": {
              "actions": {
                "Parse_Answers": {
                  "runAfter": {},
                  "metadata": {
                    "operationMetadataId": "90cda0dc-456b-41b7-be2f-a56fab7e55b4"
                  },
                  "type": "ParseJson",
                  "inputs": {
                    "content": "@variables('StarterAnswers')",
                    "schema": {
                      "type": "array",
                      "items": {
                        "type": "object",
                        "properties": {
                          "AnswerName": {
                            "type": "string"
                          },
                          "QuestionName": {
                            "type": "string"
                          },
                          "QuestionGUID": {
                            "type": "string"
                          },
                          "Considerations": {
                            "type": "string"
                          },
                          "isDefault": {
                            "type": "boolean"
                          },
                          "RequiresStorage": {
                            "type": "boolean"
                          },
                          "RequiresAI": {
                            "type": "boolean"
                          },
                          "RequiresPortal": {
                            "type": "boolean"
                          },
                          "RequiresPremium": {
                            "type": "boolean"
                          },
                          "RequiresSupport": {
                            "type": "boolean"
                          }
                        },
                        "required": [
                          "AnswerName",
                          "QuestionName",
                          "Considerations"
                        ]
                      }
                    }
                  }
                },
                "Get_Question_GUIDS": {
                  "foreach": "@body('Parse_Answers')",
                  "actions": {
                    "Get_Question": {
                      "runAfter": {},
                      "metadata": {
                        "operationMetadataId": "a7e746f9-7aa0-4434-a355-52a50dff5f05"
                      },
                      "type": "OpenApiConnection",
                      "inputs": {
                        "host": {
                          "connectionName": "shared_commondataserviceforapps",
                          "operationId": "ListRecords",
                          "apiId": "/providers/Microsoft.PowerApps/apis/shared_commondataserviceforapps"
                        },
                        "parameters": {
                          "entityName": "admin_assessments",
                          "$select": "admin_assessmentid",
                          "$filter": "admin_questionname  eq '@{items('Get_Question_GUIDS')['QuestionName']}'"
                        },
                        "authentication": {
                          "type": "Raw",
                          "value": "@json(decodeBase64(triggerOutputs().headers['X-MS-APIM-Tokens']))['$ConnectionKey']"
                        }
                      },
                      "runtimeConfiguration": {
                        "paginationPolicy": {
                          "minimumItemCount": 100000
                        }
                      }
                    },
                    "Get_Question_GUID": {
                      "runAfter": {
                        "Get_Question": [
                          "Succeeded"
                        ]
                      },
                      "metadata": {
                        "operationMetadataId": "313cc719-8fab-49a5-ae0a-479838251282"
                      },
                      "type": "Compose",
                      "inputs": "@first(outputs('Get_Question')?['body/value'])?['admin_assessmentid']"
                    },
                    "Append_to_array_variable_-_answer_with_question_guids": {
                      "runAfter": {
                        "Get_Question_GUID": [
                          "Succeeded"
                        ]
                      },
                      "metadata": {
                        "operationMetadataId": "8923d051-932b-435c-b340-8e16f7d82a4f"
                      },
                      "type": "AppendToArrayVariable",
                      "inputs": {
                        "name": "StarterAnswers",
                        "value": {
                          "AnswerName": "@items('Get_Question_GUIDS')['AnswerName']",
                          "QuestionName": "@items('Get_Question_GUIDS')['QuestionName']",
                          "QuestionGUID": "@outputs('Get_Question_GUID')",
                          "Considerations": "@items('Get_Question_GUIDS')['Considerations']",
                          "isDefault": "@items('Get_Question_GUIDS')?['isDefault']",
                          "RequiresStorage": "@items('Get_Question_GUIDS')?['RequiresStorage']",
                          "RequiresAI": "@items('Get_Question_GUIDS')?['RequiresAI']",
                          "RequiresPortal": "@items('Get_Question_GUIDS')?['RequiresPortal']",
                          "RequiresPremium": "@items('Get_Question_GUIDS')?['RequiresPremium']",
                          "RequiresSupport": "@items('Get_Question_GUIDS')?['RequiresSupport']"
                        }
                      }
                    }
                  },
                  "runAfter": {
                    "Parse_Answers": [
                      "Succeeded"
                    ]
                  },
                  "metadata": {
                    "operationMetadataId": "5bd8a68b-9ea8-4a46-abf1-4dfd80ccecc9"
                  },
                  "type": "Foreach"
                },
                "Filter_to_answers_with_question_guids": {
                  "runAfter": {
                    "ReParse_Answer": [
                      "Succeeded"
                    ]
                  },
                  "metadata": {
                    "operationMetadataId": "e3077982-c579-46d6-9a40-f836659b4e51"
                  },
                  "type": "Query",
                  "inputs": {
                    "from": "@body('ReParse_Answer')",
                    "where": "@not(equals(item()?['QuestionGUID'], ''))"
                  }
                },
                "ReParse_Answer": {
                  "runAfter": {
                    "Get_Question_GUIDS": [
                      "Succeeded"
                    ]
                  },
                  "metadata": {
                    "operationMetadataId": "1833dba3-0204-4ca1-af91-5c991bddf799"
                  },
                  "type": "ParseJson",
                  "inputs": {
                    "content": "@variables('StarterAnswers')",
                    "schema": {
                      "type": "array",
                      "items": {
                        "type": "object",
                        "properties": {
                          "AnswerName": {
                            "type": "string"
                          },
                          "QuestionName": {
                            "type": "string"
                          },
                          "QuestionGUID": {
                            "type": "string"
                          },
                          "Considerations": {
                            "type": "string"
                          },
                          "isDefault": {
                            "type": "boolean"
                          },
                          "RequiresStorage": {
                            "type": "boolean"
                          },
                          "RequiresAI": {
                            "type": "boolean"
                          },
                          "RequiresPortal": {
                            "type": "boolean"
                          },
                          "RequiresPremium": {
                            "type": "boolean"
                          },
                          "RequiresSupport": {
                            "type": "boolean"
                          }
                        },
                        "required": [
                          "AnswerName",
                          "QuestionName",
                          "Considerations"
                        ]
                      }
                    }
                  }
                },
                "Apply_to_each_answer": {
                  "foreach": "@body('Filter_to_answers_with_question_guids')",
                  "actions": {
                    "See_if_already_exists_-_Answers": {
                      "runAfter": {},
                      "metadata": {
                        "operationMetadataId": "5cf666d1-0f5e-4c46-a88f-690a42269763"
                      },
                      "type": "OpenApiConnection",
                      "inputs": {
                        "host": {
                          "connectionName": "shared_commondataserviceforapps",
                          "operationId": "ListRecords",
                          "apiId": "/providers/Microsoft.PowerApps/apis/shared_commondataserviceforapps"
                        },
                        "parameters": {
                          "entityName": "admin_answeroptionses",
                          "$select": "admin_answeroptionsid",
                          "$filter": "_admin_question_value eq @{items('Apply_to_each_answer')?['QuestionGUID']} and admin_answeroption eq '@{items('Apply_to_each_answer')?['AnswerName']}'"
                        },
                        "authentication": {
                          "type": "Raw",
                          "value": "@json(decodeBase64(triggerOutputs().headers['X-MS-APIM-Tokens']))['$ConnectionKey']"
                        }
                      },
                      "runtimeConfiguration": {
                        "paginationPolicy": {
                          "minimumItemCount": 100000
                        }
                      }
                    },
                    "Add_if_does_not_exist_-_Answers": {
                      "actions": {
                        "Add_a_new_answer": {
                          "runAfter": {},
                          "metadata": {
                            "operationMetadataId": "c69ca1ad-e021-4653-be93-a2bd666a4f7e"
                          },
                          "type": "OpenApiConnection",
                          "inputs": {
                            "host": {
                              "connectionName": "shared_commondataserviceforapps",
                              "operationId": "CreateRecord",
                              "apiId": "/providers/Microsoft.PowerApps/apis/shared_commondataserviceforapps"
                            },
                            "parameters": {
                              "entityName": "admin_answeroptionses",
                              "item/admin_answeroption": "@items('Apply_to_each_answer')?['AnswerName']",
                              "item/admin_Question@odata.bind": "admin_assessments(@{items('Apply_to_each_answer')?['QuestionGUID']})",
                              "item/admin_consideration": "@items('Apply_to_each_answer')?['Considerations']",
                              "item/admin_isdefault": "@items('Apply_to_each_answer')?['isDefault']",
                              "item/admin_requiresadditionalstorage": "@items('Apply_to_each_answer')?['RequiresStorage']",
                              "item/admin_requiresaibuilder": "@items('Apply_to_each_answer')?['RequiresAI']",
                              "item/admin_requiresportals": "@items('Apply_to_each_answer')?['RequiresPortal']",
                              "item/admin_requirespremium": "@items('Apply_to_each_answer')?['RequiresPremium']",
                              "item/admin_requiressupport": "@items('Apply_to_each_answer')?['RequiresSupport']"
                            },
                            "authentication": {
                              "type": "Raw",
                              "value": "@json(decodeBase64(triggerOutputs().headers['X-MS-APIM-Tokens']))['$ConnectionKey']"
                            }
                          }
                        }
                      },
                      "runAfter": {
                        "See_if_already_exists_-_Answers": [
                          "Succeeded"
                        ]
                      },
                      "else": {
                        "actions": {
                          "Answer_GUID": {
                            "runAfter": {},
                            "metadata": {
                              "operationMetadataId": "a77ce52d-54d2-42c9-8ce5-01a07b4cea03"
                            },
                            "type": "Compose",
                            "inputs": "@first(outputs('See_if_already_exists_-_Answers')?['body/value'])?['admin_answeroptionsid']"
                          }
                        }
                      },
                      "expression": {
                        "less": [
                          "@length(outputs('See_if_already_exists_-_Answers')?['body/value'])",
                          1
                        ]
                      },
                      "metadata": {
                        "operationMetadataId": "241a6a45-f9bc-4a71-b03a-fdc4ca0e66f9"
                      },
                      "type": "If"
                    }
                  },
                  "runAfter": {
                    "Filter_to_answers_with_question_guids": [
                      "Succeeded"
                    ]
                  },
                  "metadata": {
                    "operationMetadataId": "fd0e4ffb-f7b9-4ad4-81ba-1a87f92a04a3"
                  },
                  "type": "Foreach"
                }
              },
              "runAfter": {
                "Add_Questions": [
                  "Succeeded"
                ]
              },
              "metadata": {
                "operationMetadataId": "900bcb1a-4982-4b3e-87bd-3bbeddb1d84f"
              },
              "type": "Scope"
            }
          },
          "runAfter": {
            "Initialize_StarterAnswers": [
              "Succeeded"
            ]
          },
          "metadata": {
            "operationMetadataId": "69925b7f-62c6-498b-80e2-ab24a9b65c71"
          },
          "type": "Scope"
        },
        "Error_Handling": {
          "actions": {
            "Create_a_new_record_-_Sync_Flow_Errors": {
              "runAfter": {},
              "metadata": {
                "operationMetadataId": "87961ff0-e261-4890-9ab9-a53f88fe0de5"
              },
              "type": "OpenApiConnection",
              "inputs": {
                "host": {
                  "connectionName": "shared_commondataserviceforapps",
                  "operationId": "CreateRecord",
                  "apiId": "/providers/Microsoft.PowerApps/apis/shared_commondataserviceforapps"
                },
                "parameters": {
                  "entityName": "admin_syncflowerrorses",
                  "item/admin_name": "@workflow()?['tags']['flowDisplayName']",
                  "item/admin_flowinstanceurl": "@concat(parameters('Power Automate Environment Variable (admin_PowerAutomateEnvironmentVariable)'), workflow()?['tags']['environmentName'], '/flows/', workflow()?['name'], '/runs/', workflow()?['run']['name'])"
                },
                "authentication": {
                  "type": "Raw",
                  "value": "@json(decodeBase64(triggerOutputs().headers['X-MS-APIM-Tokens']))['$ConnectionKey']"
                },
                "retryPolicy": {
                  "type": "exponential",
                  "count": 10,
                  "interval": "PT10S"
                }
              }
            },
            "Terminate": {
              "runAfter": {
                "Update_Last_Run_Fail": [
                  "Succeeded"
                ]
              },
              "metadata": {
                "operationMetadataId": "9e5a2a18-dba2-47a1-96d5-3356f4348e5a"
              },
              "type": "Terminate",
              "inputs": {
                "runStatus": "Failed",
                "runError": {
                  "code": "500",
                  "message": "Get Environments Failed"
                }
              }
            },
            "Get_ID_Fail": {
              "runAfter": {
                "Create_a_new_record_-_Sync_Flow_Errors": [
                  "Succeeded"
                ]
              },
              "metadata": {
                "operationMetadataId": "47329bf2-8aac-400d-9778-a793b4f1180f"
              },
              "type": "OpenApiConnection",
              "inputs": {
                "host": {
                  "connectionName": "shared_commondataserviceforapps",
                  "operationId": "ListRecords",
                  "apiId": "/providers/Microsoft.PowerApps/apis/shared_commondataserviceforapps"
                },
                "parameters": {
                  "entityName": "admin_coesolutionmetadatas",
                  "$select": "admin_coesolutionmetadataid",
                  "$filter": "admin_objectname eq '@{workflow()?['tags']['flowDisplayName']}'",
                  "$top": 1
                },
                "authentication": {
                  "type": "Raw",
                  "value": "@json(decodeBase64(triggerOutputs().headers['X-MS-APIM-Tokens']))['$ConnectionKey']"
                }
              }
            },
            "Update_Last_Run_Fail": {
              "runAfter": {
                "Get_ID_Fail": [
                  "Succeeded"
                ]
              },
              "metadata": {
                "operationMetadataId": "c63eb7cc-6101-4567-b520-a4a8881264e9"
              },
              "type": "OpenApiConnection",
              "inputs": {
                "host": {
                  "connectionName": "shared_commondataserviceforapps",
                  "operationId": "UpdateRecord",
                  "apiId": "/providers/Microsoft.PowerApps/apis/shared_commondataserviceforapps"
                },
                "parameters": {
                  "entityName": "admin_coesolutionmetadatas",
                  "recordId": "@first(outputs('Get_ID_Fail')?['body/value'])?['admin_coesolutionmetadataid']",
                  "item/admin_lastrun": "@utcNow()",
                  "item/admin_lastrunpassed": false
                },
                "authentication": {
                  "type": "Raw",
                  "value": "@json(decodeBase64(triggerOutputs().headers['X-MS-APIM-Tokens']))['$ConnectionKey']"
                }
              }
            }
          },
          "runAfter": {
            "Add_Maker_Assessment_Starter_Data_SCOPE": [
              "Failed"
            ]
          },
          "metadata": {
            "operationMetadataId": "38ae684e-622d-42ea-abd2-ee571aee3a5f"
          },
          "type": "Scope"
        },
        "Update_last_run_as_pass": {
          "actions": {
            "Update_Last_Run_Successful": {
              "runAfter": {
                "Get_ID_Pass": [
                  "Succeeded"
                ]
              },
              "metadata": {
                "operationMetadataId": "78ef70e5-7f67-4737-9a02-8533f12caa19"
              },
              "type": "OpenApiConnection",
              "inputs": {
                "host": {
                  "connectionName": "shared_commondataserviceforapps",
                  "operationId": "UpdateRecord",
                  "apiId": "/providers/Microsoft.PowerApps/apis/shared_commondataserviceforapps"
                },
                "parameters": {
                  "entityName": "admin_coesolutionmetadatas",
                  "recordId": "@first(outputs('Get_ID_Pass')?['body/value'])?['admin_coesolutionmetadataid']",
                  "item/admin_lastrun": "@utcNow()",
                  "item/admin_lastrunpassed": true
                },
                "authentication": {
                  "type": "Raw",
                  "value": "@json(decodeBase64(triggerOutputs().headers['X-MS-APIM-Tokens']))['$ConnectionKey']"
                }
              }
            },
            "Get_ID_Pass": {
              "runAfter": {},
              "metadata": {
                "operationMetadataId": "f4f314b6-89d3-4056-af1c-73115e7d6bd1"
              },
              "type": "OpenApiConnection",
              "inputs": {
                "host": {
                  "connectionName": "shared_commondataserviceforapps",
                  "operationId": "ListRecords",
                  "apiId": "/providers/Microsoft.PowerApps/apis/shared_commondataserviceforapps"
                },
                "parameters": {
                  "entityName": "admin_coesolutionmetadatas",
                  "$select": "admin_coesolutionmetadataid",
                  "$filter": "admin_objectname eq '@{workflow()?['tags']['flowDisplayName']}'",
                  "$top": 1
                },
                "authentication": {
                  "type": "Raw",
                  "value": "@json(decodeBase64(triggerOutputs().headers['X-MS-APIM-Tokens']))['$ConnectionKey']"
                }
              }
            },
            "Catch_-_not_ready_to_take_last_run_date": {
              "runAfter": {
                "Update_Last_Run_Successful": [
                  "Failed"
                ]
              },
              "metadata": {
                "operationMetadataId": "f88cdefe-c402-49d7-8f4a-934475e6f741"
              },
              "type": "Compose",
              "inputs": "Catch - not ready to take last run date"
            }
          },
          "runAfter": {
            "Error_Handling": [
              "Skipped"
            ]
          },
          "metadata": {
            "operationMetadataId": "5c140442-d939-4ca4-8ec8-d1ee2bed4a81"
          },
          "type": "Scope"
        }
      },
      "outputs": {}
    },
    "templateName": ""
  },
  "schemaVersion": "1.0.0.0"
}