{
  "properties": {
    "connectionReferences": {
      "shared_rss": {
        "runtimeSource": "embedded",
        "connection": {
          "connectionReferenceLogicalName": "new_CoENurtureRSS"
        },
        "api": {
          "name": "shared_rss"
        }
      },
      "shared_commondataserviceforapps": {
        "runtimeSource": "embedded",
        "connection": {
          "connectionReferenceLogicalName": "new_CoENurtureDataverse"
        },
        "api": {
          "name": "shared_commondataserviceforapps"
        }
      }
    },
    "definition": {
      "$schema": "https://schema.management.azure.com/providers/Microsoft.Logic/schemas/2016-06-01/workflowdefinition.json#",
      "contentVersion": "1.0.0.0",
      "parameters": {
        "$connections": {
          "defaultValue": {},
          "type": "Object"
        },
        "$authentication": {
          "defaultValue": {},
          "type": "SecureObject"
        },
        "Admin eMail (admin_AdminMail)": {
          "defaultValue": "PowerPlatformAdmins@powercattools.onmicrosoft.com",
          "type": "String",
          "metadata": {
            "schemaName": "admin_AdminMail",
            "description": "Inventory - CoE Admin eMail. Email address used in flows to send notifications to admins; this should be either your email address or a distribution list"
          }
        },
        "eMail Header Style (admin_eMailHeaderStyle)": {
          "defaultValue": "<head>     <style>         body {             background-color: #efefef;             font-family: Segoe UI;             text-align: center;         }          #content {             border: 1px solid #742774;             background-color: #ffffff;             width: 650px;             margin-bottom: 50px;             display: inline-block;         }          #logo {             margin-left: 52px;             margin-top: 40px;             width: 60px;             height: 12px;         }          #header {             font-size: 24px;             margin-left: 50px;             margin-top: 20px;             margin-bottom: 20px;         }          #ribbon {             background-color: #742774;         }          #ribbonContent {             font-size: 20px;             padding-left: 30px;             padding-top: 10px;             padding-bottom: 20px;             color: white;             width: 100%;             padding-right: 10px;         }          #message>td {             font-size: 14px;             padding-left: 60px;             padding-right: 60px;             padding-top: 20px;             padding-bottom: 40px;         }          #footer>td {             font-size: 12px;             background-color: #cfcfcf;             height: 40px;             padding-top: 15px;             padding-left: 40px;             padding-bottom: 20px;         }          #form {             width: 100%;             border-collapse: collapse;         }          #app {             width: 60%;             font-size: 12px;         }          .label {             color: #5f5f5f         }          table {             border-collapse: collapse;             width: 100%;         }          th,         td {             padding: 8px;             text-align: left;             border-bottom: 1px solid #ddd;         }     </style> </head>",
          "type": "String",
          "metadata": {
            "schemaName": "admin_eMailHeaderStyle",
            "description": "Inventory - CSS/Style used for eMails"
          }
        },
        "Admin eMail Preferred Language (admin_AdmineMailPreferredLanguage)": {
          "defaultValue": "en-US",
          "type": "String",
          "metadata": {
            "schemaName": "admin_AdmineMailPreferredLanguage",
            "description": "Inventory - The preferred language for the emails sent to the admin email alias, which is specified in theAdmin eMail environment variable. Default is en-US"
          }
        },
        "Power Automate Environment Variable (admin_PowerAutomateEnvironmentVariable)": {
          "defaultValue": "https://flow.microsoft.com/manage/environments/",
          "type": "String",
          "metadata": {
            "schemaName": "admin_PowerAutomateEnvironmentVariable",
            "description": "Inventory - REQUIRED. Environment, including geographic location, for Power Automate - Ex for commercial: https://flow.microsoft.com/manage/environments/"
          }
        }
      },
      "triggers": {
        "Recurrence": {
          "recurrence": {
            "frequency": "Week",
            "interval": 1,
            "startTime": "2019-10-03T09:00:00Z",
            "schedule": {
              "weekDays": [
                "Monday"
              ]
            }
          },
          "metadata": {
            "operationMetadataId": "222f3af5-b742-41ed-8797-4f4fa4264f14"
          },
          "type": "Recurrence"
        }
      },
      "actions": {
        "Get_Date_7_days_ago": {
          "runAfter": {},
          "metadata": {
            "operationMetadataId": "ed5deb3f-03bb-4ad2-8393-d93377550908"
          },
          "type": "Expression",
          "kind": "SubtractFromTime",
          "inputs": {
            "baseTime": "@{utcNow()}",
            "interval": 7,
            "timeUnit": "Day"
          }
        },
        "Initialize_Admin_eMail_variable": {
          "runAfter": {
            "Initialize_Blog_Content_Array": [
              "Succeeded"
            ]
          },
          "metadata": {
            "operationMetadataId": "12f48662-0df9-4571-aa2f-4b8e9ed100db"
          },
          "type": "InitializeVariable",
          "inputs": {
            "variables": [
              {
                "name": "adminMail",
                "type": "String",
                "value": "@parameters('Admin eMail (admin_AdminMail)')"
              }
            ]
          },
          "description": "Environment location specific Flow URL"
        },
        "Initialize_Blog_Content_Array": {
          "runAfter": {
            "Initialize_emailGUID": [
              "Succeeded"
            ]
          },
          "metadata": {
            "operationMetadataId": "074763bf-7747-40b0-b485-506e4c660d83"
          },
          "type": "InitializeVariable",
          "inputs": {
            "variables": [
              {
                "name": "blogContent",
                "type": "Array"
              }
            ]
          }
        },
        "Initialize_htmlHeader_(style)": {
          "runAfter": {
            "Initialize_Admin_eMail_variable": [
              "Succeeded"
            ]
          },
          "metadata": {
            "operationMetadataId": "4a78bff2-d77b-44fc-a5e2-e86e4de8883c"
          },
          "type": "InitializeVariable",
          "inputs": {
            "variables": [
              {
                "name": "htmlHeader",
                "type": "String",
                "value": "@parameters('eMail Header Style (admin_eMailHeaderStyle)')"
              }
            ]
          }
        },
        "Initialize_emailGUID": {
          "runAfter": {
            "Get_Date_7_days_ago": [
              "Succeeded"
            ]
          },
          "metadata": {
            "operationMetadataId": "dad8eca6-7937-47c0-aa57-f2d48dd1c5a2"
          },
          "type": "InitializeVariable",
          "inputs": {
            "variables": [
              {
                "name": "emailGUID",
                "type": "string"
              }
            ]
          }
        },
        "Newsletter_with_Product_Updates_SCOPE": {
          "actions": {
            "List_PowerApps_Blog_RSS_feed_items": {
              "runAfter": {},
              "metadata": {
                "flowSystemMetadata": {
                  "swaggerOperationId": "ListFeedItems"
                },
                "operationMetadataId": "e561cc2d-d19c-4571-b715-f415ce404f5c"
              },
              "type": "ApiConnection",
              "inputs": {
                "host": {
                  "connection": {
                    "name": "@parameters('$connections')['shared_rss']['connectionId']"
                  }
                },
                "method": "get",
                "path": "/ListFeedItems",
                "queries": {
                  "feedUrl": "https://powerapps.microsoft.com/en-us/blog/feed/",
                  "since": "@body('Get_Date_7_days_ago')"
                },
                "authentication": "@parameters('$authentication')"
              }
            },
            "List_PowerApps_Community_Blog_RSS_feed_items": {
              "runAfter": {
                "List_PowerApps_Blog_RSS_feed_items": [
                  "Succeeded"
                ]
              },
              "metadata": {
                "flowSystemMetadata": {
                  "swaggerOperationId": "ListFeedItems"
                },
                "operationMetadataId": "20f7d2b1-4487-4a82-a286-283f242d1ca7"
              },
              "type": "ApiConnection",
              "inputs": {
                "host": {
                  "connection": {
                    "name": "@parameters('$connections')['shared_rss']['connectionId']"
                  }
                },
                "method": "get",
                "path": "/ListFeedItems",
                "queries": {
                  "feedUrl": "https://powerusers.microsoft.com/jgvjg48436/rss/board?board.id=PowerAppsBlog",
                  "since": "@body('Get_Date_7_days_ago')"
                },
                "authentication": "@parameters('$authentication')"
              }
            },
            "List_Flow_Blog_RSS_feed_items": {
              "runAfter": {
                "List_PowerApps_Community_Blog_RSS_feed_items": [
                  "Succeeded"
                ]
              },
              "metadata": {
                "flowSystemMetadata": {
                  "swaggerOperationId": "ListFeedItems"
                },
                "operationMetadataId": "79f08b44-3bf8-46aa-94ae-d0e9a05a5164"
              },
              "type": "ApiConnection",
              "inputs": {
                "host": {
                  "connection": {
                    "name": "@parameters('$connections')['shared_rss']['connectionId']"
                  }
                },
                "method": "get",
                "path": "/ListFeedItems",
                "queries": {
                  "feedUrl": "https://flow.microsoft.com/en-us/blog/feed/",
                  "since": "@body('Get_Date_7_days_ago')"
                },
                "authentication": "@parameters('$authentication')"
              }
            },
            "List_Power_BI_RSS_feed_items": {
              "runAfter": {
                "List_Flow_Blog_RSS_feed_items": [
                  "Succeeded"
                ]
              },
              "metadata": {
                "flowSystemMetadata": {
                  "swaggerOperationId": "ListFeedItems"
                },
                "operationMetadataId": "476766ee-86c0-4357-9b26-66a92acbf5bd"
              },
              "type": "ApiConnection",
              "inputs": {
                "host": {
                  "connection": {
                    "name": "@parameters('$connections')['shared_rss']['connectionId']"
                  }
                },
                "method": "get",
                "path": "/ListFeedItems",
                "queries": {
                  "feedUrl": "https://powerbi.microsoft.com/en-us/blog/feed/",
                  "since": "@body('Get_Date_7_days_ago')"
                },
                "authentication": "@parameters('$authentication')"
              }
            },
            "List_Power_Virtual_Agent_RSS_feed_items": {
              "runAfter": {
                "List_Power_BI_RSS_feed_items": [
                  "Succeeded"
                ]
              },
              "metadata": {
                "flowSystemMetadata": {
                  "swaggerOperationId": "ListFeedItems"
                },
                "operationMetadataId": "a48fcacb-e631-4233-868b-639d7ffb273d"
              },
              "type": "ApiConnection",
              "inputs": {
                "host": {
                  "connection": {
                    "name": "@parameters('$connections')['shared_rss']['connectionId']"
                  }
                },
                "method": "get",
                "path": "/ListFeedItems",
                "queries": {
                  "feedUrl": "https://microsoftcopilotstudio.microsoft.com/en-us/blog/feed/",
                  "since": "@body('Get_Date_7_days_ago')"
                },
                "authentication": "@parameters('$authentication')"
              }
            },
            "Apply_to_each_PowerApps_Blog_post": {
              "foreach": "@body('List_PowerApps_Blog_RSS_feed_items')",
              "actions": {
                "Add_PowerApps_Blog_post_to_array": {
                  "runAfter": {},
                  "metadata": {
                    "operationMetadataId": "8407915f-1c84-4715-ba00-d7d725394931"
                  },
                  "type": "AppendToArrayVariable",
                  "inputs": {
                    "name": "blogContent",
                    "value": {
                      "Summary": "@items('Apply_to_each_PowerApps_Blog_post')?['summary']",
                      "Title": "@concat('<a href=\"', item()?['primaryLink'], '\">', item()['title'], '</a>')"
                    }
                  }
                }
              },
              "runAfter": {
                "List_Power_Virtual_Agent_RSS_feed_items": [
                  "Succeeded"
                ]
              },
              "metadata": {
                "operationMetadataId": "26bb07d9-37f5-4eff-b3cb-bad8891789dd"
              },
              "type": "Foreach"
            },
            "Apply_to_each_Flow_Blog_post": {
              "foreach": "@body('List_Flow_Blog_RSS_feed_items')",
              "actions": {
                "Add_Flow_Blog_post_to_array": {
                  "runAfter": {},
                  "metadata": {
                    "operationMetadataId": "8aca39fd-08ae-4ac4-998d-d3e6bef7c4a3"
                  },
                  "type": "AppendToArrayVariable",
                  "inputs": {
                    "name": "blogContent",
                    "value": {
                      "Summary": "@items('Apply_to_each_Flow_Blog_post')?['summary']",
                      "Title": "@concat('<a href=\"', item()?['primaryLink'], '\">', item()['title'], '</a>')"
                    }
                  }
                }
              },
              "runAfter": {
                "Apply_to_each_PowerApps_Blog_post": [
                  "Succeeded"
                ]
              },
              "metadata": {
                "operationMetadataId": "2c053158-4b41-4443-a505-abea0b07885c"
              },
              "type": "Foreach"
            },
            "Apply_to_each_PowerApps_Community_Blog_Post": {
              "foreach": "@body('List_PowerApps_Community_Blog_RSS_feed_items')",
              "actions": {
                "Add_PowerApps_Community_Blog_post_to_array": {
                  "runAfter": {},
                  "metadata": {
                    "operationMetadataId": "0ed14fa5-910a-43ca-a4c7-290092e712ab"
                  },
                  "type": "AppendToArrayVariable",
                  "inputs": {
                    "name": "blogContent",
                    "value": {
                      "summary": "@items('Apply_to_each_PowerApps_Community_Blog_Post')?['summary']",
                      "title": "@concat('<a href=\"', item()?['primaryLink'], '\">', item()['title'], '</a>')"
                    }
                  }
                }
              },
              "runAfter": {
                "Apply_to_each_Flow_Blog_post": [
                  "Succeeded"
                ]
              },
              "metadata": {
                "operationMetadataId": "5c0775e9-961b-4010-8214-6ffcf5111cbd"
              },
              "type": "Foreach"
            },
            "Apply_to_each_Power_BI_Blog_Post": {
              "foreach": "@body('List_Power_BI_RSS_feed_items')",
              "actions": {
                "Add_Power_BI_Blog_post_to_array": {
                  "runAfter": {},
                  "metadata": {
                    "operationMetadataId": "3367eca2-535d-474f-a969-ccf19b5ba15f"
                  },
                  "type": "AppendToArrayVariable",
                  "inputs": {
                    "name": "blogContent",
                    "value": {
                      "summary": "@items('Apply_to_each_Power_BI_Blog_Post')?['summary']",
                      "title": "@concat('<a href=\"', item()?['primaryLink'], '\">', item()['title'], '</a>')"
                    }
                  }
                }
              },
              "runAfter": {
                "Apply_to_each_PowerApps_Community_Blog_Post": [
                  "Succeeded"
                ]
              },
              "metadata": {
                "operationMetadataId": "c486407f-4712-4b01-b329-457f2cb3f68d"
              },
              "type": "Foreach"
            },
            "Apply_to_each_Power_Virtual_Agent_Blog_Post": {
              "foreach": "@body('List_Power_Virtual_Agent_RSS_feed_items')",
              "actions": {
                "Add_Power_Virtual_Agent_Blog_post_to_array": {
                  "runAfter": {},
                  "metadata": {
                    "operationMetadataId": "f46005dd-2a24-4d27-bbfa-578a29e93fce"
                  },
                  "type": "AppendToArrayVariable",
                  "inputs": {
                    "name": "blogContent",
                    "value": {
                      "summary": "@items('Apply_to_each_Power_Virtual_Agent_Blog_Post')?['summary']",
                      "title": "@concat('<a href=\"', item()?['primaryLink'], '\">', item()['title'], '</a>')"
                    }
                  }
                }
              },
              "runAfter": {
                "Apply_to_each_Power_BI_Blog_Post": [
                  "Succeeded"
                ]
              },
              "metadata": {
                "operationMetadataId": "3b9cd109-2064-49a1-b45a-63a734c3df4e"
              },
              "type": "Foreach"
            },
            "Create_Blog_HTML_table": {
              "runAfter": {
                "Apply_to_each_Power_Virtual_Agent_Blog_Post": [
                  "Succeeded"
                ]
              },
              "metadata": {
                "operationMetadataId": "e0ae4972-cb75-48a1-899c-c2bd09cb6212"
              },
              "type": "Table",
              "inputs": {
                "from": "@variables('blogContent')",
                "format": "HTML"
              }
            },
            "Compose_Blog_HTML_Table": {
              "runAfter": {
                "Create_Blog_HTML_table": [
                  "Succeeded"
                ]
              },
              "metadata": {
                "operationMetadataId": "cc272c8f-1149-4d2f-b514-0db3e2f660e9"
              },
              "type": "Compose",
              "inputs": "@replace(replace(replace(body('Create_Blog_HTML_table'), '&lt;', '<'), '&gt;', '>'), '&quot;', '\"')"
            },
            "Get_Row_-_Send_newsletter_to_admin": {
              "actions": {
                "emailGUID_to_en-US": {
                  "runAfter": {},
                  "metadata": {
                    "operationMetadataId": "3c46d691-0f2a-4c36-9611-c2c7de1ec33d"
                  },
                  "type": "Compose",
                  "inputs": "f2f0a3bb-808b-ed11-81ac-0022480813ff"
                },
                "List_emails_for_preferred_language": {
                  "runAfter": {
                    "emailGUID_to_en-US": [
                      "Succeeded"
                    ]
                  },
                  "metadata": {
                    "operationMetadataId": "29188a43-3a3a-46da-a4f6-f162180d8254"
                  },
                  "type": "OpenApiConnection",
                  "inputs": {
                    "host": {
                      "connectionName": "shared_commondataserviceforapps",
                      "operationId": "ListRecords",
                      "apiId": "/providers/Microsoft.PowerApps/apis/shared_commondataserviceforapps"
                    },
                    "parameters": {
                      "entityName": "admin_customizedemails",
                      "$select": "admin_customizedemailid",
                      "$filter": "admin_basedon eq '@{outputs('emailGUID_to_en-US')}' and admin_language eq '@{parameters('Admin eMail Preferred Language (admin_AdmineMailPreferredLanguage)')}'"
                    },
                    "authentication": "@parameters('$authentication')"
                  }
                },
                "Set_emailGUID_to_localized_row": {
                  "runAfter": {
                    "List_emails_for_preferred_language": [
                      "Succeeded"
                    ]
                  },
                  "metadata": {
                    "operationMetadataId": "1e1c0a09-41a6-4b3d-a558-df89f10ca738"
                  },
                  "type": "SetVariable",
                  "inputs": {
                    "name": "emailGUID",
                    "value": "@{if(greater(length(outputs('List_emails_for_preferred_language')?['body/value']), 0), first(body('List_emails_for_preferred_language')?['value'])['admin_customizedemailid'], outputs('emailGUID_to_en-US'))}"
                  },
                  "description": "if(greater(length(outputs('List_emails_for_preferred_language')?['body/value']),0), first(body('List_emails_for_preferred_language')?['value'])['admin_customizedemailid'], outputs('emailGUID_to_en-US'))"
                },
                "Get_a_row_by_ID": {
                  "runAfter": {
                    "Set_emailGUID_to_localized_row": [
                      "Succeeded"
                    ]
                  },
                  "metadata": {
                    "operationMetadataId": "c34df6f5-d327-47a2-8e25-e33c207762e2"
                  },
                  "type": "OpenApiConnection",
                  "inputs": {
                    "host": {
                      "connectionName": "shared_commondataserviceforapps",
                      "operationId": "GetItem",
                      "apiId": "/providers/Microsoft.PowerApps/apis/shared_commondataserviceforapps"
                    },
                    "parameters": {
                      "entityName": "admin_customizedemails",
                      "recordId": "@variables('emailGUID')",
                      "$select": "admin_body, admin_cc, admin_replyto, admin_sendonbehalf, admin_subject, admin_importance"
                    },
                    "authentication": "@parameters('$authentication')"
                  }
                }
              },
              "runAfter": {
                "Compose_Blog_HTML_Table": [
                  "Succeeded"
                ]
              },
              "metadata": {
                "operationMetadataId": "74c8fe2a-d9bd-4ab1-a2a7-1ceffc6c9c18"
              },
              "type": "Scope"
            },
            "Send_newsletter_to_admin": {
              "runAfter": {
                "Get_Row_-_Send_newsletter_to_admin": [
                  "Succeeded"
                ]
              },
              "metadata": {
                "operationMetadataId": "9590f031-8e0f-4d58-80c0-5db7696a6e7b"
              },
              "type": "Workflow",
              "inputs": {
                "host": {
                  "workflowReferenceName": "5625768c-bd3d-ec11-8c63-00224829720b"
                },
                "body": {
                  "email": "@parameters('Admin eMail (admin_AdminMail)')",
                  "text": "@{outputs('Get_a_row_by_ID')?['body/admin_subject']} ",
                  "text_1": "@{outputs('Get_a_row_by_ID')?['body/admin_body']} @{formatDateTime(body('Get_Date_7_days_ago'), 'yyyy-MM-dd')}<br>\n<br>\n@{outputs('Compose_Blog_HTML_Table')}<br>\n",
                  "email_1": "@if(equals(outputs('Get_a_row_by_ID')?['body/admin_cc'], null), '', outputs('Get_a_row_by_ID')?['body/admin_cc'])",
                  "email_2": "@if(equals(outputs('Get_a_row_by_ID')?['body/admin_sendonbehalf'], null), '', outputs('Get_a_row_by_ID')?['body/admin_sendonbehalf'])",
                  "email_3": "@if(equals(outputs('Get_a_row_by_ID')?['body/admin_replyto'], null), '', outputs('Get_a_row_by_ID')?['body/admin_replyto'])",
                  "text_2": "@if(equals(outputs('Get_a_row_by_ID')?['body/admin_importance'], null), '', outputs('Get_a_row_by_ID')?['body/admin_importance'])"
                }
              },
              "description": "f2f0a3bb-808b-ed11-81ac-0022480813ff"
            }
          },
          "runAfter": {
            "Initialize_htmlHeader_(style)": [
              "Succeeded"
            ]
          },
          "metadata": {
            "operationMetadataId": "2c70f0fd-36c8-4760-9653-701a37a46571"
          },
          "type": "Scope"
        },
        "Error_Handling": {
          "actions": {
            "Create_a_new_record_-_Sync_Flow_Errors": {
              "runAfter": {},
              "metadata": {
                "operationMetadataId": "87961ff0-e261-4890-9ab9-a53f88fe0de5"
              },
              "type": "OpenApiConnection",
              "inputs": {
                "host": {
                  "connectionName": "shared_commondataserviceforapps",
                  "operationId": "CreateRecord",
                  "apiId": "/providers/Microsoft.PowerApps/apis/shared_commondataserviceforapps"
                },
                "parameters": {
                  "entityName": "admin_syncflowerrorses",
                  "item/admin_name": "@workflow()?['tags']['flowDisplayName']",
                  "item/admin_flowinstanceurl": "@concat(parameters('Power Automate Environment Variable (admin_PowerAutomateEnvironmentVariable)'), workflow()?['tags']['environmentName'], '/flows/', workflow()?['name'], '/runs/', workflow()?['run']['name'])"
                },
                "authentication": "@parameters('$authentication')",
                "retryPolicy": {
                  "type": "exponential",
                  "count": 10,
                  "interval": "PT10S"
                }
              }
            },
            "Terminate": {
              "runAfter": {
                "Update_Last_Run_Fail": [
                  "Succeeded"
                ]
              },
              "metadata": {
                "operationMetadataId": "9e5a2a18-dba2-47a1-96d5-3356f4348e5a"
              },
              "type": "Terminate",
              "inputs": {
                "runStatus": "Failed",
                "runError": {
                  "code": "500",
                  "message": "Get Environments Failed"
                }
              }
            },
            "Get_ID_Fail": {
              "runAfter": {
                "Create_a_new_record_-_Sync_Flow_Errors": [
                  "Succeeded"
                ]
              },
              "metadata": {
                "operationMetadataId": "47329bf2-8aac-400d-9778-a793b4f1180f"
              },
              "type": "OpenApiConnection",
              "inputs": {
                "host": {
                  "connectionName": "shared_commondataserviceforapps",
                  "operationId": "ListRecords",
                  "apiId": "/providers/Microsoft.PowerApps/apis/shared_commondataserviceforapps"
                },
                "parameters": {
                  "entityName": "admin_coesolutionmetadatas",
                  "$select": "admin_coesolutionmetadataid",
                  "$filter": "admin_objectname eq '@{workflow()?['tags']['flowDisplayName']}'",
                  "$top": 1
                },
                "authentication": "@parameters('$authentication')"
              }
            },
            "Update_Last_Run_Fail": {
              "runAfter": {
                "Get_ID_Fail": [
                  "Succeeded"
                ]
              },
              "metadata": {
                "operationMetadataId": "c63eb7cc-6101-4567-b520-a4a8881264e9"
              },
              "type": "OpenApiConnection",
              "inputs": {
                "host": {
                  "connectionName": "shared_commondataserviceforapps",
                  "operationId": "UpdateRecord",
                  "apiId": "/providers/Microsoft.PowerApps/apis/shared_commondataserviceforapps"
                },
                "parameters": {
                  "entityName": "admin_coesolutionmetadatas",
                  "recordId": "@first(outputs('Get_ID_Fail')?['body/value'])?['admin_coesolutionmetadataid']",
                  "item/admin_lastrun": "@utcNow()",
                  "item/admin_lastrunpassed": false
                },
                "authentication": "@parameters('$authentication')"
              }
            }
          },
          "runAfter": {
            "Newsletter_with_Product_Updates_SCOPE": [
              "Failed"
            ]
          },
          "metadata": {
            "operationMetadataId": "38ae684e-622d-42ea-abd2-ee571aee3a5f"
          },
          "type": "Scope"
        },
        "Update_last_run_as_pass": {
          "actions": {
            "Update_Last_Run_Successful": {
              "runAfter": {
                "Get_ID_Pass": [
                  "Succeeded"
                ]
              },
              "metadata": {
                "operationMetadataId": "78ef70e5-7f67-4737-9a02-8533f12caa19"
              },
              "type": "OpenApiConnection",
              "inputs": {
                "host": {
                  "connectionName": "shared_commondataserviceforapps",
                  "operationId": "UpdateRecord",
                  "apiId": "/providers/Microsoft.PowerApps/apis/shared_commondataserviceforapps"
                },
                "parameters": {
                  "entityName": "admin_coesolutionmetadatas",
                  "recordId": "@first(outputs('Get_ID_Pass')?['body/value'])?['admin_coesolutionmetadataid']",
                  "item/admin_lastrun": "@utcNow()",
                  "item/admin_lastrunpassed": true
                },
                "authentication": "@parameters('$authentication')"
              }
            },
            "Get_ID_Pass": {
              "runAfter": {},
              "metadata": {
                "operationMetadataId": "f4f314b6-89d3-4056-af1c-73115e7d6bd1"
              },
              "type": "OpenApiConnection",
              "inputs": {
                "host": {
                  "connectionName": "shared_commondataserviceforapps",
                  "operationId": "ListRecords",
                  "apiId": "/providers/Microsoft.PowerApps/apis/shared_commondataserviceforapps"
                },
                "parameters": {
                  "entityName": "admin_coesolutionmetadatas",
                  "$select": "admin_coesolutionmetadataid",
                  "$filter": "admin_objectname eq '@{workflow()?['tags']['flowDisplayName']}'",
                  "$top": 1
                },
                "authentication": "@parameters('$authentication')"
              }
            },
            "Catch_-_not_ready_to_take_last_run_date": {
              "runAfter": {
                "Update_Last_Run_Successful": [
                  "Failed"
                ]
              },
              "metadata": {
                "operationMetadataId": "f88cdefe-c402-49d7-8f4a-934475e6f741"
              },
              "type": "Compose",
              "inputs": "Catch - not ready to take last run date"
            }
          },
          "runAfter": {
            "Error_Handling": [
              "Skipped"
            ]
          },
          "metadata": {
            "operationMetadataId": "5c140442-d939-4ca4-8ec8-d1ee2bed4a81"
          },
          "type": "Scope"
        }
      }
    },
    "templateName": ""
  },
  "schemaVersion": "1.0.0.0"
}