{
  "properties": {
    "connectionReferences": {
      "shared_commondataserviceforapps": {
        "runtimeSource": "embedded",
        "connection": {
          "connectionReferenceLogicalName": "admin_sharedcommondataserviceforapps_98924"
        },
        "api": {
          "name": "shared_commondataserviceforapps"
        }
      },
      "shared_commondataserviceforapps_1": {
        "runtimeSource": "embedded",
        "connection": {
          "connectionReferenceLogicalName": "new_CoENurtureDataverse"
        },
        "api": {
          "name": "shared_commondataserviceforapps"
        }
      },
      "shared_office365users_1": {
        "runtimeSource": "embedded",
        "connection": {
          "connectionReferenceLogicalName": "admin_CoECoreO365Users"
        },
        "api": {
          "name": "shared_office365users"
        }
      },
      "shared_office365users": {
        "runtimeSource": "embedded",
        "connection": {
          "connectionReferenceLogicalName": "admin_CoENurtureO365Users"
        },
        "api": {
          "name": "shared_office365users"
        }
      },
      "shared_teams": {
        "runtimeSource": "embedded",
        "connection": {
          "connectionReferenceLogicalName": "admin_CoENurtureMicrosoftTeams"
        },
        "api": {
          "name": "shared_teams"
        }
      }
    },
    "definition": {
      "$schema": "https://schema.management.azure.com/providers/Microsoft.Logic/schemas/2016-06-01/workflowdefinition.json#",
      "contentVersion": "1.0.0.0",
      "parameters": {
        "$connections": {
          "defaultValue": {},
          "type": "Object"
        },
        "$authentication": {
          "defaultValue": {},
          "type": "SecureObject"
        },
        "Pulse - How many makers to survey? (admin_PulseHowmanymakerstosurvey)": {
          "defaultValue": 1,
          "type": "Int",
          "metadata": {
            "schemaName": "admin_PulseHowmanymakerstosurvey",
            "description": "The Pulse survey is send to makers to provide feedback on their experience working with the CoE and Power Platform. Provide the number of makers you want to survey regularly here. If you set this number to 5, the survey will be sent to 5 random makers per week. A Default value of 1 is provided."
          }
        },
        "Power Automate Environment Variable (admin_PowerAutomateEnvironmentVariable)": {
          "defaultValue": "https://flow.microsoft.com/manage/environments/",
          "type": "String",
          "metadata": {
            "schemaName": "admin_PowerAutomateEnvironmentVariable",
            "description": "Inventory - REQUIRED. Environment, including geographic location, for Power Automate - Ex for commercial: https://flow.microsoft.com/manage/environments/"
          }
        }
      },
      "triggers": {
        "Recurrence": {
          "recurrence": {
            "frequency": "Week",
            "interval": 1,
            "startTime": "2022-02-14T10:00:00Z",
            "schedule": {
              "weekDays": [
                "Thursday"
              ]
            }
          },
          "metadata": {
            "operationMetadataId": "0c66d748-7917-44e0-991a-b0004f23aa41"
          },
          "type": "Recurrence"
        }
      },
      "actions": {
        "Initialize_makers_to_survey_count": {
          "runAfter": {},
          "metadata": {
            "operationMetadataId": "6965b51f-6a44-4464-a1fa-d5e60706607b"
          },
          "type": "InitializeVariable",
          "inputs": {
            "variables": [
              {
                "name": "surveyXMakers",
                "type": "integer",
                "value": 0
              }
            ]
          }
        },
        "Error_Handling": {
          "actions": {
            "Create_a_new_record_-_Sync_Flow_Errors": {
              "runAfter": {},
              "metadata": {
                "operationMetadataId": "87961ff0-e261-4890-9ab9-a53f88fe0de5"
              },
              "type": "OpenApiConnection",
              "inputs": {
                "host": {
                  "connectionName": "shared_commondataserviceforapps",
                  "operationId": "CreateRecord",
                  "apiId": "/providers/Microsoft.PowerApps/apis/shared_commondataserviceforapps"
                },
                "parameters": {
                  "entityName": "admin_syncflowerrorses",
                  "item/admin_name": "@workflow()?['tags']['flowDisplayName']",
                  "item/admin_flowinstanceurl": "@concat(parameters('Power Automate Environment Variable (admin_PowerAutomateEnvironmentVariable)'), workflow()?['tags']['environmentName'], '/flows/', workflow()?['name'], '/runs/', workflow()?['run']['name'])"
                },
                "authentication": "@parameters('$authentication')",
                "retryPolicy": {
                  "type": "exponential",
                  "count": 10,
                  "interval": "PT10S"
                }
              }
            },
            "Terminate_2": {
              "runAfter": {
                "Update_Last_Run_Fail": [
                  "Succeeded"
                ]
              },
              "metadata": {
                "operationMetadataId": "9e5a2a18-dba2-47a1-96d5-3356f4348e5a"
              },
              "type": "Terminate",
              "inputs": {
                "runStatus": "Failed",
                "runError": {
                  "code": "500",
                  "message": "Get Environments Failed"
                }
              }
            },
            "Get_ID_Fail": {
              "runAfter": {
                "Create_a_new_record_-_Sync_Flow_Errors": [
                  "Succeeded"
                ]
              },
              "metadata": {
                "operationMetadataId": "47329bf2-8aac-400d-9778-a793b4f1180f"
              },
              "type": "OpenApiConnection",
              "inputs": {
                "host": {
                  "connectionName": "shared_commondataserviceforapps",
                  "operationId": "ListRecords",
                  "apiId": "/providers/Microsoft.PowerApps/apis/shared_commondataserviceforapps"
                },
                "parameters": {
                  "entityName": "admin_coesolutionmetadatas",
                  "$select": "admin_coesolutionmetadataid",
                  "$filter": "admin_objectname eq '@{workflow()?['tags']['flowDisplayName']}'",
                  "$top": 1
                },
                "authentication": "@parameters('$authentication')"
              }
            },
            "Update_Last_Run_Fail": {
              "runAfter": {
                "Get_ID_Fail": [
                  "Succeeded"
                ]
              },
              "metadata": {
                "operationMetadataId": "c63eb7cc-6101-4567-b520-a4a8881264e9"
              },
              "type": "OpenApiConnection",
              "inputs": {
                "host": {
                  "connectionName": "shared_commondataserviceforapps",
                  "operationId": "UpdateRecord",
                  "apiId": "/providers/Microsoft.PowerApps/apis/shared_commondataserviceforapps"
                },
                "parameters": {
                  "entityName": "admin_coesolutionmetadatas",
                  "recordId": "@first(outputs('Get_ID_Fail')?['body/value'])?['admin_coesolutionmetadataid']",
                  "item/admin_lastrun": "@utcNow()",
                  "item/admin_lastrunpassed": false
                },
                "authentication": "@parameters('$authentication')"
              }
            }
          },
          "runAfter": {
            "Pulse_Survey_Parent_Scope": [
              "Failed"
            ]
          },
          "metadata": {
            "operationMetadataId": "38ae684e-622d-42ea-abd2-ee571aee3a5f"
          },
          "type": "Scope"
        },
        "Update_last_run_as_pass": {
          "actions": {
            "Update_Last_Run_Successful": {
              "runAfter": {
                "Get_ID_Pass": [
                  "Succeeded"
                ]
              },
              "metadata": {
                "operationMetadataId": "78ef70e5-7f67-4737-9a02-8533f12caa19"
              },
              "type": "OpenApiConnection",
              "inputs": {
                "host": {
                  "connectionName": "shared_commondataserviceforapps",
                  "operationId": "UpdateRecord",
                  "apiId": "/providers/Microsoft.PowerApps/apis/shared_commondataserviceforapps"
                },
                "parameters": {
                  "entityName": "admin_coesolutionmetadatas",
                  "recordId": "@first(outputs('Get_ID_Pass')?['body/value'])?['admin_coesolutionmetadataid']",
                  "item/admin_lastrun": "@utcNow()",
                  "item/admin_lastrunpassed": true
                },
                "authentication": "@parameters('$authentication')"
              }
            },
            "Get_ID_Pass": {
              "runAfter": {},
              "metadata": {
                "operationMetadataId": "f4f314b6-89d3-4056-af1c-73115e7d6bd1"
              },
              "type": "OpenApiConnection",
              "inputs": {
                "host": {
                  "connectionName": "shared_commondataserviceforapps",
                  "operationId": "ListRecords",
                  "apiId": "/providers/Microsoft.PowerApps/apis/shared_commondataserviceforapps"
                },
                "parameters": {
                  "entityName": "admin_coesolutionmetadatas",
                  "$select": "admin_coesolutionmetadataid",
                  "$filter": "admin_objectname eq '@{workflow()?['tags']['flowDisplayName']}'",
                  "$top": 1
                },
                "authentication": "@parameters('$authentication')"
              }
            },
            "Catch_-_not_ready_to_take_last_run_date": {
              "runAfter": {
                "Update_Last_Run_Successful": [
                  "Failed"
                ]
              },
              "metadata": {
                "operationMetadataId": "f88cdefe-c402-49d7-8f4a-934475e6f741"
              },
              "type": "Compose",
              "inputs": "Catch - not ready to take last run date"
            }
          },
          "runAfter": {
            "Error_Handling": [
              "Skipped"
            ]
          },
          "metadata": {
            "operationMetadataId": "5c140442-d939-4ca4-8ec8-d1ee2bed4a81"
          },
          "type": "Scope"
        },
        "Pulse_Survey_Parent_Scope": {
          "actions": {
            "Get_Makers": {
              "runAfter": {},
              "metadata": {
                "operationMetadataId": "3023a2c6-4e52-48fe-b7b2-59260af3df27"
              },
              "type": "OpenApiConnection",
              "inputs": {
                "host": {
                  "connectionName": "shared_commondataserviceforapps_1",
                  "operationId": "ListRecords",
                  "apiId": "/providers/Microsoft.PowerApps/apis/shared_commondataserviceforapps"
                },
                "parameters": {
                  "entityName": "admin_makers",
                  "$select": "admin_makerid,admin_userprincipalname, admin_useremail",
                  "$filter": "admin_userisserviceprinciple eq false and admin_makerisorphaned eq false and admin_accountenabled eq true and (Microsoft.Dynamics.CRM.OlderThanXDays(PropertyName='admin_lastpulsesurvey',PropertyValue=90) or admin_lastpulsesurvey eq null)"
                },
                "authentication": "@parameters('$authentication')"
              }
            },
            "Proceed_if_makers_have_been_found": {
              "actions": {
                "Do_until_x_amount_of_makers_have_been_surveyed": {
                  "actions": {
                    "Get_random_maker_": {
                      "runAfter": {},
                      "metadata": {
                        "operationMetadataId": "8924eeec-cea9-4d44-8b4a-5153c833df26"
                      },
                      "type": "Compose",
                      "inputs": "@outputs('Get_Makers')?['body/value'][rand(1, length(outputs('Get_Makers')?['body/value']))]"
                    },
                    "Exists_so_send_survey": {
                      "actions": {
                        "Run_a_Child_Flow": {
                          "runAfter": {},
                          "metadata": {
                            "operationMetadataId": "3eec781b-37b2-49d1-af59-b12451adb367"
                          },
                          "type": "Workflow",
                          "inputs": {
                            "host": {
                              "workflowReferenceName": "c31d2018-ab8d-ec11-b400-000d3a5d3a92"
                            },
                            "body": {
                              "email": "@outputs('Get_random_maker_')?['admin_useremail']",
                              "text": "@outputs('Get_random_maker_')?['admin_makerid']"
                            }
                          }
                        },
                        "Increment_variable": {
                          "runAfter": {
                            "Run_a_Child_Flow": [
                              "Succeeded"
                            ]
                          },
                          "metadata": {
                            "operationMetadataId": "69db82b0-6405-4b7b-87f6-0956c91e09af"
                          },
                          "type": "IncrementVariable",
                          "inputs": {
                            "name": "surveyXMakers",
                            "value": 1
                          }
                        }
                      },
                      "runAfter": {
                        "Catch_no_longer_exists_in_AD": [
                          "Skipped"
                        ]
                      },
                      "metadata": {
                        "operationMetadataId": "237ab195-7526-4632-86fb-04978489b7f2"
                      },
                      "type": "Scope"
                    },
                    "Catch_no_longer_exists_in_AD": {
                      "runAfter": {
                        "Get_user_profile_(V2)_-_see_if_exists": [
                          "Failed"
                        ]
                      },
                      "metadata": {
                        "operationMetadataId": "1546bab5-015a-40b4-8dd3-6caeb2fda2f1"
                      },
                      "type": "Compose",
                      "inputs": "Catch no longer exists in AD"
                    },
                    "Get_user_profile_(V2)_-_see_if_exists": {
                      "runAfter": {
                        "Get_random_maker_": [
                          "Succeeded"
                        ]
                      },
                      "metadata": {
                        "operationMetadataId": "db5328a4-99ee-4f93-9af2-abcae844185a"
                      },
                      "type": "OpenApiConnection",
                      "inputs": {
                        "host": {
                          "connectionName": "shared_office365users_1",
                          "operationId": "UserProfile_V2",
                          "apiId": "/providers/Microsoft.PowerApps/apis/shared_office365users"
                        },
                        "parameters": {
                          "id": "@outputs('Get_random_maker_')?['admin_useremail']"
                        },
                        "authentication": "@parameters('$authentication')"
                      }
                    }
                  },
                  "runAfter": {},
                  "expression": "@equals(variables('surveyXMakers'), parameters('Pulse - How many makers to survey? (admin_PulseHowmanymakerstosurvey)'))",
                  "limit": {
                    "count": 60,
                    "timeout": "PT1H"
                  },
                  "metadata": {
                    "operationMetadataId": "988d1f70-94c3-4fd8-95ab-149eed0a853c"
                  },
                  "type": "Until"
                }
              },
              "runAfter": {
                "Get_Makers": [
                  "Succeeded"
                ]
              },
              "else": {
                "actions": {
                  "Terminate": {
                    "runAfter": {},
                    "metadata": {
                      "operationMetadataId": "4fda032c-dfa3-4855-8081-2deddd7d031a"
                    },
                    "type": "Terminate",
                    "inputs": {
                      "runStatus": "Succeeded"
                    }
                  },
                  "Get_my_profile_(V2)": {
                    "runAfter": {
                      "Terminate": [
                        "Succeeded"
                      ]
                    },
                    "metadata": {
                      "operationMetadataId": "b436902e-e446-44c1-a587-84cefa6d4a76"
                    },
                    "type": "OpenApiConnection",
                    "inputs": {
                      "host": {
                        "connectionName": "shared_office365users",
                        "operationId": "MyProfile_V2",
                        "apiId": "/providers/Microsoft.PowerApps/apis/shared_office365users"
                      },
                      "parameters": {},
                      "authentication": "@parameters('$authentication')"
                    }
                  },
                  "List_teams": {
                    "runAfter": {
                      "Get_my_profile_(V2)": [
                        "Succeeded"
                      ]
                    },
                    "metadata": {
                      "operationMetadataId": "28ddbb64-83cc-4e82-a158-f397306f3876"
                    },
                    "type": "OpenApiConnection",
                    "inputs": {
                      "host": {
                        "connectionName": "shared_teams",
                        "operationId": "GetAllTeams",
                        "apiId": "/providers/Microsoft.PowerApps/apis/shared_teams"
                      },
                      "parameters": {},
                      "authentication": "@parameters('$authentication')"
                    }
                  }
                }
              },
              "expression": {
                "greater": [
                  "@length(outputs('Get_Makers')?['body/value'])",
                  0
                ]
              },
              "metadata": {
                "operationMetadataId": "8fc22c8d-7a94-4955-969b-61254537b668"
              },
              "type": "If"
            }
          },
          "runAfter": {
            "Initialize_makers_to_survey_count": [
              "Succeeded"
            ]
          },
          "metadata": {
            "operationMetadataId": "ae5f51ae-63ee-4167-a2d7-dc89d8e334c6"
          },
          "type": "Scope"
        }
      }
    },
    "templateName": ""
  },
  "schemaVersion": "1.0.0.0"
}