{
  "properties": {
    "connectionReferences": {
      "shared_commondataserviceforapps_1": {
        "runtimeSource": "embedded",
        "connection": {
          "connectionReferenceLogicalName": "admin_CoECoreDataverse"
        },
        "api": {
          "name": "shared_commondataserviceforapps"
        }
      },
      "shared_commondataserviceforapps": {
        "runtimeSource": "embedded",
        "connection": {
          "connectionReferenceLogicalName": "new_CoENurtureDataverse"
        },
        "api": {
          "name": "shared_commondataserviceforapps"
        }
      }
    },
    "definition": {
      "$schema": "https://schema.management.azure.com/providers/Microsoft.Logic/schemas/2016-06-01/workflowdefinition.json#",
      "contentVersion": "1.0.0.0",
      "parameters": {
        "$connections": {
          "defaultValue": {},
          "type": "Object"
        },
        "$authentication": {
          "defaultValue": {},
          "type": "SecureObject"
        },
        "Community URL (admin_CommunityURL)": {
          "defaultValue": "https://powerusers.microsoft.com/",
          "type": "String",
          "metadata": {
            "schemaName": "admin_CommunityURL",
            "description": "Link to your internal Microsoft Power Platform community (for example, Yammer or Teams)"
          }
        },
        "Admin eMail (admin_AdminMail)": {
          "defaultValue": "PowerPlatformAdmins@powercattools.onmicrosoft.com ",
          "type": "String",
          "metadata": {
            "schemaName": "admin_AdminMail",
            "description": "Inventory - CoE Admin eMail. Email address used in flows to send notifications to admins; this should be either your email address or a distribution list"
          }
        },
        "ProductionEnvironment (admin_ProductionEnvironment)": {
          "defaultValue": true,
          "type": "Bool",
          "metadata": {
            "schemaName": "admin_ProductionEnvironment",
            "description": "Inventory - Yes by default. Set to No if you are creating a dev type envt. This will allow some flows to set target users to the admin instead of resource owners"
          }
        },
        "Admin eMail Preferred Language (admin_AdmineMailPreferredLanguage)": {
          "defaultValue": "en-US",
          "type": "String",
          "metadata": {
            "schemaName": "admin_AdmineMailPreferredLanguage",
            "description": "Inventory - The preferred language for the emails sent to the admin email alias, which is specified in theAdmin eMail environment variable. Default is en-US"
          }
        },
        "Power Automate Environment Variable (admin_PowerAutomateEnvironmentVariable)": {
          "defaultValue": "https://flow.microsoft.com/manage/environments/",
          "type": "String",
          "metadata": {
            "schemaName": "admin_PowerAutomateEnvironmentVariable",
            "description": "Inventory - REQUIRED. Environment, including geographic location, for Power Automate - Ex for commercial: https://flow.microsoft.com/manage/environments/"
          }
        }
      },
      "triggers": {
        "Recurrence": {
          "recurrence": {
            "frequency": "Day",
            "interval": 1,
            "schedule": {
              "hours": [
                "10"
              ]
            }
          },
          "metadata": {
            "operationMetadataId": "47f059e0-af4c-4bee-8a60-ad319b603f32"
          },
          "type": "Recurrence"
        }
      },
      "actions": {
        "Initialize_emailGUID": {
          "runAfter": {},
          "metadata": {
            "operationMetadataId": "dad8eca6-7937-47c0-aa57-f2d48dd1c5a2"
          },
          "type": "InitializeVariable",
          "inputs": {
            "variables": [
              {
                "name": "emailGUID",
                "type": "string"
              }
            ]
          }
        },
        "Initialize_attendeeList": {
          "runAfter": {
            "Initialize_emailGUID": [
              "Succeeded"
            ]
          },
          "metadata": {
            "operationMetadataId": "ef088fc5-140a-4973-92cc-5bcaf8a367a3"
          },
          "type": "InitializeVariable",
          "inputs": {
            "variables": [
              {
                "name": "attendeeList",
                "type": "string"
              }
            ]
          }
        },
        "Reminder_3_days_prior_event_SCOPE": {
          "actions": {
            "Get_future_time": {
              "runAfter": {},
              "metadata": {
                "operationMetadataId": "e11c9118-594c-4791-b38c-55c189d7f6c2"
              },
              "type": "Expression",
              "kind": "GetFutureTime",
              "inputs": {
                "interval": 3,
                "timeUnit": "Day"
              }
            },
            "List_upcoming_events": {
              "runAfter": {
                "Get_future_time": [
                  "Succeeded"
                ]
              },
              "metadata": {
                "operationMetadataId": "6c169ea2-b9a6-4443-a827-c05bbfa6ec61"
              },
              "type": "OpenApiConnection",
              "inputs": {
                "host": {
                  "connectionName": "shared_commondataserviceforapps_1",
                  "operationId": "ListRecords",
                  "apiId": "/providers/Microsoft.PowerApps/apis/shared_commondataserviceforapps"
                },
                "parameters": {
                  "entityName": "admin_inadayevents",
                  "$select": "admin_inadayeventid, admin_languagecode, admin_name, admin_starttime",
                  "$filter": "admin_starttime gt @{utcNow()}"
                },
                "authentication": "@parameters('$authentication')"
              }
            },
            "Filter_events_to_3_days_in_future": {
              "runAfter": {
                "List_upcoming_events": [
                  "Succeeded"
                ]
              },
              "metadata": {
                "operationMetadataId": "6eb6647e-e3ae-47ac-aedb-960e318ae256"
              },
              "type": "Query",
              "inputs": {
                "from": "@outputs('List_upcoming_events')?['body/value']",
                "where": "@equals(formatDateTime(item()?['admin_starttime'], 'yyyy-MM-dd'), formatDateTime(body('Get_future_time'), 'yyyy-MM-dd'))"
              }
            },
            "Apply_to_each_upcoming_event": {
              "foreach": "@body('Filter_events_to_3_days_in_future')",
              "actions": {
                "Send_mail_if_there_is_mail_to_send": {
                  "actions": {
                    "SendTo": {
                      "runAfter": {},
                      "metadata": {
                        "operationMetadataId": "29c8f77a-3adb-4b4b-add3-6b031805ed70"
                      },
                      "type": "Compose",
                      "inputs": "@if(equals(parameters('ProductionEnvironment (admin_ProductionEnvironment)'), false), parameters('Admin eMail (admin_AdminMail)'), variables('attendeeList'))",
                      "description": "Send to admin if not production envt"
                    },
                    "PreferredLanguage": {
                      "runAfter": {
                        "SendTo": [
                          "Succeeded"
                        ]
                      },
                      "metadata": {
                        "operationMetadataId": "ef9809b1-b72a-4a54-b9b9-688646f0074e"
                      },
                      "type": "Compose",
                      "inputs": "@if(equals(parameters('ProductionEnvironment (admin_ProductionEnvironment)'), false), parameters('Admin eMail Preferred Language (admin_AdmineMailPreferredLanguage)'), if(equals(items('Apply_to_each_upcoming_event')?['admin_languagecode'], null), 'en-US', items('Apply_to_each_upcoming_event')?['admin_languagecode']))"
                    },
                    "Get_Row_-_Send_reminder_of_upcoming_training": {
                      "actions": {
                        "emailGUID_to_en-US": {
                          "runAfter": {},
                          "metadata": {
                            "operationMetadataId": "3c46d691-0f2a-4c36-9611-c2c7de1ec33d"
                          },
                          "type": "Compose",
                          "inputs": "0c2d5026-7d8b-ed11-81ac-0022480819d7"
                        },
                        "List_emails_for_preferred_language": {
                          "runAfter": {
                            "emailGUID_to_en-US": [
                              "Succeeded"
                            ]
                          },
                          "metadata": {
                            "operationMetadataId": "29188a43-3a3a-46da-a4f6-f162180d8254"
                          },
                          "type": "OpenApiConnection",
                          "inputs": {
                            "host": {
                              "connectionName": "shared_commondataserviceforapps",
                              "operationId": "ListRecords",
                              "apiId": "/providers/Microsoft.PowerApps/apis/shared_commondataserviceforapps"
                            },
                            "parameters": {
                              "entityName": "admin_customizedemails",
                              "$select": "admin_customizedemailid",
                              "$filter": "admin_basedon eq '@{outputs('emailGUID_to_en-US')}' and admin_language eq '@{outputs('PreferredLanguage')}'"
                            },
                            "authentication": "@parameters('$authentication')"
                          }
                        },
                        "Set_emailGUID_to_localized_row": {
                          "runAfter": {
                            "List_emails_for_preferred_language": [
                              "Succeeded"
                            ]
                          },
                          "metadata": {
                            "operationMetadataId": "1e1c0a09-41a6-4b3d-a558-df89f10ca738"
                          },
                          "type": "SetVariable",
                          "inputs": {
                            "name": "emailGUID",
                            "value": "@{if(greater(length(outputs('List_emails_for_preferred_language')?['body/value']), 0), first(body('List_emails_for_preferred_language')?['value'])['admin_customizedemailid'], outputs('emailGUID_to_en-US'))}"
                          },
                          "description": "if(greater(length(outputs('List_emails_for_preferred_language')?['body/value']),0), first(body('List_emails_for_preferred_language')?['value'])['admin_customizedemailid'], outputs('emailGUID_to_en-US'))"
                        },
                        "Get_a_row_by_ID": {
                          "runAfter": {
                            "Set_emailGUID_to_localized_row": [
                              "Succeeded"
                            ]
                          },
                          "metadata": {
                            "operationMetadataId": "c34df6f5-d327-47a2-8e25-e33c207762e2"
                          },
                          "type": "OpenApiConnection",
                          "inputs": {
                            "host": {
                              "connectionName": "shared_commondataserviceforapps",
                              "operationId": "GetItem",
                              "apiId": "/providers/Microsoft.PowerApps/apis/shared_commondataserviceforapps"
                            },
                            "parameters": {
                              "entityName": "admin_customizedemails",
                              "recordId": "@variables('emailGUID')",
                              "$select": "admin_body, admin_cc, admin_replyto, admin_sendonbehalf, admin_subject, admin_importance"
                            },
                            "authentication": "@parameters('$authentication')"
                          }
                        }
                      },
                      "runAfter": {
                        "PreferredLanguage": [
                          "Succeeded"
                        ]
                      },
                      "metadata": {
                        "operationMetadataId": "74c8fe2a-d9bd-4ab1-a2a7-1ceffc6c9c18"
                      },
                      "type": "Scope"
                    },
                    "Send_reminder_of_upcoming_training": {
                      "runAfter": {
                        "Get_Row_-_Send_reminder_of_upcoming_training": [
                          "Succeeded"
                        ]
                      },
                      "metadata": {
                        "operationMetadataId": "9590f031-8e0f-4d58-80c0-5db7696a6e7b"
                      },
                      "type": "Workflow",
                      "inputs": {
                        "host": {
                          "workflowReferenceName": "5625768c-bd3d-ec11-8c63-00224829720b"
                        },
                        "body": {
                          "email": "@outputs('SendTo')",
                          "text": "@{outputs('Get_a_row_by_ID')?['body/admin_subject']} @{items('Apply_to_each_upcoming_event')?['admin_name']}",
                          "text_1": "@{outputs('Get_a_row_by_ID')?['body/admin_body']}\n<a href='@{parameters('Community URL (admin_CommunityURL)')}'>community link</a>\n<br><br><br>\n<b>Event details:</b> <br>\nName: @{items('Apply_to_each_upcoming_event')?['admin_name']} <br>\nDate: @{formatDateTime(items('Apply_to_each_upcoming_event')?['admin_starttime'], 'dd MMM yyyy')}<br><br>",
                          "email_1": "@if(equals(outputs('Get_a_row_by_ID')?['body/admin_cc'], null), '', outputs('Get_a_row_by_ID')?['body/admin_cc'])",
                          "email_2": "@if(equals(outputs('Get_a_row_by_ID')?['body/admin_sendonbehalf'], null), '', outputs('Get_a_row_by_ID')?['body/admin_sendonbehalf'])",
                          "email_3": "@if(equals(outputs('Get_a_row_by_ID')?['body/admin_replyto'], null), '', outputs('Get_a_row_by_ID')?['body/admin_replyto'])",
                          "text_2": "@if(equals(outputs('Get_a_row_by_ID')?['body/admin_importance'], null), '', outputs('Get_a_row_by_ID')?['body/admin_importance'])"
                        }
                      },
                      "description": "0c2d5026-7d8b-ed11-81ac-0022480819d7"
                    }
                  },
                  "runAfter": {
                    "Append_each_attendee_to_list": [
                      "Succeeded"
                    ]
                  },
                  "expression": {
                    "greater": [
                      "@length(variables('attendeeList'))",
                      0
                    ]
                  },
                  "metadata": {
                    "operationMetadataId": "264fb473-f2d7-4061-a28f-49568ceebaa9"
                  },
                  "type": "If"
                },
                "Reset_attendeeList": {
                  "runAfter": {},
                  "metadata": {
                    "operationMetadataId": "cca0eb2a-4587-43eb-b19f-f3852a9419c6"
                  },
                  "type": "SetVariable",
                  "inputs": {
                    "name": "attendeeList",
                    "value": "@{''}"
                  }
                },
                "List_Attendees": {
                  "runAfter": {
                    "Reset_attendeeList": [
                      "Succeeded"
                    ]
                  },
                  "metadata": {
                    "operationMetadataId": "b97339f9-9d78-4128-88d0-fa36382ee388"
                  },
                  "type": "OpenApiConnection",
                  "inputs": {
                    "host": {
                      "connectionName": "shared_commondataserviceforapps",
                      "operationId": "ListRecords",
                      "apiId": "/providers/Microsoft.PowerApps/apis/shared_commondataserviceforapps"
                    },
                    "parameters": {
                      "entityName": "admin_inadayattendeeses",
                      "$select": "admin_attendeeemail",
                      "$filter": "_admin_registeredevent_value eq @{items('Apply_to_each_upcoming_event')?['admin_inadayeventid']}"
                    },
                    "authentication": "@parameters('$authentication')"
                  }
                },
                "Append_each_attendee_to_list": {
                  "foreach": "@outputs('List_Attendees')?['body/value']",
                  "actions": {
                    "Append_to_string_variable": {
                      "runAfter": {},
                      "metadata": {
                        "operationMetadataId": "664e9785-f8a9-47be-a029-e6672f907905"
                      },
                      "type": "AppendToStringVariable",
                      "inputs": {
                        "name": "attendeeList",
                        "value": "@{items('Append_each_attendee_to_list')?['admin_attendeeemail']} ;"
                      }
                    }
                  },
                  "runAfter": {
                    "List_Attendees": [
                      "Succeeded"
                    ]
                  },
                  "metadata": {
                    "operationMetadataId": "235c424a-30a4-46b7-ac73-93d5d3512752"
                  },
                  "type": "Foreach"
                }
              },
              "runAfter": {
                "Filter_events_to_3_days_in_future": [
                  "Succeeded"
                ]
              },
              "metadata": {
                "operationMetadataId": "7da6f2d1-5f02-4255-9eb9-55bb0374c604"
              },
              "type": "Foreach"
            }
          },
          "runAfter": {
            "Initialize_attendeeList": [
              "Succeeded"
            ]
          },
          "metadata": {
            "operationMetadataId": "8d76885a-8b1c-458f-8f4b-2e52fbc46d86"
          },
          "type": "Scope"
        },
        "Error_Handling": {
          "actions": {
            "Create_a_new_record_-_Sync_Flow_Errors": {
              "runAfter": {},
              "metadata": {
                "operationMetadataId": "87961ff0-e261-4890-9ab9-a53f88fe0de5"
              },
              "type": "OpenApiConnection",
              "inputs": {
                "host": {
                  "connectionName": "shared_commondataserviceforapps",
                  "operationId": "CreateRecord",
                  "apiId": "/providers/Microsoft.PowerApps/apis/shared_commondataserviceforapps"
                },
                "parameters": {
                  "entityName": "admin_syncflowerrorses",
                  "item/admin_name": "@workflow()?['tags']['flowDisplayName']",
                  "item/admin_flowinstanceurl": "@concat(parameters('Power Automate Environment Variable (admin_PowerAutomateEnvironmentVariable)'), workflow()?['tags']['environmentName'], '/flows/', workflow()?['name'], '/runs/', workflow()?['run']['name'])"
                },
                "authentication": "@parameters('$authentication')",
                "retryPolicy": {
                  "type": "exponential",
                  "count": 10,
                  "interval": "PT10S"
                }
              }
            },
            "Terminate": {
              "runAfter": {
                "Update_Last_Run_Fail": [
                  "Succeeded"
                ]
              },
              "metadata": {
                "operationMetadataId": "9e5a2a18-dba2-47a1-96d5-3356f4348e5a"
              },
              "type": "Terminate",
              "inputs": {
                "runStatus": "Failed",
                "runError": {
                  "code": "500",
                  "message": "Get Environments Failed"
                }
              }
            },
            "Get_ID_Fail": {
              "runAfter": {
                "Create_a_new_record_-_Sync_Flow_Errors": [
                  "Succeeded"
                ]
              },
              "metadata": {
                "operationMetadataId": "47329bf2-8aac-400d-9778-a793b4f1180f"
              },
              "type": "OpenApiConnection",
              "inputs": {
                "host": {
                  "connectionName": "shared_commondataserviceforapps",
                  "operationId": "ListRecords",
                  "apiId": "/providers/Microsoft.PowerApps/apis/shared_commondataserviceforapps"
                },
                "parameters": {
                  "entityName": "admin_coesolutionmetadatas",
                  "$select": "admin_coesolutionmetadataid",
                  "$filter": "admin_objectname eq '@{workflow()?['tags']['flowDisplayName']}'",
                  "$top": 1
                },
                "authentication": "@parameters('$authentication')"
              }
            },
            "Update_Last_Run_Fail": {
              "runAfter": {
                "Get_ID_Fail": [
                  "Succeeded"
                ]
              },
              "metadata": {
                "operationMetadataId": "c63eb7cc-6101-4567-b520-a4a8881264e9"
              },
              "type": "OpenApiConnection",
              "inputs": {
                "host": {
                  "connectionName": "shared_commondataserviceforapps",
                  "operationId": "UpdateRecord",
                  "apiId": "/providers/Microsoft.PowerApps/apis/shared_commondataserviceforapps"
                },
                "parameters": {
                  "entityName": "admin_coesolutionmetadatas",
                  "recordId": "@first(outputs('Get_ID_Fail')?['body/value'])?['admin_coesolutionmetadataid']",
                  "item/admin_lastrun": "@utcNow()",
                  "item/admin_lastrunpassed": false
                },
                "authentication": "@parameters('$authentication')"
              }
            }
          },
          "runAfter": {
            "Reminder_3_days_prior_event_SCOPE": [
              "Failed"
            ]
          },
          "metadata": {
            "operationMetadataId": "38ae684e-622d-42ea-abd2-ee571aee3a5f"
          },
          "type": "Scope"
        },
        "Update_last_run_as_pass": {
          "actions": {
            "Update_Last_Run_Successful": {
              "runAfter": {
                "Get_ID_Pass": [
                  "Succeeded"
                ]
              },
              "metadata": {
                "operationMetadataId": "78ef70e5-7f67-4737-9a02-8533f12caa19"
              },
              "type": "OpenApiConnection",
              "inputs": {
                "host": {
                  "connectionName": "shared_commondataserviceforapps",
                  "operationId": "UpdateRecord",
                  "apiId": "/providers/Microsoft.PowerApps/apis/shared_commondataserviceforapps"
                },
                "parameters": {
                  "entityName": "admin_coesolutionmetadatas",
                  "recordId": "@first(outputs('Get_ID_Pass')?['body/value'])?['admin_coesolutionmetadataid']",
                  "item/admin_lastrun": "@utcNow()",
                  "item/admin_lastrunpassed": true
                },
                "authentication": "@parameters('$authentication')"
              }
            },
            "Get_ID_Pass": {
              "runAfter": {},
              "metadata": {
                "operationMetadataId": "f4f314b6-89d3-4056-af1c-73115e7d6bd1"
              },
              "type": "OpenApiConnection",
              "inputs": {
                "host": {
                  "connectionName": "shared_commondataserviceforapps",
                  "operationId": "ListRecords",
                  "apiId": "/providers/Microsoft.PowerApps/apis/shared_commondataserviceforapps"
                },
                "parameters": {
                  "entityName": "admin_coesolutionmetadatas",
                  "$select": "admin_coesolutionmetadataid",
                  "$filter": "admin_objectname eq '@{workflow()?['tags']['flowDisplayName']}'",
                  "$top": 1
                },
                "authentication": "@parameters('$authentication')"
              }
            },
            "Catch_-_not_ready_to_take_last_run_date": {
              "runAfter": {
                "Update_Last_Run_Successful": [
                  "Failed"
                ]
              },
              "metadata": {
                "operationMetadataId": "f88cdefe-c402-49d7-8f4a-934475e6f741"
              },
              "type": "Compose",
              "inputs": "Catch - not ready to take last run date"
            }
          },
          "runAfter": {
            "Error_Handling": [
              "Skipped"
            ]
          },
          "metadata": {
            "operationMetadataId": "5c140442-d939-4ca4-8ec8-d1ee2bed4a81"
          },
          "type": "Scope"
        }
      },
      "outputs": {}
    },
    "templateName": ""
  },
  "schemaVersion": "1.0.0.0"
}