<environmentvariabledefinition schemaname="admin_CleanupOldObjectsAppURL">
  <description default="Inactivity Processes - (optional) URL to the Cleanup Old Objects App canvas app, if you are using this app">
    <label description="Inactivity Processes - (optional) URL to the Cleanup Old Objects App canvas app, if you are using this app" languagecode="1033" />
  </description>
  <displayname default="Cleanup Old Objects App URL">
    <label description="Cleanup Old Objects App URL" languagecode="1033" />
  </displayname>
  <introducedversion>1.60.01</introducedversion>
  <iscustomizable>1</iscustomizable>
  <isrequired>0</isrequired>
  <secretstore>0</secretstore>
  <type>100000000</type>
</environmentvariabledefinition>