<environmentvariabledefinition schemaname="admin_CommandCenterClientSecret">
  <description default="Inventory - LEAVE EMPTY ON IMPORT. Text version of the Client Secret for the app registered to fetch M365 Service Messages">
    <label description="Inventory - LEAVE EMPTY ON IMPORT. Text version of the Client Secret for the app registered to fetch M365 Service Messages" languagecode="1033" />
  </description>
  <displayname default="Command Center - Client Secret">
    <label description="Command Center - Client Secret" languagecode="1033" />
  </displayname>
  <introducedversion>3.17.9</introducedversion>
  <iscustomizable>1</iscustomizable>
  <isrequired>0</isrequired>
  <secretstore>0</secretstore>
  <type>100000000</type>
</environmentvariabledefinition>