<appaction uniquename="crfce__Askmakerfordecisi!94c5361743334b5e8304f4a3d768a5e1!admin_DLPImpactAnalysis!admin_dlpimpactanalysis!1">
  <appmoduleid>
    <uniquename>admin_DLPImpactAnalysis</uniquename>
  </appmoduleid>
  <buttonlabeltext default="Send task to maker">
    <label description="Send task to maker" languagecode="1033" />
  </buttonlabeltext>
  <buttontooltipdescription default="This action will send a card to the makers of the selected resources, asking to make a decision about what to do with their impacted resources.">
    <label description="This action will send a card to the makers of the selected resources, asking to make a decision about what to do with their impacted resources." languagecode="1033" />
  </buttontooltipdescription>
  <context>1</context>
  <contextentity>
    <logicalname>admin_dlpimpactanalysis</logicalname>
  </contextentity>
  <contextvalue>admin_dlpimpactanalysis</contextvalue>
  <fonticon>SendEmail</fonticon>
  <hidden>0</hidden>
  <iscustomizable>1</iscustomizable>
  <isdisabled>0</isdisabled>
  <isgrouptitlehidden>0</isgrouptitlehidden>
  <location>1</location>
  <name>Askmakerfordecisi!94c5361743334b5e8304f4a3d768a5e1</name>
  <onclickeventformulacomponentlibraryid>
    <name>crfce_dlpimpactanalysisdefaultcommandlibrary_45d0e</name>
  </onclickeventformulacomponentlibraryid>
  <onclickeventformulacomponentname>5e050cea930a4aef9e21f4827ba12872</onclickeventformulacomponentname>
  <onclickeventformulafunctionname>OnSelect</onclickeventformulafunctionname>
  <onclickeventtype>1</onclickeventtype>
  <origin>0</origin>
  <sequence>500050010.0000000000</sequence>
  <statecode>0</statecode>
  <statuscode>1</statuscode>
  <type>0</type>
  <visibilityformulacomponentlibraryid>
    <name>crfce_dlpimpactanalysisdefaultcommandlibrary_45d0e</name>
  </visibilityformulacomponentlibraryid>
  <visibilityformulacomponentname>5e050cea930a4aef9e21f4827ba12872</visibilityformulacomponentname>
  <visibilityformulafunctionname>Visible</visibilityformulafunctionname>
  <visibilitytype>1</visibilitytype>
</appaction>