<environmentvariabledefinition schemaname="admin_AppUsageDataflowID">
  <description default="LEAVE EMPTY ON IMPORT. App Usage Dataflow ID.">
    <label description="LEAVE EMPTY ON IMPORT. App Usage Dataflow ID." languagecode="1033" />
  </description>
  <displayname default="App Usage Dataflow ID">
    <label description="App Usage Dataflow ID" languagecode="1033" />
  </displayname>
  <introducedversion>4.3.16</introducedversion>
  <iscustomizable>1</iscustomizable>
  <isrequired>0</isrequired>
  <secretstore>0</secretstore>
  <type>100000000</type>
</environmentvariabledefinition>