<environmentvariabledefinition schemaname="admin_ComplianceAppsNumberGroupsShared">
  <defaultvalue>1</defaultvalue>
  <description default="Compliance – If the app is shared with this many or more groups, ask for business justification. Default 1">
    <label description="Compliance – If the app is shared with this many or more groups, ask for business justification. Default 1" languagecode="1033" />
  </description>
  <displayname default="Compliance – Apps – Number Groups Shared">
    <label description="Compliance – Apps – Number Groups Shared" languagecode="1033" />
  </displayname>
  <introducedversion>3.16</introducedversion>
  <iscustomizable>1</iscustomizable>
  <isrequired>0</isrequired>
  <secretstore>0</secretstore>
  <type>100000001</type>
</environmentvariabledefinition>