<environmentvariabledefinition schemaname="admin_ArchivalPastTimeUnit">
  <defaultvalue>Month</defaultvalue>
  <description default="Inactivity Processes - The units for the past time for how far back to go to see if an app/flow is useful. Default is Month (for 6 months). Options are those of the Add to time action's Time Unit Parameter">
    <label description="Inactivity Processes - The units for the past time for how far back to go to see if an app/flow is useful. Default is Month (for 6 months). Options are those of the Add to time action's Time Unit Parameter" languagecode="1033" />
  </description>
  <displayname default="InactivityNotifications-PastTime-Unit">
    <label description="InactivityNotifications-PastTime-Unit" languagecode="1033" />
  </displayname>
  <introducedversion>2.10.1</introducedversion>
  <iscustomizable>1</iscustomizable>
  <isrequired>0</isrequired>
  <secretstore>0</secretstore>
  <type>100000000</type>
</environmentvariabledefinition>