{
  "properties": {
    "connectionReferences": {
      "shared_commondataserviceforapps_2": {
        "runtimeSource": "embedded",
        "connection": {
          "connectionReferenceLogicalName": "admin_CoECoreDataverse"
        },
        "api": {
          "name": "shared_commondataserviceforapps"
        }
      },
      "shared_commondataserviceforapps": {
        "runtimeSource": "embedded",
        "connection": {
          "connectionReferenceLogicalName": "admin_sharedcommondataserviceforapps_98924"
        },
        "api": {
          "name": "shared_commondataserviceforapps"
        }
      }
    },
    "definition": {
      "$schema": "https://schema.management.azure.com/providers/Microsoft.Logic/schemas/2016-06-01/workflowdefinition.json#",
      "contentVersion": "1.0.0.0",
      "parameters": {
        "$connections": {
          "defaultValue": {},
          "type": "Object"
        },
        "$authentication": {
          "defaultValue": {},
          "type": "SecureObject"
        },
        "Power Automate Environment Variable (admin_PowerAutomateEnvironmentVariable)": {
          "defaultValue": "https://flow.microsoft.com/manage/environments/",
          "type": "String",
          "metadata": {
            "schemaName": "admin_PowerAutomateEnvironmentVariable",
            "description": "Inventory - REQUIRED. Environment, including geographic location, for Power Automate - Ex for commercial: https://flow.microsoft.com/manage/environments/"
          }
        }
      },
      "triggers": {
        "manual": {
          "metadata": {
            "operationMetadataId": "bfc5d45c-4b5f-46be-9fc3-1719e40752c5"
          },
          "type": "Request",
          "kind": "Button",
          "inputs": {
            "schema": {
              "type": "object",
              "properties": {
                "file": {
                  "title": "Audit Log CSV",
                  "type": "object",
                  "x-ms-dynamically-added": true,
                  "description": "Please select file or image",
                  "x-ms-content-hint": "FILE",
                  "properties": {
                    "name": {
                      "type": "string"
                    },
                    "contentBytes": {
                      "type": "string",
                      "format": "byte"
                    }
                  }
                }
              },
              "required": []
            }
          }
        }
      },
      "actions": {
        "Load_csv_data": {
          "actions": {
            "Select": {
              "runAfter": {
                "Data": [
                  "Succeeded"
                ]
              },
              "metadata": {
                "operationMetadataId": "133fab5e-d820-49d0-9da4-628c2c3df126"
              },
              "type": "Select",
              "inputs": {
                "from": "@skip(outputs('Data'), 1)",
                "select": {
                  "AuditEntry": "@item()"
                }
              }
            },
            "Data": {
              "runAfter": {
                "NewLine": [
                  "Succeeded"
                ]
              },
              "metadata": {
                "operationMetadataId": "2021dedb-8437-4432-8a5e-cf642aaef44a"
              },
              "type": "Compose",
              "inputs": "@split(base64ToString(triggerBody()?['file']?['contentBytes']), outputs('NewLine'))"
            },
            "NewLine": {
              "runAfter": {},
              "metadata": {
                "operationMetadataId": "2525d769-4b69-41b7-8d9e-fdd68b35fd99"
              },
              "type": "Compose",
              "inputs": "\n"
            },
            "LoopFileRows": {
              "foreach": "@body('Select')",
              "actions": {
                "if_auditentry_not_empty": {
                  "actions": {
                    "GetOnlyAuditDataValue": {
                      "runAfter": {},
                      "metadata": {
                        "operationMetadataId": "1384a949-fe32-419c-be31-adf5d89e0360"
                      },
                      "type": "Compose",
                      "inputs": "@replace(substring(item()['AuditEntry'], add(nthIndexOf(item()['AuditEntry'], ',', 3), 2)), '\"\"', '\"')"
                    },
                    "StartFromFirstCurlyBracket": {
                      "runAfter": {
                        "GetOnlyAuditDataValue": [
                          "Succeeded"
                        ]
                      },
                      "metadata": {
                        "operationMetadataId": "bd216e95-8d62-4e82-bba2-44083c596a87"
                      },
                      "type": "Compose",
                      "inputs": "@substring(item()['AuditEntry'], nthIndexOf(item()['AuditEntry'], '{', 1))"
                    },
                    "GetAuditDataPart": {
                      "runAfter": {
                        "StartFromFirstCurlyBracket": [
                          "Succeeded"
                        ]
                      },
                      "metadata": {
                        "operationMetadataId": "7537a039-c93f-456b-b665-4dda9cabc5c0"
                      },
                      "type": "Compose",
                      "inputs": "@replace(substring(outputs('StartFromFirstCurlyBracket'), 0, add(lastIndexOf(outputs('StartFromFirstCurlyBracket'), '}'), 1)), '\"\"', '\"')"
                    },
                    "ParseAuditData": {
                      "runAfter": {
                        "GetAuditDataPart": [
                          "Succeeded"
                        ]
                      },
                      "metadata": {
                        "operationMetadataId": "5b03b759-f2bd-4239-aefd-5563c4a8463f"
                      },
                      "type": "ParseJson",
                      "inputs": {
                        "content": "@outputs('GetAuditDataPart')",
                        "schema": {
                          "type": "object",
                          "properties": {
                            "CreationTime": {
                              "type": "string"
                            },
                            "Id": {
                              "type": "string"
                            },
                            "Operation": {
                              "type": "string"
                            },
                            "OrganizationId": {
                              "type": "string"
                            },
                            "RecordType": {
                              "type": "integer"
                            },
                            "ResultStatus": {
                              "type": "string"
                            },
                            "UserKey": {
                              "type": "string"
                            },
                            "UserType": {
                              "type": "integer"
                            },
                            "Version": {
                              "type": "integer"
                            },
                            "Workload": {
                              "type": "string"
                            },
                            "ClientIP": {
                              "type": "string"
                            },
                            "ObjectId": {
                              "type": "string"
                            },
                            "UserId": {
                              "type": "string"
                            },
                            "AdditionalInfo": {
                              "type": "string"
                            },
                            "AppName": {
                              "type": "string"
                            }
                          }
                        }
                      }
                    },
                    "LaunchPowerApp_only": {
                      "actions": {
                        "GetAppInfo": {
                          "runAfter": {},
                          "metadata": {
                            "operationMetadataId": "92413ba2-ad84-43cc-8749-2a86dafcb8e2"
                          },
                          "type": "OpenApiConnection",
                          "inputs": {
                            "host": {
                              "connectionName": "shared_commondataserviceforapps_2",
                              "operationId": "ListRecords",
                              "apiId": "/providers/Microsoft.PowerApps/apis/shared_commondataserviceforapps"
                            },
                            "parameters": {
                              "entityName": "admin_apps",
                              "$select": "admin_appid, admin_applastlaunchedon",
                              "$filter": "admin_appid eq @{body('ParseAuditData')?['AppName']}"
                            },
                            "authentication": {
                              "type": "Raw",
                              "value": "@json(decodeBase64(triggerOutputs().headers['X-MS-APIM-Tokens']))['$ConnectionKey']"
                            }
                          }
                        },
                        "DoesAppExists": {
                          "actions": {
                            "UpsertAuditLogEvent": {
                              "runAfter": {},
                              "metadata": {
                                "operationMetadataId": "b145411a-a033-4457-880a-dd15b21d1c8a"
                              },
                              "type": "OpenApiConnection",
                              "inputs": {
                                "host": {
                                  "connectionName": "shared_commondataserviceforapps_2",
                                  "operationId": "UpdateRecord",
                                  "apiId": "/providers/Microsoft.PowerApps/apis/shared_commondataserviceforapps"
                                },
                                "parameters": {
                                  "entityName": "admin_auditlogs",
                                  "recordId": "@body('ParseAuditData')?['Id']",
                                  "item/admin_creationtime": "@body('ParseAuditData')?['CreationTime']",
                                  "item/admin_appid": "@body('ParseAuditData')?['AppName']",
                                  "item/admin_AppLookup@odata.bind": "admin_apps(@{body('ParseAuditData')?['AppName']})",
                                  "item/admin_operation": "@body('ParseAuditData')?['Operation']",
                                  "item/admin_title": "Power App Launch @{body('ParseAuditData')?['AppName']} - @{body('ParseAuditData')?['CreationTime']}",
                                  "item/admin_userupn": "@body('ParseAuditData')?['UserId']",
                                  "item/admin_workload": "@body('ParseAuditData')?['Workload']"
                                },
                                "authentication": {
                                  "type": "Raw",
                                  "value": "@json(decodeBase64(triggerOutputs().headers['X-MS-APIM-Tokens']))['$ConnectionKey']"
                                }
                              }
                            },
                            "Compose": {
                              "runAfter": {
                                "UpsertAuditLogEvent": [
                                  "Succeeded"
                                ]
                              },
                              "metadata": {
                                "operationMetadataId": "ce62b4d2-a06b-4cf6-93b6-e47173c0c4f7"
                              },
                              "type": "Compose",
                              "inputs": "@first(outputs('GetAppInfo')?['body/value'])?['admin_applastlaunchedon']"
                            },
                            "if_newer_launch_than_last_launch_then_update": {
                              "actions": {
                                "UpdateAppLastLaunchDate": {
                                  "runAfter": {},
                                  "metadata": {
                                    "operationMetadataId": "cd939d8a-2bd4-4c8d-bd28-ce367ae9bc55"
                                  },
                                  "type": "OpenApiConnection",
                                  "inputs": {
                                    "host": {
                                      "connectionName": "shared_commondataserviceforapps_2",
                                      "operationId": "UpdateRecord",
                                      "apiId": "/providers/Microsoft.PowerApps/apis/shared_commondataserviceforapps"
                                    },
                                    "parameters": {
                                      "entityName": "admin_apps",
                                      "recordId": "@body('ParseAuditData')?['AppName']",
                                      "item/admin_applastlaunchedon": "@body('ParseAuditData')?['CreationTime']"
                                    },
                                    "authentication": {
                                      "type": "Raw",
                                      "value": "@json(decodeBase64(triggerOutputs().headers['X-MS-APIM-Tokens']))['$ConnectionKey']"
                                    }
                                  }
                                }
                              },
                              "runAfter": {
                                "Compose": [
                                  "Succeeded"
                                ]
                              },
                              "expression": {
                                "or": [
                                  {
                                    "equals": [
                                      "@first(outputs('GetAppInfo')?['body/value'])?['admin_applastlaunchedon']",
                                      "@null"
                                    ]
                                  },
                                  {
                                    "less": [
                                      "@first(outputs('GetAppInfo')?['body/value'])?['admin_applastlaunchedon']",
                                      "@body('ParseAuditData')?['CreationTime']"
                                    ]
                                  }
                                ]
                              },
                              "metadata": {
                                "operationMetadataId": "7bca72fd-920f-4e01-8472-6440409902d7"
                              },
                              "type": "If"
                            }
                          },
                          "runAfter": {
                            "GetAppInfo": [
                              "Succeeded"
                            ]
                          },
                          "expression": {
                            "greater": [
                              "@length(outputs('GetAppInfo')?['body/value'])",
                              0
                            ]
                          },
                          "metadata": {
                            "operationMetadataId": "0d057d8b-13de-4038-b682-1a9d301e114b"
                          },
                          "type": "If"
                        }
                      },
                      "runAfter": {
                        "ParseAuditData": [
                          "Succeeded"
                        ]
                      },
                      "expression": {
                        "equals": [
                          "@body('ParseAuditData')?['Operation']",
                          "LaunchPowerApp"
                        ]
                      },
                      "metadata": {
                        "operationMetadataId": "d1a2f6fa-58b8-410f-84a6-c1d687f3bd5f"
                      },
                      "type": "If"
                    }
                  },
                  "runAfter": {},
                  "expression": {
                    "greater": [
                      "@length(item()['AuditEntry'])",
                      0
                    ]
                  },
                  "metadata": {
                    "operationMetadataId": "321daebc-fe20-4856-9c87-3216d0a274b0"
                  },
                  "type": "If"
                }
              },
              "runAfter": {
                "Select": [
                  "Succeeded"
                ]
              },
              "metadata": {
                "operationMetadataId": "f3a0f35b-278e-446e-bfec-39654d6ea90e"
              },
              "type": "Foreach"
            }
          },
          "runAfter": {},
          "metadata": {
            "operationMetadataId": "5b2dd07e-a81a-4782-aa0d-3670573c5eed"
          },
          "type": "Scope"
        },
        "Error_Handling": {
          "actions": {
            "Create_a_new_record_-_Sync_Flow_Errors": {
              "runAfter": {},
              "metadata": {
                "operationMetadataId": "87961ff0-e261-4890-9ab9-a53f88fe0de5"
              },
              "type": "OpenApiConnection",
              "inputs": {
                "host": {
                  "connectionName": "shared_commondataserviceforapps",
                  "operationId": "CreateRecord",
                  "apiId": "/providers/Microsoft.PowerApps/apis/shared_commondataserviceforapps"
                },
                "parameters": {
                  "entityName": "admin_syncflowerrorses",
                  "item/admin_name": "@workflow()?['tags']['flowDisplayName']",
                  "item/admin_flowinstanceurl": "@concat(parameters('Power Automate Environment Variable (admin_PowerAutomateEnvironmentVariable)'), workflow()?['tags']['environmentName'], '/flows/', workflow()?['name'], '/runs/', workflow()?['run']['name'])"
                },
                "authentication": {
                  "type": "Raw",
                  "value": "@json(decodeBase64(triggerOutputs().headers['X-MS-APIM-Tokens']))['$ConnectionKey']"
                },
                "retryPolicy": {
                  "type": "exponential",
                  "count": 10,
                  "interval": "PT10S"
                }
              }
            },
            "Terminate": {
              "runAfter": {
                "Update_Last_Run_Fail": [
                  "Succeeded"
                ]
              },
              "metadata": {
                "operationMetadataId": "9e5a2a18-dba2-47a1-96d5-3356f4348e5a"
              },
              "type": "Terminate",
              "inputs": {
                "runStatus": "Failed",
                "runError": {
                  "code": "500",
                  "message": "Get Environments Failed"
                }
              }
            },
            "Get_ID_Fail": {
              "runAfter": {
                "Create_a_new_record_-_Sync_Flow_Errors": [
                  "Succeeded"
                ]
              },
              "metadata": {
                "operationMetadataId": "47329bf2-8aac-400d-9778-a793b4f1180f"
              },
              "type": "OpenApiConnection",
              "inputs": {
                "host": {
                  "connectionName": "shared_commondataserviceforapps",
                  "operationId": "ListRecords",
                  "apiId": "/providers/Microsoft.PowerApps/apis/shared_commondataserviceforapps"
                },
                "parameters": {
                  "entityName": "admin_coesolutionmetadatas",
                  "$select": "admin_coesolutionmetadataid",
                  "$filter": "admin_objectname eq '@{workflow()?['tags']['flowDisplayName']}'",
                  "$top": 1
                },
                "authentication": {
                  "type": "Raw",
                  "value": "@json(decodeBase64(triggerOutputs().headers['X-MS-APIM-Tokens']))['$ConnectionKey']"
                }
              }
            },
            "Update_Last_Run_Fail": {
              "runAfter": {
                "Get_ID_Fail": [
                  "Succeeded"
                ]
              },
              "metadata": {
                "operationMetadataId": "c63eb7cc-6101-4567-b520-a4a8881264e9"
              },
              "type": "OpenApiConnection",
              "inputs": {
                "host": {
                  "connectionName": "shared_commondataserviceforapps",
                  "operationId": "UpdateRecord",
                  "apiId": "/providers/Microsoft.PowerApps/apis/shared_commondataserviceforapps"
                },
                "parameters": {
                  "entityName": "admin_coesolutionmetadatas",
                  "recordId": "@first(outputs('Get_ID_Fail')?['body/value'])?['admin_coesolutionmetadataid']",
                  "item/admin_lastrun": "@utcNow()",
                  "item/admin_lastrunpassed": false
                },
                "authentication": {
                  "type": "Raw",
                  "value": "@json(decodeBase64(triggerOutputs().headers['X-MS-APIM-Tokens']))['$ConnectionKey']"
                }
              }
            }
          },
          "runAfter": {
            "Load_csv_data": [
              "Failed"
            ]
          },
          "metadata": {
            "operationMetadataId": "38ae684e-622d-42ea-abd2-ee571aee3a5f"
          },
          "type": "Scope"
        },
        "Update_last_run_as_pass": {
          "actions": {
            "Update_Last_Run_Successful": {
              "runAfter": {
                "Get_ID_Pass": [
                  "Succeeded"
                ]
              },
              "metadata": {
                "operationMetadataId": "78ef70e5-7f67-4737-9a02-8533f12caa19"
              },
              "type": "OpenApiConnection",
              "inputs": {
                "host": {
                  "connectionName": "shared_commondataserviceforapps",
                  "operationId": "UpdateRecord",
                  "apiId": "/providers/Microsoft.PowerApps/apis/shared_commondataserviceforapps"
                },
                "parameters": {
                  "entityName": "admin_coesolutionmetadatas",
                  "recordId": "@first(outputs('Get_ID_Pass')?['body/value'])?['admin_coesolutionmetadataid']",
                  "item/admin_lastrun": "@utcNow()",
                  "item/admin_lastrunpassed": true
                },
                "authentication": {
                  "type": "Raw",
                  "value": "@json(decodeBase64(triggerOutputs().headers['X-MS-APIM-Tokens']))['$ConnectionKey']"
                }
              }
            },
            "Catch_-_not_ready_to_take_last_run_date": {
              "runAfter": {
                "Update_Last_Run_Successful": [
                  "Failed"
                ]
              },
              "metadata": {
                "operationMetadataId": "f88cdefe-c402-49d7-8f4a-934475e6f741"
              },
              "type": "Compose",
              "inputs": "Catch - not ready to take last run date"
            },
            "Get_ID_Pass": {
              "runAfter": {},
              "metadata": {
                "operationMetadataId": "f4f314b6-89d3-4056-af1c-73115e7d6bd1"
              },
              "type": "OpenApiConnection",
              "inputs": {
                "host": {
                  "connectionName": "shared_commondataserviceforapps",
                  "operationId": "ListRecords",
                  "apiId": "/providers/Microsoft.PowerApps/apis/shared_commondataserviceforapps"
                },
                "parameters": {
                  "entityName": "admin_coesolutionmetadatas",
                  "$select": "admin_coesolutionmetadataid",
                  "$filter": "admin_objectname eq '@{workflow()?['tags']['flowDisplayName']}'",
                  "$top": 1
                },
                "authentication": {
                  "type": "Raw",
                  "value": "@json(decodeBase64(triggerOutputs().headers['X-MS-APIM-Tokens']))['$ConnectionKey']"
                }
              }
            }
          },
          "runAfter": {
            "Error_Handling": [
              "Skipped"
            ]
          },
          "metadata": {
            "operationMetadataId": "5c140442-d939-4ca4-8ec8-d1ee2bed4a81"
          },
          "type": "Scope"
        }
      }
    },
    "templateName": ""
  },
  "schemaVersion": "1.0.0.0"
}