{
  "properties": {
    "connectionReferences": {
      "shared_commondataserviceforapps_2": {
        "runtimeSource": "embedded",
        "connection": {
          "connectionReferenceLogicalName": "admin_sharedcommondataserviceforapps_98924"
        },
        "api": {
          "name": "shared_commondataserviceforapps"
        }
      },
      "shared_commondataserviceforapps_1": {
        "runtimeSource": "embedded",
        "connection": {
          "connectionReferenceLogicalName": "admin_CoECoreDataverse"
        },
        "api": {
          "name": "shared_commondataserviceforapps"
        }
      },
      "shared_commondataserviceforapps": {
        "runtimeSource": "embedded",
        "connection": {
          "connectionReferenceLogicalName": "admin_CoECoreDataverse"
        },
        "api": {
          "name": "shared_commondataserviceforapps"
        }
      },
      "shared_commondataserviceforapps_3": {
        "runtimeSource": "embedded",
        "connection": {
          "connectionReferenceLogicalName": "admin_CoECoreDataverse2"
        },
        "api": {
          "name": "shared_commondataserviceforapps"
        }
      }
    },
    "definition": {
      "$schema": "https://schema.management.azure.com/providers/Microsoft.Logic/schemas/2016-06-01/workflowdefinition.json#",
      "contentVersion": "1.0.0.0",
      "parameters": {
        "$connections": {
          "defaultValue": {},
          "type": "Object"
        },
        "$authentication": {
          "defaultValue": {},
          "type": "SecureObject"
        },
        "Power Automate Environment Variable (admin_PowerAutomateEnvironmentVariable)": {
          "defaultValue": "https://flow.microsoft.com/manage/environments/",
          "type": "String",
          "metadata": {
            "schemaName": "admin_PowerAutomateEnvironmentVariable",
            "description": "Inventory - REQUIRED. Environment, including geographic location, for Power Automate - Ex for commercial: https://flow.microsoft.com/manage/environments/"
          }
        },
        "CoE System User ID (admin_CoESystemUserID)": {
          "defaultValue": "f039b642-ad47-ee11-be6d-000d3a3411d9",
          "type": "String",
          "metadata": {
            "schemaName": "admin_CoESystemUserID",
            "description": "in the maker table we store a user for system with an id. Storing here so that it can be referenced without having to look it up all the time."
          }
        }
      },
      "triggers": {
        "Recurrence": {
          "recurrence": {
            "frequency": "Day",
            "interval": 1
          },
          "metadata": {
            "operationMetadataId": "d576f37b-7535-4ffa-9342-a24080928f44"
          },
          "type": "Recurrence"
        }
      },
      "actions": {
        "Get_RPA_Sessions": {
          "actions": {
            "Apply_to_each_environment": {
              "foreach": "@outputs('List_Environments_from_CoE')?['body/value']",
              "actions": {
                "Continue_if_supporting_envt_type": {
                  "actions": {
                    "Catch_Org_not_found": {
                      "runAfter": {
                        "List_RPA_Flow_Sessions": [
                          "Failed"
                        ]
                      },
                      "metadata": {
                        "operationMetadataId": "579c703f-4482-4f42-ba13-f6c1cfc007bd"
                      },
                      "type": "Compose",
                      "inputs": "Org not found, continue loop"
                    },
                    "Apply_to_each_session": {
                      "foreach": "@outputs('List_RPA_Flow_Sessions')?['body/value']",
                      "actions": {
                        "UniqueNameString": {
                          "runAfter": {
                            "Get_User_Details": [
                              "Succeeded"
                            ]
                          },
                          "metadata": {
                            "operationMetadataId": "c223ff55-c16f-451e-8dcc-bf7389e8d93d"
                          },
                          "type": "Compose",
                          "inputs": "@concat(items('Apply_to_each_environment')?['admin_environmentid'], '_', items('Apply_to_each_session')?['_regardingobjectid_value'])",
                          "description": "concat(items('Apply_to_each_environment')?['admin_environmentid'], '_', items('Apply_to_each_session')?['_regardingobjectid_value'])"
                        },
                        "List_Desktop_Flows_that_match_by_Unique_Name": {
                          "runAfter": {
                            "UniqueNameString": [
                              "Succeeded"
                            ]
                          },
                          "metadata": {
                            "operationMetadataId": "c6efef1e-e024-4348-8e1f-1576f9c815b3"
                          },
                          "type": "OpenApiConnection",
                          "inputs": {
                            "host": {
                              "connectionName": "shared_commondataserviceforapps_2",
                              "operationId": "ListRecords",
                              "apiId": "/providers/Microsoft.PowerApps/apis/shared_commondataserviceforapps"
                            },
                            "parameters": {
                              "entityName": "admin_rpas",
                              "$select": "admin_rpaid, admin_rpamodifiedon",
                              "$filter": "admin_rpauniquename eq '@{outputs('UniqueNameString')}'"
                            },
                            "authentication": "@parameters('$authentication')"
                          },
                          "runtimeConfiguration": {
                            "paginationPolicy": {
                              "minimumItemCount": 100000
                            }
                          }
                        },
                        "If_exists,_get_GUID_and_insert": {
                          "actions": {
                            "flowGUID": {
                              "runAfter": {},
                              "metadata": {
                                "operationMetadataId": "6e76a3f7-b4f8-4443-9231-fe7914fa0550"
                              },
                              "type": "Compose",
                              "inputs": "@first(outputs('List_Desktop_Flows_that_match_by_Unique_Name')?['body/value'])['admin_rpaid']",
                              "description": "first(outputs('List_Desktop_Flows_that_match_by_Unique_Name')?['body/value'])['admin_rpaid']"
                            },
                            "if_run_orphaned": {
                              "actions": {
                                "Upsert_RPA_Session_Record_(Orphan)": {
                                  "runAfter": {},
                                  "metadata": {
                                    "operationMetadataId": "33ddf315-fcf8-4e85-a263-26cac58d15be"
                                  },
                                  "type": "OpenApiConnection",
                                  "inputs": {
                                    "host": {
                                      "connectionName": "shared_commondataserviceforapps_1",
                                      "operationId": "UpdateRecord",
                                      "apiId": "/providers/Microsoft.PowerApps/apis/shared_commondataserviceforapps"
                                    },
                                    "parameters": {
                                      "entityName": "admin_rpasessionses",
                                      "recordId": "@items('Apply_to_each_session')?['flowsessionid']",
                                      "item/admin_name": "@items('Apply_to_each_session')?['flowsessionid']",
                                      "item/admin_completedon": "@items('Apply_to_each_session')?['completedon']",
                                      "item/admin_errorcode": "@items('Apply_to_each_session')?['errorcode']",
                                      "item/admin_errormessage": "@items('Apply_to_each_session')?['errormessage']",
                                      "item/admin_RPA@odata.bind": "admin_rpas(@{outputs('flowGUID')})",
                                      "item/admin_startedon": "@items('Apply_to_each_session')?['startedon']"
                                    },
                                    "authentication": "@parameters('$authentication')",
                                    "retryPolicy": {
                                      "type": "exponential",
                                      "count": 10,
                                      "interval": "PT10S"
                                    }
                                  }
                                }
                              },
                              "runAfter": {
                                "flowGUID": [
                                  "Succeeded"
                                ]
                              },
                              "else": {
                                "actions": {
                                  "Upsert_RPA_Session_Record": {
                                    "runAfter": {},
                                    "metadata": {
                                      "operationMetadataId": "33ddf315-fcf8-4e85-a263-26cac58d15be"
                                    },
                                    "type": "OpenApiConnection",
                                    "inputs": {
                                      "host": {
                                        "connectionName": "shared_commondataserviceforapps_1",
                                        "operationId": "UpdateRecord",
                                        "apiId": "/providers/Microsoft.PowerApps/apis/shared_commondataserviceforapps"
                                      },
                                      "parameters": {
                                        "entityName": "admin_rpasessionses",
                                        "recordId": "@items('Apply_to_each_session')?['flowsessionid']",
                                        "item/admin_name": "@items('Apply_to_each_session')?['flowsessionid']",
                                        "item/admin_completedon": "@items('Apply_to_each_session')?['completedon']",
                                        "item/admin_errorcode": "@items('Apply_to_each_session')?['errorcode']",
                                        "item/admin_errormessage": "@items('Apply_to_each_session')?['errormessage']",
                                        "item/admin_RPA@odata.bind": "admin_rpas(@{outputs('flowGUID')})",
                                        "item/admin_RunTriggeredBy@odata.bind": "admin_powerplatformusers(@{outputs('Get_User')?['body/admin_powerplatformuserid']})",
                                        "item/admin_startedon": "@items('Apply_to_each_session')?['startedon']"
                                      },
                                      "authentication": "@parameters('$authentication')",
                                      "retryPolicy": {
                                        "type": "exponential",
                                        "count": 10,
                                        "interval": "PT10S"
                                      }
                                    }
                                  }
                                }
                              },
                              "expression": {
                                "equals": [
                                  "@outputs('IsOrphan')",
                                  "@true"
                                ]
                              },
                              "metadata": {
                                "operationMetadataId": "a0910e73-84e5-4083-901e-edb9c39d2771"
                              },
                              "type": "If"
                            }
                          },
                          "runAfter": {
                            "List_Desktop_Flows_that_match_by_Unique_Name": [
                              "Succeeded"
                            ]
                          },
                          "expression": {
                            "greater": [
                              "@length(outputs('List_Desktop_Flows_that_match_by_Unique_Name')?['body/value'])",
                              0
                            ]
                          },
                          "metadata": {
                            "operationMetadataId": "c368680d-7bc3-4c97-b8cc-77d24741ac01"
                          },
                          "type": "If"
                        },
                        "Get_User_Details": {
                          "actions": {
                            "UserID": {
                              "runAfter": {
                                "Get_User_From_SystemUsers": [
                                  "Succeeded"
                                ]
                              },
                              "metadata": {
                                "operationMetadataId": "56cfa7cf-65cb-4e51-b16a-430bc087d28c"
                              },
                              "type": "Compose",
                              "inputs": "@if(equals(body('Get_User_From_SystemUsers')?['azureactivedirectoryobjectid'], null), if(equals(body('Get_User_From_SystemUsers')?['fullname'], 'SYSTEM'), parameters('CoE System User ID (admin_CoESystemUserID)'), ''), body('Get_User_From_SystemUsers')?['azureactivedirectoryobjectid'])"
                            },
                            "See_if_already_in_User_Table": {
                              "runAfter": {
                                "UserID": [
                                  "Succeeded"
                                ]
                              },
                              "metadata": {
                                "operationMetadataId": "6a7ef4f9-5a59-45f9-a290-e89115a2f36d"
                              },
                              "type": "OpenApiConnection",
                              "inputs": {
                                "host": {
                                  "connectionName": "shared_commondataserviceforapps",
                                  "operationId": "ListRecords",
                                  "apiId": "/providers/Microsoft.PowerApps/apis/shared_commondataserviceforapps"
                                },
                                "parameters": {
                                  "entityName": "admin_powerplatformusers",
                                  "$filter": "admin_powerplatformuserid eq @{outputs('UserID')}"
                                },
                                "authentication": "@parameters('$authentication')",
                                "retryPolicy": {
                                  "type": "exponential",
                                  "count": 20,
                                  "interval": "PT20S"
                                }
                              },
                              "runtimeConfiguration": {
                                "paginationPolicy": {
                                  "minimumItemCount": 100000
                                }
                              }
                            },
                            "If_not,_add_them": {
                              "actions": {
                                "Upsert_Power_Platform_User": {
                                  "runAfter": {},
                                  "metadata": {
                                    "operationMetadataId": "3df820fa-3aa5-4d06-953c-a5fd670ab06d"
                                  },
                                  "type": "OpenApiConnection",
                                  "inputs": {
                                    "host": {
                                      "connectionName": "shared_commondataserviceforapps_1",
                                      "operationId": "UpdateRecord",
                                      "apiId": "/providers/Microsoft.PowerApps/apis/shared_commondataserviceforapps"
                                    },
                                    "parameters": {
                                      "entityName": "admin_powerplatformusers",
                                      "recordId": "@outputs('UserID')",
                                      "item/admin_displayname": "@outputs('Get_User_From_SystemUsers')?['body/fullname']",
                                      "item/admin_groupsize": 1,
                                      "item/admin_recordguidasstring": "@outputs('UserID')",
                                      "item/admin_type": "User",
                                      "item/admin_useremail": "@outputs('Get_User_From_SystemUsers')?['body/internalemailaddress']"
                                    },
                                    "authentication": "@parameters('$authentication')"
                                  }
                                }
                              },
                              "runAfter": {
                                "See_if_already_in_User_Table": [
                                  "Succeeded"
                                ]
                              },
                              "expression": {
                                "equals": [
                                  "@length(outputs('See_if_already_in_User_Table')?['body/value'])",
                                  0
                                ]
                              },
                              "metadata": {
                                "operationMetadataId": "b0599ae4-1806-47c1-9c32-955838f93048"
                              },
                              "type": "If"
                            },
                            "Get_User": {
                              "runAfter": {
                                "If_not,_add_them": [
                                  "Succeeded"
                                ]
                              },
                              "metadata": {
                                "operationMetadataId": "ae6d172a-7fcb-44c7-88dc-32f5b1cec2c8"
                              },
                              "type": "OpenApiConnection",
                              "inputs": {
                                "host": {
                                  "connectionName": "shared_commondataserviceforapps",
                                  "operationId": "GetItem",
                                  "apiId": "/providers/Microsoft.PowerApps/apis/shared_commondataserviceforapps"
                                },
                                "parameters": {
                                  "entityName": "admin_powerplatformusers",
                                  "recordId": "@outputs('UserID')"
                                },
                                "authentication": "@parameters('$authentication')",
                                "retryPolicy": {
                                  "type": "exponential",
                                  "count": 20,
                                  "interval": "PT20S"
                                }
                              }
                            },
                            "catch_for_orphans_no_id": {
                              "runAfter": {
                                "Get_User": [
                                  "Failed"
                                ]
                              },
                              "metadata": {
                                "operationMetadataId": "b420ec58-4b1d-4f34-8cf4-880c0c0b82ab"
                              },
                              "type": "Compose",
                              "inputs": "catch for orphans no id"
                            },
                            "IsOrphan": {
                              "runAfter": {
                                "catch_for_orphans_no_id": [
                                  "Succeeded",
                                  "Skipped"
                                ]
                              },
                              "metadata": {
                                "operationMetadataId": "5ba88760-724b-482e-b7c5-72b125a595a0"
                              },
                              "type": "Compose",
                              "inputs": "@if(or(equals(outputs('UserID'), null), equals(length(outputs('UserID')), 0), equals(outputs('Get_User')?['body/admin_powerplatformuserid'], null)), true, false)"
                            },
                            "Get_User_From_SystemUsers": {
                              "runAfter": {},
                              "metadata": {
                                "operationMetadataId": "790069e7-1747-45da-a4f3-f6b9dda38e5a"
                              },
                              "type": "OpenApiConnection",
                              "inputs": {
                                "host": {
                                  "connectionName": "shared_commondataserviceforapps_3",
                                  "operationId": "GetItemWithOrganization",
                                  "apiId": "/providers/Microsoft.PowerApps/apis/shared_commondataserviceforapps"
                                },
                                "parameters": {
                                  "organization": "@items('Apply_to_each_environment')?['admin_environmentcdsinstanceurl']",
                                  "entityName": "systemusers",
                                  "recordId": "@items('Apply_to_each_session')['_createdby_value']"
                                },
                                "authentication": "@parameters('$authentication')",
                                "retryPolicy": {
                                  "type": "exponential",
                                  "count": 20,
                                  "interval": "PT20S"
                                }
                              }
                            }
                          },
                          "runAfter": {},
                          "metadata": {
                            "operationMetadataId": "615c25ea-17df-47c6-b0b2-1620d61d03c7"
                          },
                          "type": "Scope"
                        }
                      },
                      "runAfter": {
                        "Catch_Org_not_found": [
                          "Skipped"
                        ]
                      },
                      "metadata": {
                        "operationMetadataId": "e441757c-77cf-4cee-aea7-2dd9d6dd04cd"
                      },
                      "type": "Foreach",
                      "runtimeConfiguration": {
                        "concurrency": {
                          "repetitions": 50
                        }
                      }
                    },
                    "List_RPA_Flow_Sessions": {
                      "runAfter": {},
                      "metadata": {
                        "operationMetadataId": "083cd9f4-7141-4d88-b081-89612b07d79b"
                      },
                      "type": "OpenApiConnection",
                      "inputs": {
                        "host": {
                          "connectionName": "shared_commondataserviceforapps_1",
                          "operationId": "ListRecordsWithOrganization",
                          "apiId": "/providers/Microsoft.PowerApps/apis/shared_commondataserviceforapps"
                        },
                        "parameters": {
                          "organization": "@items('Apply_to_each_environment')?['admin_environmentcdsinstanceurl']",
                          "entityName": "flowsessions",
                          "$select": "_createdby_value, _regardingobjectid_value, startedon, errorcode, errormessage, completedon, flowsessionid",
                          "$filter": "createdon gt @{addDays(utcNow(), -2)}"
                        },
                        "authentication": "@parameters('$authentication')"
                      },
                      "runtimeConfiguration": {
                        "paginationPolicy": {
                          "minimumItemCount": 100000
                        }
                      }
                    }
                  },
                  "runAfter": {},
                  "expression": {
                    "and": [
                      {
                        "equals": [
                          "@items('Apply_to_each_environment')?['admin_hascds']",
                          "@true"
                        ]
                      },
                      {
                        "not": {
                          "equals": [
                            "@items('Apply_to_each_environment')?['admin_environmentdeleted']",
                            "@true"
                          ]
                        }
                      },
                      {
                        "not": {
                          "equals": [
                            "@items('Apply_to_each_environment')?['admin_excusefrominventory']",
                            "@true"
                          ]
                        }
                      }
                    ]
                  },
                  "metadata": {
                    "operationMetadataId": "f04517df-0235-426f-978f-124f117e8328"
                  },
                  "type": "If"
                }
              },
              "runAfter": {
                "List_Environments_from_CoE": [
                  "Succeeded"
                ]
              },
              "metadata": {
                "operationMetadataId": "59ba5948-2f07-4922-b88c-5f7efb69da84"
              },
              "type": "Foreach",
              "runtimeConfiguration": {
                "concurrency": {
                  "repetitions": 50
                }
              }
            },
            "List_Environments_from_CoE": {
              "runAfter": {},
              "metadata": {
                "operationMetadataId": "2262a257-838f-44a7-917f-8a54676a5dac"
              },
              "type": "OpenApiConnection",
              "inputs": {
                "host": {
                  "connectionName": "shared_commondataserviceforapps_1",
                  "operationId": "ListRecords",
                  "apiId": "/providers/Microsoft.PowerApps/apis/shared_commondataserviceforapps"
                },
                "parameters": {
                  "entityName": "admin_environments",
                  "$select": "admin_environmentcdsmetadataname, admin_hascds, admin_environmentsku, admin_environmentid, admin_environmentcdsinstanceurl, admin_environmentdeleted, admin_excusefrominventory",
                  "$filter": "admin_environmentdeleted eq false and admin_excusefrominventory eq false and admin_environmentruntimestate ne 'Disabled'"
                },
                "authentication": "@parameters('$authentication')"
              },
              "runtimeConfiguration": {
                "paginationPolicy": {
                  "minimumItemCount": 100000
                }
              }
            }
          },
          "runAfter": {
            "Initialize_today_variable": [
              "Succeeded"
            ]
          },
          "metadata": {
            "operationMetadataId": "bc9837c5-7dd6-4ec6-8170-9dfca182071c"
          },
          "type": "Scope"
        },
        "Initialize_today_variable": {
          "runAfter": {},
          "metadata": {
            "operationMetadataId": "37475e4e-6ac2-486a-a1bf-8856ab9ac197"
          },
          "type": "InitializeVariable",
          "inputs": {
            "variables": [
              {
                "name": "today",
                "type": "string",
                "value": "@{utcNow()}"
              }
            ]
          },
          "description": "Used to identify the 'Record Modified' field on all resource entities"
        },
        "Error_Handling": {
          "actions": {
            "Create_a_new_record_-_Sync_Flow_Errors": {
              "runAfter": {},
              "metadata": {
                "operationMetadataId": "87961ff0-e261-4890-9ab9-a53f88fe0de5"
              },
              "type": "OpenApiConnection",
              "inputs": {
                "host": {
                  "connectionName": "shared_commondataserviceforapps",
                  "operationId": "CreateRecord",
                  "apiId": "/providers/Microsoft.PowerApps/apis/shared_commondataserviceforapps"
                },
                "parameters": {
                  "entityName": "admin_syncflowerrorses",
                  "item/admin_name": "@workflow()?['tags']['flowDisplayName']",
                  "item/admin_flowinstanceurl": "@concat(parameters('Power Automate Environment Variable (admin_PowerAutomateEnvironmentVariable)'), workflow()?['tags']['environmentName'], '/flows/', workflow()?['name'], '/runs/', workflow()?['run']['name'])"
                },
                "authentication": "@parameters('$authentication')",
                "retryPolicy": {
                  "type": "exponential",
                  "count": 10,
                  "interval": "PT10S"
                }
              }
            },
            "Terminate": {
              "runAfter": {
                "Update_Last_Run_Fail": [
                  "Succeeded"
                ]
              },
              "metadata": {
                "operationMetadataId": "9e5a2a18-dba2-47a1-96d5-3356f4348e5a"
              },
              "type": "Terminate",
              "inputs": {
                "runStatus": "Failed",
                "runError": {
                  "code": "500",
                  "message": "Get Environments Failed"
                }
              }
            },
            "Get_ID_Fail": {
              "runAfter": {
                "Create_a_new_record_-_Sync_Flow_Errors": [
                  "Succeeded"
                ]
              },
              "metadata": {
                "operationMetadataId": "47329bf2-8aac-400d-9778-a793b4f1180f"
              },
              "type": "OpenApiConnection",
              "inputs": {
                "host": {
                  "connectionName": "shared_commondataserviceforapps",
                  "operationId": "ListRecords",
                  "apiId": "/providers/Microsoft.PowerApps/apis/shared_commondataserviceforapps"
                },
                "parameters": {
                  "entityName": "admin_coesolutionmetadatas",
                  "$select": "admin_coesolutionmetadataid",
                  "$filter": "admin_objectname eq '@{workflow()?['tags']['flowDisplayName']}'",
                  "$top": 1
                },
                "authentication": "@parameters('$authentication')"
              }
            },
            "Update_Last_Run_Fail": {
              "runAfter": {
                "Get_ID_Fail": [
                  "Succeeded"
                ]
              },
              "metadata": {
                "operationMetadataId": "c63eb7cc-6101-4567-b520-a4a8881264e9"
              },
              "type": "OpenApiConnection",
              "inputs": {
                "host": {
                  "connectionName": "shared_commondataserviceforapps",
                  "operationId": "UpdateRecord",
                  "apiId": "/providers/Microsoft.PowerApps/apis/shared_commondataserviceforapps"
                },
                "parameters": {
                  "entityName": "admin_coesolutionmetadatas",
                  "recordId": "@first(outputs('Get_ID_Fail')?['body/value'])?['admin_coesolutionmetadataid']",
                  "item/admin_lastrun": "@utcNow()",
                  "item/admin_lastrunpassed": false
                },
                "authentication": "@parameters('$authentication')"
              }
            }
          },
          "runAfter": {
            "Get_RPA_Sessions": [
              "Failed"
            ]
          },
          "metadata": {
            "operationMetadataId": "38ae684e-622d-42ea-abd2-ee571aee3a5f"
          },
          "type": "Scope"
        },
        "Update_last_run_as_pass": {
          "actions": {
            "Update_Last_Run_Successful": {
              "runAfter": {
                "Get_ID_Pass": [
                  "Succeeded"
                ]
              },
              "metadata": {
                "operationMetadataId": "78ef70e5-7f67-4737-9a02-8533f12caa19"
              },
              "type": "OpenApiConnection",
              "inputs": {
                "host": {
                  "connectionName": "shared_commondataserviceforapps",
                  "operationId": "UpdateRecord",
                  "apiId": "/providers/Microsoft.PowerApps/apis/shared_commondataserviceforapps"
                },
                "parameters": {
                  "entityName": "admin_coesolutionmetadatas",
                  "recordId": "@first(outputs('Get_ID_Pass')?['body/value'])?['admin_coesolutionmetadataid']",
                  "item/admin_lastrun": "@utcNow()",
                  "item/admin_lastrunpassed": true
                },
                "authentication": "@parameters('$authentication')"
              }
            },
            "Get_ID_Pass": {
              "runAfter": {},
              "metadata": {
                "operationMetadataId": "f4f314b6-89d3-4056-af1c-73115e7d6bd1"
              },
              "type": "OpenApiConnection",
              "inputs": {
                "host": {
                  "connectionName": "shared_commondataserviceforapps",
                  "operationId": "ListRecords",
                  "apiId": "/providers/Microsoft.PowerApps/apis/shared_commondataserviceforapps"
                },
                "parameters": {
                  "entityName": "admin_coesolutionmetadatas",
                  "$select": "admin_coesolutionmetadataid",
                  "$filter": "admin_objectname eq '@{workflow()?['tags']['flowDisplayName']}'",
                  "$top": 1
                },
                "authentication": "@parameters('$authentication')"
              }
            },
            "Catch_-_not_ready_to_take_last_run_date": {
              "runAfter": {
                "Update_Last_Run_Successful": [
                  "Failed"
                ]
              },
              "metadata": {
                "operationMetadataId": "f88cdefe-c402-49d7-8f4a-934475e6f741"
              },
              "type": "Compose",
              "inputs": "Catch - not ready to take last run date"
            }
          },
          "runAfter": {
            "Error_Handling": [
              "Skipped"
            ]
          },
          "metadata": {
            "operationMetadataId": "5c140442-d939-4ca4-8ec8-d1ee2bed4a81"
          },
          "type": "Scope"
        }
      },
      "outputs": {}
    },
    "templateName": ""
  },
  "schemaVersion": "1.0.0.0"
}