{
  "properties": {
    "connectionReferences": {
      "shared_commondataserviceforapps": {
        "runtimeSource": "embedded",
        "connection": {
          "connectionReferenceLogicalName": "admin_CoECoreDataverse2"
        },
        "api": {
          "name": "shared_commondataserviceforapps"
        }
      },
      "shared_commondataserviceforapps_1": {
        "runtimeSource": "embedded",
        "connection": {
          "connectionReferenceLogicalName": "admin_CoECoreDataverse"
        },
        "api": {
          "name": "shared_commondataserviceforapps"
        }
      }
    },
    "definition": {
      "$schema": "https://schema.management.azure.com/providers/Microsoft.Logic/schemas/2016-06-01/workflowdefinition.json#",
      "contentVersion": "1.0.0.0",
      "parameters": {
        "$connections": {
          "defaultValue": {},
          "type": "Object"
        },
        "$authentication": {
          "defaultValue": {},
          "type": "SecureObject"
        },
        "Power Automate Environment Variable (admin_PowerAutomateEnvironmentVariable)": {
          "defaultValue": "https://flow.microsoft.com/manage/environments/",
          "type": "String",
          "metadata": {
            "schemaName": "admin_PowerAutomateEnvironmentVariable",
            "description": "Inventory - REQUIRED. Environment, including geographic location, for Power Automate - Ex for commercial: https://flow.microsoft.com/manage/environments/"
          }
        },
        "DelayObjectInventory (admin_DelayObjectInventory)": {
          "defaultValue": false,
          "type": "Bool",
          "metadata": {
            "schemaName": "admin_DelayObjectInventory",
            "description": "Inventory - If Yes, will run a delay step to assist with the Dataverse throttling. Things like solutions, apps, flows, will have delays in the individual envt runs. Default No."
          }
        }
      },
      "triggers": {
        "When_a_row_is_added_or_modified": {
          "metadata": {
            "operationMetadataId": "446c9ff9-2f36-4b14-ac8a-73911fbbacae"
          },
          "type": "OpenApiConnectionWebhook",
          "inputs": {
            "host": {
              "connectionName": "shared_commondataserviceforapps_1",
              "operationId": "SubscribeWebhookTrigger",
              "apiId": "/providers/Microsoft.PowerApps/apis/shared_commondataserviceforapps"
            },
            "parameters": {
              "subscriptionRequest/message": 4,
              "subscriptionRequest/entityname": "admin_environment",
              "subscriptionRequest/scope": 4
            },
            "authentication": "@parameters('$authentication')"
          }
        }
      },
      "actions": {
        "Error_Handling": {
          "actions": {
            "Create_a_new_record_-_Sync_Flow_Errors": {
              "runAfter": {},
              "metadata": {
                "operationMetadataId": "87961ff0-e261-4890-9ab9-a53f88fe0de5"
              },
              "type": "OpenApiConnection",
              "inputs": {
                "host": {
                  "connectionName": "shared_commondataserviceforapps",
                  "operationId": "CreateRecord",
                  "apiId": "/providers/Microsoft.PowerApps/apis/shared_commondataserviceforapps"
                },
                "parameters": {
                  "entityName": "admin_syncflowerrorses",
                  "item/admin_name": "@workflow()?['tags']['flowDisplayName']",
                  "item/admin_environmentname": "@triggerOutputs()?['body/admin_displayname']",
                  "item/admin_flowinstanceurl": "@concat(parameters('Power Automate Environment Variable (admin_PowerAutomateEnvironmentVariable)'), workflow()?['tags']['environmentName'], '/flows/', workflow()?['name'], '/runs/', workflow()?['run']['name'])"
                },
                "authentication": "@parameters('$authentication')",
                "retryPolicy": {
                  "type": "exponential",
                  "count": 10,
                  "interval": "PT10S"
                }
              }
            },
            "Terminate": {
              "runAfter": {
                "Update_Last_Run_Fail": [
                  "Succeeded"
                ]
              },
              "metadata": {
                "operationMetadataId": "9e5a2a18-dba2-47a1-96d5-3356f4348e5a"
              },
              "type": "Terminate",
              "inputs": {
                "runStatus": "Failed",
                "runError": {
                  "code": "500",
                  "message": "Get Environments Failed"
                }
              }
            },
            "Get_ID_Fail": {
              "runAfter": {
                "Create_a_new_record_-_Sync_Flow_Errors": [
                  "Succeeded"
                ]
              },
              "metadata": {
                "operationMetadataId": "47329bf2-8aac-400d-9778-a793b4f1180f"
              },
              "type": "OpenApiConnection",
              "inputs": {
                "host": {
                  "connectionName": "shared_commondataserviceforapps",
                  "operationId": "ListRecords",
                  "apiId": "/providers/Microsoft.PowerApps/apis/shared_commondataserviceforapps"
                },
                "parameters": {
                  "entityName": "admin_coesolutionmetadatas",
                  "$select": "admin_coesolutionmetadataid",
                  "$filter": "admin_objectname eq '@{workflow()?['tags']['flowDisplayName']}'",
                  "$top": 1
                },
                "authentication": "@parameters('$authentication')"
              }
            },
            "Update_Last_Run_Fail": {
              "runAfter": {
                "Get_ID_Fail": [
                  "Succeeded"
                ]
              },
              "metadata": {
                "operationMetadataId": "c63eb7cc-6101-4567-b520-a4a8881264e9"
              },
              "type": "OpenApiConnection",
              "inputs": {
                "host": {
                  "connectionName": "shared_commondataserviceforapps",
                  "operationId": "UpdateRecord",
                  "apiId": "/providers/Microsoft.PowerApps/apis/shared_commondataserviceforapps"
                },
                "parameters": {
                  "entityName": "admin_coesolutionmetadatas",
                  "recordId": "@first(outputs('Get_ID_Fail')?['body/value'])?['admin_coesolutionmetadataid']"
                },
                "authentication": "@parameters('$authentication')"
              }
            }
          },
          "runAfter": {
            "Gather_AI_Events": [
              "Failed"
            ]
          },
          "metadata": {
            "operationMetadataId": "38ae684e-622d-42ea-abd2-ee571aee3a5f"
          },
          "type": "Scope"
        },
        "Update_last_run_as_pass": {
          "actions": {
            "Update_Last_Run_Successful": {
              "runAfter": {
                "Get_ID_Pass": [
                  "Succeeded"
                ]
              },
              "metadata": {
                "operationMetadataId": "78ef70e5-7f67-4737-9a02-8533f12caa19"
              },
              "type": "OpenApiConnection",
              "inputs": {
                "host": {
                  "connectionName": "shared_commondataserviceforapps",
                  "operationId": "UpdateRecord",
                  "apiId": "/providers/Microsoft.PowerApps/apis/shared_commondataserviceforapps"
                },
                "parameters": {
                  "entityName": "admin_coesolutionmetadatas",
                  "recordId": "@first(outputs('Get_ID_Pass')?['body/value'])?['admin_coesolutionmetadataid']"
                },
                "authentication": "@parameters('$authentication')"
              }
            },
            "Get_ID_Pass": {
              "runAfter": {},
              "metadata": {
                "operationMetadataId": "f4f314b6-89d3-4056-af1c-73115e7d6bd1"
              },
              "type": "OpenApiConnection",
              "inputs": {
                "host": {
                  "connectionName": "shared_commondataserviceforapps",
                  "operationId": "ListRecords",
                  "apiId": "/providers/Microsoft.PowerApps/apis/shared_commondataserviceforapps"
                },
                "parameters": {
                  "entityName": "admin_coesolutionmetadatas",
                  "$select": "admin_coesolutionmetadataid",
                  "$filter": "admin_objectname eq '@{workflow()?['tags']['flowDisplayName']}'",
                  "$top": 1
                },
                "authentication": "@parameters('$authentication')"
              }
            },
            "Catch_-_not_ready_to_take_last_run_date": {
              "runAfter": {
                "Update_Last_Run_Successful": [
                  "Failed"
                ]
              },
              "metadata": {
                "operationMetadataId": "f88cdefe-c402-49d7-8f4a-934475e6f741"
              },
              "type": "Compose",
              "inputs": "Catch - not ready to take last run date"
            }
          },
          "runAfter": {
            "Error_Handling": [
              "Skipped"
            ]
          },
          "metadata": {
            "operationMetadataId": "5c140442-d939-4ca4-8ec8-d1ee2bed4a81"
          },
          "type": "Scope"
        },
        "Initialize_AIEventsArray": {
          "runAfter": {
            "Delay_Object_Inventory": [
              "Succeeded"
            ]
          },
          "metadata": {
            "operationMetadataId": "2af94695-1639-4f95-84f8-1a4fe6601b56"
          },
          "type": "InitializeVariable",
          "inputs": {
            "variables": [
              {
                "name": "AIEventsArray",
                "type": "array"
              }
            ]
          }
        },
        "Gather_AI_Events": {
          "actions": {
            "UserIDS": {
              "runAfter": {
                "Scope": [
                  "Succeeded"
                ]
              },
              "metadata": {
                "operationMetadataId": "3e7f0476-8001-4eab-b73d-b53ca974eb3d"
              },
              "type": "Select",
              "inputs": {
                "from": "@variables('AIEventsArray')",
                "select": "@item()['UserId']"
              }
            },
            "UniqueIDS": {
              "runAfter": {
                "UserIDS": [
                  "Succeeded"
                ]
              },
              "metadata": {
                "operationMetadataId": "0d4d6008-f8b6-4640-97b5-0131572ea93b"
              },
              "type": "Compose",
              "inputs": "@union(body('UserIDS'),body('UserIDS'))"
            },
            "eachID": {
              "foreach": "@outputs('UniqueIDS')",
              "actions": {
                "filterIDs": {
                  "runAfter": {
                    "Get_User_Details": [
                      "Succeeded"
                    ]
                  },
                  "metadata": {
                    "operationMetadataId": "b772e668-3250-4f00-80cc-9efce5eede41"
                  },
                  "type": "Query",
                  "inputs": {
                    "from": "@variables('AIEventsArray')",
                    "where": "@equals(item()['UserId'], outputs('Current_UserID'))"
                  }
                },
                "ProcessingDates": {
                  "runAfter": {
                    "filterIDs": [
                      "Succeeded"
                    ]
                  },
                  "metadata": {
                    "operationMetadataId": "22b2de8a-5491-4523-993b-950c82e4dfd2"
                  },
                  "type": "Select",
                  "inputs": {
                    "from": "@ body('filterIDs')",
                    "select": "@item()?['ProcessingDate']"
                  }
                },
                "UniqueProcessingDates": {
                  "runAfter": {
                    "ProcessingDates": [
                      "Succeeded"
                    ]
                  },
                  "metadata": {
                    "operationMetadataId": "8cec69bd-182a-446a-a771-7a12a136d097"
                  },
                  "type": "Compose",
                  "inputs": "@union(body('ProcessingDates'),body('ProcessingDates'))"
                },
                "Apply_to_each": {
                  "foreach": "@outputs('UniqueProcessingDates')",
                  "actions": {
                    "Filter_Processing_Dates": {
                      "runAfter": {},
                      "metadata": {
                        "operationMetadataId": "58cf74d2-7925-432d-bf15-98732901a074"
                      },
                      "type": "Query",
                      "inputs": {
                        "from": "@variables('AIEventsArray')",
                        "where": "@greaterOrEquals(item()?['ProcessingDate'], startOfDay(items('Apply_to_each')))"
                      }
                    },
                    "Select": {
                      "runAfter": {
                        "Filter_UserID": [
                          "Succeeded"
                        ]
                      },
                      "metadata": {
                        "operationMetadataId": "f64660a4-4929-4d0e-8123-0542935ebbb7"
                      },
                      "type": "Select",
                      "inputs": {
                        "from": "@body('Filter_UserID')",
                        "select": "@item()?['CreditsConsumed']"
                      }
                    },
                    "Compose": {
                      "runAfter": {
                        "Select": [
                          "Succeeded"
                        ]
                      },
                      "metadata": {
                        "operationMetadataId": "39c395c2-8115-4ce3-9d69-0a72f3bde92c"
                      },
                      "type": "Compose",
                      "inputs": {
                        "root": {
                          "TotalCredits": "@body('Select')"
                        }
                      }
                    },
                    "calculateCreditSum": {
                      "runAfter": {
                        "Compose": [
                          "Succeeded"
                        ]
                      },
                      "metadata": {
                        "operationMetadataId": "88729059-1df5-41b3-aae7-0b6276ec14c5"
                      },
                      "type": "Compose",
                      "inputs": "@xpath(xml(outputs('Compose')), 'sum(/root/TotalCredits)')"
                    },
                    "Get_ID": {
                      "actions": {
                        "See_if_in_inventory": {
                          "runAfter": {},
                          "metadata": {
                            "operationMetadataId": "db3e5b77-c2eb-430b-a5a1-2b9fd96c1d71"
                          },
                          "type": "OpenApiConnection",
                          "inputs": {
                            "host": {
                              "connectionName": "shared_commondataserviceforapps",
                              "operationId": "ListRecords",
                              "apiId": "/providers/Microsoft.PowerApps/apis/shared_commondataserviceforapps"
                            },
                            "parameters": {
                              "entityName": "admin_aicreditsusages",
                              "$select": "admin_aicreditsusageid",
                              "$filter": "admin_name eq '-@{outputs('Current_UserID')}-@{formatDateTime(items('Apply_to_each'), 'yyyy-MM-dd')}'"
                            },
                            "authentication": "@parameters('$authentication')",
                            "retryPolicy": {
                              "type": "exponential",
                              "count": 20,
                              "interval": "PT20S"
                            }
                          },
                          "runtimeConfiguration": {
                            "paginationPolicy": {
                              "minimumItemCount": 100000
                            }
                          }
                        },
                        "GUID_to_use": {
                          "runAfter": {
                            "See_if_in_inventory": [
                              "Succeeded"
                            ]
                          },
                          "metadata": {
                            "operationMetadataId": "2aa06b3d-bba6-4ec1-a0df-be421c60ae9c"
                          },
                          "type": "Compose",
                          "inputs": "@if(equals(length(outputs('See_if_in_inventory')?['body/value']), 0), guid(), first(outputs('See_if_in_inventory')?['body/value'])['admin_aicreditsusageid'])"
                        }
                      },
                      "runAfter": {
                        "calculateCreditSum": [
                          "Succeeded"
                        ]
                      },
                      "metadata": {
                        "operationMetadataId": "694822f7-b8a3-4e06-bbf3-e0a83ad872d3"
                      },
                      "type": "Scope"
                    },
                    "Upsert_AI_Credits_Usage_record": {
                      "runAfter": {
                        "Get_ID": [
                          "Succeeded"
                        ]
                      },
                      "metadata": {
                        "operationMetadataId": "be2063dc-4325-4928-918f-2433b5966a6d"
                      },
                      "type": "OpenApiConnection",
                      "inputs": {
                        "host": {
                          "connectionName": "shared_commondataserviceforapps_1",
                          "operationId": "UpdateRecord",
                          "apiId": "/providers/Microsoft.PowerApps/apis/shared_commondataserviceforapps"
                        },
                        "parameters": {
                          "entityName": "admin_aicreditsusages",
                          "recordId": "@outputs('GUID_to_use')",
                          "item/admin_name": "-@{outputs('Current_UserID')}-@{formatDateTime(items('Apply_to_each'), 'yyyy-MM-dd')}",
                          "item/admin_creditsconsumption": "@outputs('calculateCreditSum')",
                          "item/admin_CreditsUser@odata.bind": "admin_powerplatformusers(@{outputs('Current_UserID')})",
                          "item/admin_Environment@odata.bind": "admin_environments(@{triggerOutputs()?['body/admin_environmentid']})",
                          "item/admin_processingdate": "@formatDateTime(items('Apply_to_each'),'yyyy-MM-dd')",
                          "item/admin_userid": "@outputs('Current_UserID')"
                        },
                        "authentication": "@parameters('$authentication')"
                      }
                    },
                    "Filter_UserID": {
                      "runAfter": {
                        "Filter_Processing_Dates_2": [
                          "Succeeded"
                        ]
                      },
                      "metadata": {
                        "operationMetadataId": "3b013118-76aa-45d7-8ba9-44349cd637c7"
                      },
                      "type": "Query",
                      "inputs": {
                        "from": "@body('Filter_Processing_Dates_2')",
                        "where": "@equals(item()?['UserId'], outputs('Current_UserID'))"
                      }
                    },
                    "Filter_Processing_Dates_2": {
                      "runAfter": {
                        "Filter_Processing_Dates": [
                          "Succeeded"
                        ]
                      },
                      "metadata": {
                        "operationMetadataId": "58cf74d2-7925-432d-bf15-98732901a074"
                      },
                      "type": "Query",
                      "inputs": {
                        "from": "@body('Filter_Processing_Dates')",
                        "where": "@less(item()?['ProcessingDate'], addDays(formatDateTime(items('Apply_to_each'), 'yyyy-MM-dd'), 1))"
                      }
                    }
                  },
                  "runAfter": {
                    "UniqueProcessingDates": [
                      "Succeeded"
                    ]
                  },
                  "metadata": {
                    "operationMetadataId": "9be18a62-745f-4185-9b2b-27b0a1add9a5"
                  },
                  "type": "Foreach",
                  "runtimeConfiguration": {
                    "concurrency": {
                      "repetitions": 50
                    }
                  }
                },
                "Get_User_Details": {
                  "actions": {
                    "Current_UserID": {
                      "runAfter": {},
                      "metadata": {
                        "operationMetadataId": "c3689a44-50ab-440c-bf96-ab95db568f63"
                      },
                      "type": "Compose",
                      "inputs": "@items('eachID')"
                    },
                    "If_not,_add_them": {
                      "actions": {
                        "Upsert_User_to_Ensure_Exists": {
                          "runAfter": {},
                          "metadata": {
                            "operationMetadataId": "ec554639-2dd7-4ca3-8b6b-d998bcc866a2"
                          },
                          "type": "OpenApiConnection",
                          "inputs": {
                            "host": {
                              "connectionName": "shared_commondataserviceforapps_1",
                              "operationId": "UpdateRecord",
                              "apiId": "/providers/Microsoft.PowerApps/apis/shared_commondataserviceforapps"
                            },
                            "parameters": {
                              "entityName": "admin_powerplatformusers",
                              "recordId": "@outputs('Current_UserID')",
                              "item/admin_groupsize": 1,
                              "item/admin_type": "User"
                            },
                            "authentication": "@parameters('$authentication')"
                          }
                        }
                      },
                      "runAfter": {
                        "See_if_already_in_User_Table": [
                          "Succeeded"
                        ]
                      },
                      "expression": {
                        "equals": [
                          "@length(outputs('See_if_already_in_User_Table')?['body/value'])",
                          0
                        ]
                      },
                      "metadata": {
                        "operationMetadataId": "b0599ae4-1806-47c1-9c32-955838f93048"
                      },
                      "type": "If"
                    },
                    "See_if_already_in_User_Table": {
                      "runAfter": {
                        "Current_UserID": [
                          "Succeeded"
                        ]
                      },
                      "metadata": {
                        "operationMetadataId": "6a7ef4f9-5a59-45f9-a290-e89115a2f36d"
                      },
                      "type": "OpenApiConnection",
                      "inputs": {
                        "host": {
                          "connectionName": "shared_commondataserviceforapps",
                          "operationId": "ListRecords",
                          "apiId": "/providers/Microsoft.PowerApps/apis/shared_commondataserviceforapps"
                        },
                        "parameters": {
                          "entityName": "admin_powerplatformusers",
                          "$filter": "admin_powerplatformuserid eq @{outputs('Current_UserID')}"
                        },
                        "authentication": "@parameters('$authentication')",
                        "retryPolicy": {
                          "type": "exponential",
                          "count": 20,
                          "interval": "PT20S"
                        }
                      },
                      "runtimeConfiguration": {
                        "paginationPolicy": {
                          "minimumItemCount": 100000
                        }
                      }
                    }
                  },
                  "runAfter": {},
                  "metadata": {
                    "operationMetadataId": "865be561-1bf4-4166-8ec9-11e905790952"
                  },
                  "type": "Scope"
                }
              },
              "runAfter": {
                "UniqueIDS": [
                  "Succeeded"
                ]
              },
              "metadata": {
                "operationMetadataId": "ee6a05ee-cd7e-4981-93ec-880742bf4e44"
              },
              "type": "Foreach",
              "runtimeConfiguration": {
                "concurrency": {
                  "repetitions": 50
                }
              }
            },
            "Total_Record_Count": {
              "runAfter": {
                "eachID": [
                  "Succeeded"
                ]
              },
              "metadata": {
                "operationMetadataId": "44b60011-a9e3-434d-bc57-b345ca9af2bc"
              },
              "type": "Compose",
              "inputs": "@length(variables('AIEventsArray'))"
            },
            "Scope": {
              "actions": {
                "List_AI_Events_from_the_Environment": {
                  "runAfter": {},
                  "metadata": {
                    "operationMetadataId": "7610e0ad-b1f1-4074-8ea8-91667f293115"
                  },
                  "type": "OpenApiConnection",
                  "inputs": {
                    "host": {
                      "connectionName": "shared_commondataserviceforapps",
                      "operationId": "ListRecordsWithOrganization",
                      "apiId": "/providers/Microsoft.PowerApps/apis/shared_commondataserviceforapps"
                    },
                    "parameters": {
                      "organization": "@triggerOutputs()?['body/admin_environmentcdsinstanceurl']",
                      "entityName": "msdyn_aievents",
                      "$select": "msdyn_creditconsumed,msdyn_processingdate,msdyn_aieventid",
                      "$filter": "msdyn_creditconsumed gt 0 and (Microsoft.Dynamics.CRM.LastXDays(PropertyName='msdyn_processingdate',PropertyValue=45))",
                      "$expand": "createdby($select=azureactivedirectoryobjectid)"
                    },
                    "authentication": "@parameters('$authentication')"
                  },
                  "runtimeConfiguration": {
                    "paginationPolicy": {
                      "minimumItemCount": 100000
                    }
                  }
                },
                "Table_Inaccessible": {
                  "runAfter": {
                    "List_AI_Events_from_the_Environment": [
                      "Failed"
                    ]
                  },
                  "metadata": {
                    "operationMetadataId": "ae0c6265-4304-43ba-bb6b-9059eb3da1d2"
                  },
                  "type": "SetVariable",
                  "inputs": {
                    "name": "TableInaccessible",
                    "value": "@false"
                  }
                },
                "Table_Accessed": {
                  "actions": {
                    "eachAIEvent": {
                      "foreach": "@outputs('List_AI_Events_from_the_Environment')?['body/value']",
                      "actions": {
                        "CurrentAIEvent": {
                          "runAfter": {},
                          "metadata": {
                            "operationMetadataId": "a0d025ff-d7a4-4520-b5ec-2c0a3fc3e7c7"
                          },
                          "type": "Compose",
                          "inputs": "@items('eachAIEvent')"
                        },
                        "Append_to_AIEventsArray": {
                          "runAfter": {
                            "CurrentAIEvent": [
                              "Succeeded"
                            ]
                          },
                          "metadata": {
                            "operationMetadataId": "134c624b-7303-41c6-9dc1-bd9ebca5203a"
                          },
                          "type": "AppendToArrayVariable",
                          "inputs": {
                            "name": "AIEventsArray",
                            "value": {
                              "CreditsConsumed": "@outputs('CurrentAIEvent')?['msdyn_creditconsumed']",
                              "UserId": "@items('eachAIEvent')?['createdby/azureactivedirectoryobjectid']",
                              "ProcessingDate": "@items('eachAIEvent')?['msdyn_processingdate']",
                              "AIEventId": "@items('eachAIEvent')?['msdyn_aieventid']"
                            }
                          }
                        }
                      },
                      "runAfter": {},
                      "metadata": {
                        "operationMetadataId": "5f494adf-5f66-4e9a-9cf9-896b789efba4"
                      },
                      "type": "Foreach",
                      "runtimeConfiguration": {
                        "concurrency": {
                          "repetitions": 50
                        }
                      }
                    }
                  },
                  "runAfter": {
                    "Table_Inaccessible": [
                      "Skipped"
                    ]
                  },
                  "metadata": {
                    "operationMetadataId": "5768eaef-9f2e-47ef-8317-a6c75b071490"
                  },
                  "type": "Scope"
                }
              },
              "runAfter": {},
              "metadata": {
                "operationMetadataId": "bd0fecfa-ef59-4bfa-b974-2fa4b2232b98"
              },
              "type": "Scope"
            }
          },
          "runAfter": {
            "Initialize_TableInaccessible": [
              "Succeeded"
            ]
          },
          "metadata": {
            "operationMetadataId": "117aa299-f152-4812-9778-d3188305ba7d"
          },
          "type": "Scope"
        },
        "Check_if_Solution_can_be_retrieved_for_this_environment": {
          "actions": {
            "Terminate,_inquiry_not_supported": {
              "runAfter": {},
              "metadata": {
                "operationMetadataId": "303cf191-ec29-40ed-b90b-d73833e269c0"
              },
              "type": "Terminate",
              "inputs": {
                "runStatus": "Succeeded"
              }
            }
          },
          "runAfter": {},
          "expression": {
            "or": [
              {
                "equals": [
                  "@triggerOutputs()?['body/admin_environmentdeleted']",
                  "@true"
                ]
              },
              {
                "equals": [
                  "@triggerOutputs()?['body/admin_hascds']",
                  "@false"
                ]
              },
              {
                "equals": [
                  "@triggerOutputs()?['body/admin_excusefrominventory']",
                  "@true"
                ]
              },
              {
                "equals": [
                  "@triggerOutputs()?['body/admin_environmentruntimestate']",
                  "Disabled"
                ]
              }
            ]
          },
          "metadata": {
            "operationMetadataId": "9b6688e4-c25b-4e40-9deb-fcf181094357"
          },
          "type": "If"
        },
        "Delay_Object_Inventory": {
          "actions": {
            "Delay_1_to_300_minutes": {
              "runAfter": {},
              "metadata": {
                "operationMetadataId": "f37a4a9d-c5b4-41ed-8484-636dca60ee81"
              },
              "type": "Wait",
              "inputs": {
                "interval": {
                  "count": "@rand(1, 300)",
                  "unit": "Minute"
                }
              },
              "description": "To avoid throttling of the backend to the tenant user, we will randomize the start time of these flows for tenants within a 5 hour range"
            }
          },
          "runAfter": {
            "Check_if_Solution_can_be_retrieved_for_this_environment": [
              "Succeeded"
            ]
          },
          "expression": {
            "equals": [
              "@parameters('DelayObjectInventory (admin_DelayObjectInventory)')",
              true
            ]
          },
          "metadata": {
            "operationMetadataId": "49b3d120-232d-4694-b373-a97ecde35cc4"
          },
          "type": "If"
        },
        "Initialize_TableInaccessible": {
          "runAfter": {
            "Initialize_AIEventsArray": [
              "Succeeded"
            ]
          },
          "metadata": {
            "operationMetadataId": "b74a3b75-fed6-48a5-bf49-a1e6e97393ef"
          },
          "type": "InitializeVariable",
          "inputs": {
            "variables": [
              {
                "name": "TableInaccessible",
                "type": "boolean",
                "value": true
              }
            ]
          }
        }
      }
    },
    "templateName": ""
  },
  "schemaVersion": "1.0.0.0"
}