{
  "properties": {
    "connectionReferences": {
      "shared_commondataserviceforapps": {
        "runtimeSource": "embedded",
        "connection": {
          "connectionReferenceLogicalName": "admin_CoECoreDataverseEnvRequest"
        },
        "api": {
          "name": "shared_commondataserviceforapps"
        }
      }
    },
    "definition": {
      "$schema": "https://schema.management.azure.com/providers/Microsoft.Logic/schemas/2016-06-01/workflowdefinition.json#",
      "contentVersion": "1.0.0.0",
      "parameters": {
        "$connections": {
          "defaultValue": {},
          "type": "Object"
        },
        "$authentication": {
          "defaultValue": {},
          "type": "SecureObject"
        },
        "ProductionEnvironment (admin_ProductionEnvironment)": {
          "defaultValue": false,
          "type": "Bool",
          "metadata": {
            "schemaName": "admin_ProductionEnvironment",
            "description": "Inventory - Yes by default. Set to No if you are creating a dev type envt. This will allow some flows to set target users to the admin instead of resource owners"
          }
        },
        "Admin eMail (admin_AdminMail)": {
          "defaultValue": "PowerPlatformAdmins@powercattools.onmicrosoft.com",
          "type": "String",
          "metadata": {
            "schemaName": "admin_AdminMail",
            "description": "Inventory - CoE Admin eMail. Email address used in flows to send notifications to admins; this should be either your email address or a distribution list"
          }
        },
        "Power Automate Environment Variable (admin_PowerAutomateEnvironmentVariable)": {
          "defaultValue": "https://flow.microsoft.com/manage/environments/",
          "type": "String",
          "metadata": {
            "schemaName": "admin_PowerAutomateEnvironmentVariable",
            "description": "Inventory - REQUIRED. Environment, including geographic location, for Power Automate - Ex for commercial: https://flow.microsoft.com/manage/environments/"
          }
        },
        "Community URL (admin_CommunityURL)": {
          "defaultValue": "https://powerusers.microsoft.com",
          "type": "String",
          "metadata": {
            "schemaName": "admin_CommunityURL",
            "description": "Link to your internal Microsoft Power Platform community (for example, Yammer or Teams)"
          }
        }
      },
      "triggers": {
        "When_a_row_is_added": {
          "metadata": {
            "operationMetadataId": "44c786a9-0a9b-4671-9f03-8e4961daf591"
          },
          "type": "OpenApiConnectionWebhook",
          "inputs": {
            "host": {
              "connectionName": "shared_commondataserviceforapps",
              "operationId": "SubscribeWebhookTrigger",
              "apiId": "/providers/Microsoft.PowerApps/apis/shared_commondataserviceforapps"
            },
            "parameters": {
              "subscriptionRequest/message": 1,
              "subscriptionRequest/entityname": "admin_maker",
              "subscriptionRequest/scope": 4
            },
            "authentication": "@parameters('$authentication')"
          }
        }
      },
      "actions": {
        "Initialize_adminEmail": {
          "runAfter": {
            "Initialize_variable": [
              "Succeeded"
            ]
          },
          "metadata": {
            "operationMetadataId": "85daf3a2-cd7d-4da1-b29f-80ef20603713"
          },
          "type": "InitializeVariable",
          "inputs": {
            "variables": [
              {
                "name": "adminEmail",
                "type": "string",
                "value": "@parameters('Admin eMail (admin_AdminMail)')"
              }
            ]
          }
        },
        "Initialize_variable": {
          "runAfter": {},
          "metadata": {
            "operationMetadataId": "4f1f356a-3a39-478c-952b-46d16283cab7"
          },
          "type": "InitializeVariable",
          "inputs": {
            "variables": [
              {
                "name": "isProductionEnvt",
                "type": "boolean",
                "value": "@parameters('ProductionEnvironment (admin_ProductionEnvironment)')"
              }
            ]
          }
        },
        "Initialize_emailGUID": {
          "runAfter": {
            "Initialize_adminEmail": [
              "Succeeded"
            ]
          },
          "metadata": {
            "operationMetadataId": "dad8eca6-7937-47c0-aa57-f2d48dd1c5a2"
          },
          "type": "InitializeVariable",
          "inputs": {
            "variables": [
              {
                "name": "emailGUID",
                "type": "string"
              }
            ]
          }
        },
        "Send_Welcome_Mail_Scope": {
          "actions": {
            "If_service_principle_then_exit_here": {
              "actions": {
                "Terminate_2": {
                  "runAfter": {},
                  "metadata": {
                    "operationMetadataId": "84ba54a9-64b6-4ea3-8f5f-0dd739618d03"
                  },
                  "type": "Terminate",
                  "inputs": {
                    "runStatus": "Succeeded"
                  }
                }
              },
              "runAfter": {},
              "expression": {
                "or": [
                  {
                    "equals": [
                      "@triggerOutputs()?['body/admin_userisserviceprinciple']",
                      "@true"
                    ]
                  },
                  {
                    "equals": [
                      "@triggerOutputs()?['body/admin_makerisorphaned']",
                      "@true"
                    ]
                  }
                ]
              },
              "metadata": {
                "operationMetadataId": "12ce10c7-afc3-4767-bc7c-6e1ff51c2ce3"
              },
              "type": "If"
            },
            "Get_Row_-_Send_Welcome_Mail": {
              "actions": {
                "Get_a_row_by_ID": {
                  "runAfter": {
                    "Set_emailGUID_to_localized_row": [
                      "Succeeded"
                    ]
                  },
                  "metadata": {
                    "operationMetadataId": "c34df6f5-d327-47a2-8e25-e33c207762e2"
                  },
                  "type": "OpenApiConnection",
                  "inputs": {
                    "host": {
                      "connectionName": "shared_commondataserviceforapps",
                      "operationId": "GetItem",
                      "apiId": "/providers/Microsoft.PowerApps/apis/shared_commondataserviceforapps"
                    },
                    "parameters": {
                      "entityName": "admin_customizedemails",
                      "recordId": "@variables('emailGUID')",
                      "$select": "admin_body, admin_cc, admin_replyto, admin_sendonbehalf, admin_subject, admin_importance"
                    },
                    "authentication": "@parameters('$authentication')"
                  }
                },
                "List_emails_for_preferred_language": {
                  "runAfter": {
                    "emailGUID_to_en-US": [
                      "Succeeded"
                    ]
                  },
                  "metadata": {
                    "operationMetadataId": "29188a43-3a3a-46da-a4f6-f162180d8254"
                  },
                  "type": "OpenApiConnection",
                  "inputs": {
                    "host": {
                      "connectionName": "shared_commondataserviceforapps",
                      "operationId": "ListRecords",
                      "apiId": "/providers/Microsoft.PowerApps/apis/shared_commondataserviceforapps"
                    },
                    "parameters": {
                      "entityName": "admin_customizedemails",
                      "$select": "admin_customizedemailid",
                      "$filter": "admin_basedon eq '@{outputs('emailGUID_to_en-US')}' and admin_language eq '@{triggerOutputs()?['body/admin_preferredlanguage']}'"
                    },
                    "authentication": "@parameters('$authentication')"
                  }
                },
                "Set_emailGUID_to_localized_row": {
                  "runAfter": {
                    "List_emails_for_preferred_language": [
                      "Succeeded"
                    ]
                  },
                  "metadata": {
                    "operationMetadataId": "4c1f823f-63a0-4d98-b489-df53e0e934b7"
                  },
                  "type": "SetVariable",
                  "inputs": {
                    "name": "emailGUID",
                    "value": "@{if(greater(length(outputs('List_emails_for_preferred_language')?['body/value']), 0), first(body('List_emails_for_preferred_language')?['value'])['admin_customizedemailid'], outputs('emailGUID_to_en-US'))}"
                  },
                  "description": "if(greater(length(outputs('List_emails_for_preferred_language')?['body/value']),0), first(body('List_emails_for_preferred_language')?['value'])['admin_customizedemailid'], outputs('emailGUID_to_en-US'))"
                },
                "emailGUID_to_en-US": {
                  "runAfter": {},
                  "metadata": {
                    "operationMetadataId": "d19afed8-4f91-4914-9cb7-fe89e74e1a6c"
                  },
                  "type": "Compose",
                  "inputs": "253a3c62-8c80-ed11-81ac-0022480813ff"
                }
              },
              "runAfter": {
                "If_service_principle_then_exit_here": [
                  "Succeeded"
                ]
              },
              "metadata": {
                "operationMetadataId": "74c8fe2a-d9bd-4ab1-a2a7-1ceffc6c9c18"
              },
              "type": "Scope"
            },
            "Send_Welcome_Mail": {
              "runAfter": {
                "SendTo": [
                  "Succeeded"
                ]
              },
              "metadata": {
                "operationMetadataId": "cde22ca8-5369-47d5-bc3e-5a4c6f3c5660"
              },
              "type": "Workflow",
              "inputs": {
                "host": {
                  "workflowReferenceName": "5625768c-bd3d-ec11-8c63-00224829720b"
                },
                "body": {
                  "email": "@outputs('SendTo')",
                  "text": "@outputs('Get_a_row_by_ID')?['body/admin_subject']",
                  "text_1": "@{outputs('Get_a_row_by_ID')?['body/admin_body']}\n\n<a href=\"@{parameters('Community URL (admin_CommunityURL)')}\"><i>Our Power Platform Community</i></a>",
                  "email_1": "@if(equals(outputs('Get_a_row_by_ID')?['body/admin_cc'], null), '', outputs('Get_a_row_by_ID')?['body/admin_cc'])",
                  "email_2": "@if(equals(outputs('Get_a_row_by_ID')?['body/admin_sendonbehalf'], null), '', outputs('Get_a_row_by_ID')?['body/admin_sendonbehalf'])",
                  "email_3": "@if(equals(outputs('Get_a_row_by_ID')?['body/admin_replyto'], null), '', outputs('Get_a_row_by_ID')?['body/admin_replyto'])",
                  "text_2": "@if(equals(outputs('Get_a_row_by_ID')?['body/admin_importance'], null), '', outputs('Get_a_row_by_ID')?['body/admin_importance'])"
                }
              },
              "description": "253a3c62-8c80-ed11-81ac-0022480813ff"
            },
            "SendTo": {
              "runAfter": {
                "Get_Row_-_Send_Welcome_Mail": [
                  "Succeeded"
                ]
              },
              "metadata": {
                "operationMetadataId": "05f9c5d0-1150-4ae1-b80d-c01615b36b91"
              },
              "type": "Compose",
              "inputs": "@if(equals(variables('isProductionEnvt'), true), triggerOutputs()?['body/admin_useremail'], variables('adminEmail'))"
            }
          },
          "runAfter": {
            "Initialize_emailGUID": [
              "Succeeded"
            ]
          },
          "metadata": {
            "operationMetadataId": "e5d8d529-924d-4eb1-81cc-d9f60728a375"
          },
          "type": "Scope"
        },
        "Error_Handling": {
          "actions": {
            "Create_a_new_record_-_Sync_Flow_Errors": {
              "runAfter": {},
              "metadata": {
                "operationMetadataId": "87961ff0-e261-4890-9ab9-a53f88fe0de5"
              },
              "type": "OpenApiConnection",
              "inputs": {
                "host": {
                  "connectionName": "shared_commondataserviceforapps",
                  "operationId": "CreateRecord",
                  "apiId": "/providers/Microsoft.PowerApps/apis/shared_commondataserviceforapps"
                },
                "parameters": {
                  "entityName": "admin_syncflowerrorses",
                  "item/admin_name": "@workflow()?['tags']['flowDisplayName']",
                  "item/admin_flowinstanceurl": "@concat(parameters('Power Automate Environment Variable (admin_PowerAutomateEnvironmentVariable)'), workflow()?['tags']['environmentName'], '/flows/', workflow()?['name'], '/runs/', workflow()?['run']['name'])"
                },
                "authentication": "@parameters('$authentication')",
                "retryPolicy": {
                  "type": "exponential",
                  "count": 10,
                  "interval": "PT10S"
                }
              }
            },
            "Terminate": {
              "runAfter": {
                "Update_Last_Run_Fail": [
                  "Succeeded"
                ]
              },
              "metadata": {
                "operationMetadataId": "9e5a2a18-dba2-47a1-96d5-3356f4348e5a"
              },
              "type": "Terminate",
              "inputs": {
                "runStatus": "Failed",
                "runError": {
                  "code": "500",
                  "message": "Get Environments Failed"
                }
              }
            },
            "Get_ID_Fail": {
              "runAfter": {
                "Create_a_new_record_-_Sync_Flow_Errors": [
                  "Succeeded"
                ]
              },
              "metadata": {
                "operationMetadataId": "47329bf2-8aac-400d-9778-a793b4f1180f"
              },
              "type": "OpenApiConnection",
              "inputs": {
                "host": {
                  "connectionName": "shared_commondataserviceforapps",
                  "operationId": "ListRecords",
                  "apiId": "/providers/Microsoft.PowerApps/apis/shared_commondataserviceforapps"
                },
                "parameters": {
                  "entityName": "admin_coesolutionmetadatas",
                  "$select": "admin_coesolutionmetadataid",
                  "$filter": "admin_objectname eq '@{workflow()?['tags']['flowDisplayName']}'",
                  "$top": 1
                },
                "authentication": "@parameters('$authentication')"
              }
            },
            "Update_Last_Run_Fail": {
              "runAfter": {
                "Get_ID_Fail": [
                  "Succeeded"
                ]
              },
              "metadata": {
                "operationMetadataId": "c63eb7cc-6101-4567-b520-a4a8881264e9"
              },
              "type": "OpenApiConnection",
              "inputs": {
                "host": {
                  "connectionName": "shared_commondataserviceforapps",
                  "operationId": "UpdateRecord",
                  "apiId": "/providers/Microsoft.PowerApps/apis/shared_commondataserviceforapps"
                },
                "parameters": {
                  "entityName": "admin_coesolutionmetadatas",
                  "recordId": "@first(outputs('Get_ID_Fail')?['body/value'])?['admin_coesolutionmetadataid']",
                  "item/admin_lastrun": "@utcNow()",
                  "item/admin_lastrunpassed": false
                },
                "authentication": "@parameters('$authentication')"
              }
            }
          },
          "runAfter": {
            "Send_Welcome_Mail_Scope": [
              "Failed"
            ]
          },
          "metadata": {
            "operationMetadataId": "38ae684e-622d-42ea-abd2-ee571aee3a5f"
          },
          "type": "Scope"
        },
        "Update_last_run_as_pass": {
          "actions": {
            "Update_Last_Run_Successful": {
              "runAfter": {
                "Get_ID_Pass": [
                  "Succeeded"
                ]
              },
              "metadata": {
                "operationMetadataId": "78ef70e5-7f67-4737-9a02-8533f12caa19"
              },
              "type": "OpenApiConnection",
              "inputs": {
                "host": {
                  "connectionName": "shared_commondataserviceforapps",
                  "operationId": "UpdateRecord",
                  "apiId": "/providers/Microsoft.PowerApps/apis/shared_commondataserviceforapps"
                },
                "parameters": {
                  "entityName": "admin_coesolutionmetadatas",
                  "recordId": "@first(outputs('Get_ID_Pass')?['body/value'])?['admin_coesolutionmetadataid']",
                  "item/admin_lastrun": "@utcNow()",
                  "item/admin_lastrunpassed": true
                },
                "authentication": "@parameters('$authentication')"
              }
            },
            "Get_ID_Pass": {
              "runAfter": {},
              "metadata": {
                "operationMetadataId": "f4f314b6-89d3-4056-af1c-73115e7d6bd1"
              },
              "type": "OpenApiConnection",
              "inputs": {
                "host": {
                  "connectionName": "shared_commondataserviceforapps",
                  "operationId": "ListRecords",
                  "apiId": "/providers/Microsoft.PowerApps/apis/shared_commondataserviceforapps"
                },
                "parameters": {
                  "entityName": "admin_coesolutionmetadatas",
                  "$select": "admin_coesolutionmetadataid",
                  "$filter": "admin_objectname eq '@{workflow()?['tags']['flowDisplayName']}'",
                  "$top": 1
                },
                "authentication": "@parameters('$authentication')"
              }
            },
            "Catch_-_not_ready_to_take_last_run_date": {
              "runAfter": {
                "Update_Last_Run_Successful": [
                  "Failed"
                ]
              },
              "metadata": {
                "operationMetadataId": "f88cdefe-c402-49d7-8f4a-934475e6f741"
              },
              "type": "Compose",
              "inputs": "Catch - not ready to take last run date"
            }
          },
          "runAfter": {
            "Error_Handling": [
              "Skipped"
            ]
          },
          "metadata": {
            "operationMetadataId": "5c140442-d939-4ca4-8ec8-d1ee2bed4a81"
          },
          "type": "Scope"
        }
      },
      "outputs": {}
    },
    "templateName": ""
  },
  "schemaVersion": "1.0.0.0"
}