{
  "properties": {
    "connectionReferences": {
      "shared_powerplatformforadmins": {
        "runtimeSource": "embedded",
        "connection": {
          "connectionReferenceLogicalName": "admin_CoECorePowerPlatformforAdmins"
        },
        "api": {
          "name": "shared_powerplatformforadmins"
        }
      },
      "shared_commondataserviceforapps_1": {
        "runtimeSource": "embedded",
        "connection": {
          "connectionReferenceLogicalName": "admin_CoECoreDataverseEnvRequest"
        },
        "api": {
          "name": "shared_commondataserviceforapps"
        }
      },
      "shared_commondataserviceforapps": {
        "runtimeSource": "embedded",
        "connection": {
          "connectionReferenceLogicalName": "admin_CoECoreDataverse2"
        },
        "api": {
          "name": "shared_commondataserviceforapps"
        }
      },
      "shared_flowmanagement_1": {
        "runtimeSource": "embedded",
        "connection": {
          "connectionReferenceLogicalName": "admin_CoECorePowerAutomateManagement"
        },
        "api": {
          "name": "shared_flowmanagement"
        }
      }
    },
    "definition": {
      "$schema": "https://schema.management.azure.com/providers/Microsoft.Logic/schemas/2016-06-01/workflowdefinition.json#",
      "contentVersion": "1.0.0.0",
      "parameters": {
        "$connections": {
          "defaultValue": {},
          "type": "Object"
        },
        "$authentication": {
          "defaultValue": {},
          "type": "SecureObject"
        },
        "Power Automate Environment Variable (admin_PowerAutomateEnvironmentVariable)": {
          "defaultValue": "https://flow.microsoft.com/manage/environments/",
          "type": "String",
          "metadata": {
            "schemaName": "admin_PowerAutomateEnvironmentVariable",
            "description": "Inventory - REQUIRED. Environment, including geographic location, for Power Automate - Ex for commercial: https://flow.microsoft.com/manage/environments/"
          }
        }
      },
      "triggers": {
        "manual": {
          "metadata": {
            "operationMetadataId": "1fd53939-c57f-4db3-a2ef-4732fd6b0629"
          },
          "type": "Request",
          "kind": "Button",
          "inputs": {
            "schema": {
              "type": "object",
              "properties": {
                "text": {
                  "title": "EnvtID",
                  "type": "string",
                  "x-ms-dynamically-added": true,
                  "description": "Please enter your input",
                  "x-ms-content-hint": "TEXT"
                },
                "text_1": {
                  "title": "EnvtName",
                  "type": "string",
                  "x-ms-dynamically-added": true,
                  "description": "Please enter your input",
                  "x-ms-content-hint": "TEXT"
                }
              },
              "required": [
                "text",
                "text_1"
              ]
            }
          }
        }
      },
      "actions": {
        "Check_Deleted_Scope": {
          "actions": {
            "Get_Environment_as_Admin": {
              "runAfter": {},
              "metadata": {
                "operationMetadataId": "43975f51-d8e5-4d7d-9648-0f5c8c032525"
              },
              "type": "OpenApiConnection",
              "inputs": {
                "host": {
                  "connectionName": "shared_powerplatformforadmins",
                  "operationId": "GetSingleEnvironment",
                  "apiId": "/providers/Microsoft.PowerApps/apis/shared_powerplatformforadmins"
                },
                "parameters": {
                  "environment": "@triggerBody()['text_1']",
                  "api-version": "2018-10-01"
                },
                "authentication": {
                  "type": "Raw",
                  "value": "@json(decodeBase64(triggerOutputs().headers['X-MS-APIM-Tokens']))['$ConnectionKey']"
                }
              }
            },
            "Run_Check_Deleted_Scope": {
              "actions": {
                "Deleted_Flows": {
                  "actions": {
                    "Mark_deleted": {
                      "foreach": "@body('DeletedFlows')",
                      "actions": {
                        "Mark_record_deleted": {
                          "runAfter": {},
                          "metadata": {
                            "operationMetadataId": "46c77d28-2697-406f-b8bb-896d9e92aacf"
                          },
                          "type": "OpenApiConnection",
                          "inputs": {
                            "host": {
                              "connectionName": "shared_commondataserviceforapps_1",
                              "operationId": "UpdateRecord",
                              "apiId": "/providers/Microsoft.PowerApps/apis/shared_commondataserviceforapps"
                            },
                            "parameters": {
                              "entityName": "admin_flows",
                              "recordId": "@items('Mark_deleted')?['FlowID']",
                              "item/admin_flowdeleted": true,
                              "item/admin_flowdeletedon": "@utcNow()"
                            },
                            "authentication": {
                              "type": "Raw",
                              "value": "@json(decodeBase64(triggerOutputs().headers['X-MS-APIM-Tokens']))['$ConnectionKey']"
                            },
                            "retryPolicy": {
                              "type": "exponential",
                              "count": 20,
                              "interval": "PT20S"
                            }
                          }
                        }
                      },
                      "runAfter": {
                        "DeletedFlows": [
                          "Succeeded"
                        ]
                      },
                      "metadata": {
                        "operationMetadataId": "6db8b7e6-0fdd-4817-b396-693634e27477"
                      },
                      "type": "Foreach",
                      "runtimeConfiguration": {
                        "concurrency": {
                          "repetitions": 50
                        }
                      }
                    },
                    "DeletedFlows": {
                      "runAfter": {
                        "Get_Actual_-_Deleted_Flows": [
                          "Succeeded"
                        ]
                      },
                      "metadata": {
                        "operationMetadataId": "ec8ebf56-f3e3-4251-9491-440c69d207e4"
                      },
                      "type": "Query",
                      "inputs": {
                        "from": "@body('Parse_Inventory_-_Deleted_Flows')",
                        "where": "@not(contains(body('Parse_Actual_-_Deleted_Flows'), item()))"
                      }
                    },
                    "Get_Inventory_-_Deleted_Flows": {
                      "actions": {
                        "Select_Inventory_-_Deleted_Flows": {
                          "runAfter": {},
                          "metadata": {
                            "operationMetadataId": "d9864193-358e-4194-9acd-28dab1de4882"
                          },
                          "type": "Select",
                          "inputs": {
                            "from": "@outputs('CurrentFlowInventory')?['body/value']",
                            "select": {
                              "FlowID": "@item()?['admin_flowid']"
                            }
                          }
                        },
                        "Parse_Inventory_-_Deleted_Flows": {
                          "runAfter": {
                            "Select_Inventory_-_Deleted_Flows": [
                              "Succeeded"
                            ]
                          },
                          "metadata": {
                            "operationMetadataId": "274daa1f-66a7-4bf4-be08-c3a0e2f758d7"
                          },
                          "type": "ParseJson",
                          "inputs": {
                            "content": "@body('Select_Inventory_-_Deleted_Flows')",
                            "schema": {
                              "type": "array",
                              "items": {
                                "type": "object",
                                "properties": {
                                  "FlowID": {
                                    "type": "string"
                                  }
                                },
                                "required": [
                                  "FlowID"
                                ]
                              }
                            }
                          }
                        }
                      },
                      "runAfter": {},
                      "metadata": {
                        "operationMetadataId": "61117d90-0e7a-40c6-8484-f0212a2b0cc4"
                      },
                      "type": "Scope"
                    },
                    "Get_Actual_-_Deleted_Flows": {
                      "actions": {
                        "Select_Actual_-_Deleted_Flows": {
                          "runAfter": {},
                          "metadata": {
                            "operationMetadataId": "8410edf3-be25-420e-9c3d-d5c2a4d8ef20"
                          },
                          "type": "Select",
                          "inputs": {
                            "from": "@body('Filter_out_unpublished_flows')",
                            "select": {
                              "FlowID": "@item()?['name']"
                            }
                          }
                        },
                        "Parse_Actual_-_Deleted_Flows": {
                          "runAfter": {
                            "Select_Actual_-_Deleted_Flows": [
                              "Succeeded"
                            ]
                          },
                          "metadata": {
                            "operationMetadataId": "bb1cea14-82ae-4c5e-93a4-66f7d675861e"
                          },
                          "type": "ParseJson",
                          "inputs": {
                            "content": "@body('Select_Actual_-_Deleted_Flows')",
                            "schema": {
                              "type": "array",
                              "items": {
                                "type": "object",
                                "properties": {
                                  "FlowID": {
                                    "type": "string"
                                  }
                                },
                                "required": [
                                  "FlowID"
                                ]
                              }
                            }
                          }
                        }
                      },
                      "runAfter": {
                        "Get_Inventory_-_Deleted_Flows": [
                          "Succeeded"
                        ]
                      },
                      "metadata": {
                        "operationMetadataId": "7343aee1-301c-4197-a13f-d3e6968adc8b"
                      },
                      "type": "Scope"
                    }
                  },
                  "runAfter": {
                    "Get_Basics": [
                      "Succeeded"
                    ]
                  },
                  "metadata": {
                    "operationMetadataId": "e4afdb10-2e72-4ddb-96d5-71bdb1636607"
                  },
                  "type": "Scope"
                },
                "Get_Envt_Information": {
                  "actions": {
                    "Get_Envt_from_CoE_inventory": {
                      "runAfter": {},
                      "metadata": {
                        "operationMetadataId": "66a9b415-a575-4d8c-a3c5-7a8c57e04fc2"
                      },
                      "type": "OpenApiConnection",
                      "inputs": {
                        "host": {
                          "connectionName": "shared_commondataserviceforapps",
                          "operationId": "GetItem",
                          "apiId": "/providers/Microsoft.PowerApps/apis/shared_commondataserviceforapps"
                        },
                        "parameters": {
                          "entityName": "admin_environments",
                          "recordId": "@triggerBody()['text']",
                          "$select": "admin_environmentcdsinstanceurl, admin_displayname, admin_excusefrominventory, admin_environmentdeleted, admin_hascds"
                        },
                        "authentication": {
                          "type": "Raw",
                          "value": "@json(decodeBase64(triggerOutputs().headers['X-MS-APIM-Tokens']))['$ConnectionKey']"
                        },
                        "retryPolicy": {
                          "type": "exponential",
                          "count": 10,
                          "interval": "PT10S"
                        }
                      }
                    },
                    "EnvtURL": {
                      "runAfter": {
                        "Get_Envt_from_CoE_inventory": [
                          "Succeeded"
                        ]
                      },
                      "metadata": {
                        "operationMetadataId": "56873fc8-d3c0-4aa6-a839-9cc96da0fb5c"
                      },
                      "type": "Compose",
                      "inputs": "@outputs('Get_Envt_from_CoE_inventory')?['body/admin_environmentcdsinstanceurl']"
                    },
                    "EnvtDisplayName": {
                      "runAfter": {
                        "EnvtURL": [
                          "Succeeded"
                        ]
                      },
                      "metadata": {
                        "operationMetadataId": "b6bd4b7f-1b19-483b-9178-cc562c256a09"
                      },
                      "type": "Compose",
                      "inputs": "@outputs('Get_Envt_from_CoE_inventory')?['body/admin_displayname']"
                    },
                    "Exit_if_unsupported": {
                      "actions": {
                        "Respond_to_a_PowerApp_or_flow_-_early_termination": {
                          "runAfter": {},
                          "metadata": {
                            "operationMetadataId": "424fd3e2-73ed-4a51-871d-cf27c0aeb7df"
                          },
                          "type": "Response",
                          "kind": "PowerApp",
                          "inputs": {
                            "statusCode": 200,
                            "body": {
                              "thereturnvalue": "pass"
                            },
                            "schema": {
                              "type": "object",
                              "properties": {
                                "thereturnvalue": {
                                  "title": "theReturnValue",
                                  "x-ms-dynamically-added": true,
                                  "type": "string"
                                }
                              }
                            }
                          }
                        },
                        "Terminate_early": {
                          "runAfter": {
                            "Respond_to_a_PowerApp_or_flow_-_early_termination": [
                              "Succeeded"
                            ]
                          },
                          "metadata": {
                            "operationMetadataId": "96e43de8-182e-4238-b865-7a05eaad5f1b"
                          },
                          "type": "Terminate",
                          "inputs": {
                            "runStatus": "Succeeded"
                          }
                        }
                      },
                      "runAfter": {
                        "EnvtDisplayName": [
                          "Succeeded"
                        ]
                      },
                      "expression": {
                        "or": [
                          {
                            "equals": [
                              "@outputs('Get_Envt_from_CoE_inventory')?['body/admin_excusefrominventory']",
                              "@true"
                            ]
                          },
                          {
                            "equals": [
                              "@outputs('Get_Envt_from_CoE_inventory')?['body/admin_environmentdeleted']",
                              "@true"
                            ]
                          }
                        ]
                      },
                      "metadata": {
                        "operationMetadataId": "57b72711-bdb1-4474-b567-cab491e05173"
                      },
                      "type": "If"
                    }
                  },
                  "runAfter": {},
                  "metadata": {
                    "operationMetadataId": "326a5697-e2fd-4c96-b266-d5442c1963a1"
                  },
                  "type": "Scope"
                },
                "Get_Basics": {
                  "actions": {
                    "List_Flows_as_Admin_(V2)": {
                      "runAfter": {},
                      "metadata": {
                        "operationMetadataId": "b0962995-3af5-4fb2-a17a-149fca48ba53"
                      },
                      "type": "OpenApiConnection",
                      "inputs": {
                        "host": {
                          "connectionName": "shared_flowmanagement_1",
                          "operationId": "ListFlowsInEnvironment_V2",
                          "apiId": "/providers/Microsoft.PowerApps/apis/shared_flowmanagement"
                        },
                        "parameters": {
                          "environmentName": "@triggerBody()['text_1']",
                          "expandSuspensionInfo": true
                        },
                        "authentication": {
                          "type": "Raw",
                          "value": "@json(decodeBase64(triggerOutputs().headers['X-MS-APIM-Tokens']))['$ConnectionKey']"
                        },
                        "retryPolicy": {
                          "type": "exponential",
                          "count": 30,
                          "interval": "PT30S"
                        }
                      },
                      "runtimeConfiguration": {
                        "paginationPolicy": {
                          "minimumItemCount": 100000
                        }
                      }
                    },
                    "CurrentFlowInventory": {
                      "runAfter": {
                        "Filter_out_unpublished_flows": [
                          "Succeeded"
                        ]
                      },
                      "metadata": {
                        "operationMetadataId": "0e8d8c5b-cc57-472d-864e-103af0ef245b"
                      },
                      "type": "OpenApiConnection",
                      "inputs": {
                        "host": {
                          "connectionName": "shared_commondataserviceforapps",
                          "operationId": "ListRecords",
                          "apiId": "/providers/Microsoft.PowerApps/apis/shared_commondataserviceforapps"
                        },
                        "parameters": {
                          "entityName": "admin_flows",
                          "$select": "admin_flowid, admin_flowstate",
                          "$filter": "_admin_flowenvironment_value eq @{triggerBody()['text']} and admin_flowdeleted ne true"
                        },
                        "authentication": {
                          "type": "Raw",
                          "value": "@json(decodeBase64(triggerOutputs().headers['X-MS-APIM-Tokens']))['$ConnectionKey']"
                        }
                      },
                      "runtimeConfiguration": {
                        "paginationPolicy": {
                          "minimumItemCount": 100000
                        }
                      }
                    },
                    "Filter_out_unpublished_flows": {
                      "runAfter": {
                        "List_Flows_as_Admin_(V2)": [
                          "Succeeded"
                        ]
                      },
                      "metadata": {
                        "operationMetadataId": "d8c06d7d-7642-4332-81ba-f5d7bbe636d1"
                      },
                      "type": "Query",
                      "inputs": {
                        "from": "@outputs('List_Flows_as_Admin_(V2)')?['body/value']",
                        "where": "@not(equals(equals(item()?['name'], item()?['properties/workflowUniqueId']), true))"
                      }
                    }
                  },
                  "runAfter": {
                    "Get_Envt_Information": [
                      "Succeeded"
                    ]
                  },
                  "metadata": {
                    "operationMetadataId": "58b53c6e-26ef-4757-bd9e-37ba671029c9"
                  },
                  "type": "Scope"
                }
              },
              "runAfter": {
                "Terminate_-_envt_deleted": [
                  "Skipped"
                ]
              },
              "metadata": {
                "operationMetadataId": "8776c0ae-7d5e-46b3-a5c5-c4ce07e2a962"
              },
              "type": "Scope"
            },
            "Terminate_-_envt_deleted": {
              "actions": {
                "Respond_to_a_PowerApp_or_pass_with_early_terminate": {
                  "runAfter": {},
                  "metadata": {
                    "operationMetadataId": "424fd3e2-73ed-4a51-871d-cf27c0aeb7df"
                  },
                  "type": "Response",
                  "kind": "PowerApp",
                  "inputs": {
                    "statusCode": 200,
                    "body": {
                      "thereturnvalue": "pass"
                    },
                    "schema": {
                      "type": "object",
                      "properties": {
                        "thereturnvalue": {
                          "title": "theReturnValue",
                          "x-ms-dynamically-added": true,
                          "type": "string"
                        }
                      }
                    }
                  }
                },
                "Terminate_for_environments_recently_deleted": {
                  "runAfter": {
                    "Respond_to_a_PowerApp_or_pass_with_early_terminate": [
                      "Succeeded"
                    ]
                  },
                  "metadata": {
                    "operationMetadataId": "c96f244b-3c1d-43b6-b930-9df94f180269"
                  },
                  "type": "Terminate",
                  "inputs": {
                    "runStatus": "Succeeded"
                  }
                }
              },
              "runAfter": {
                "Get_Environment_as_Admin": [
                  "Failed"
                ]
              },
              "metadata": {
                "operationMetadataId": "7d05a7f8-f5d0-46e8-8fac-feb01753556e"
              },
              "type": "Scope"
            }
          },
          "runAfter": {},
          "metadata": {
            "operationMetadataId": "a4fb4e0c-42ae-42bc-8805-0e83bda08f3c"
          },
          "type": "Scope"
        },
        "Error_Handling": {
          "actions": {
            "Create_a_new_record_-_Sync_Flow_Errors": {
              "runAfter": {},
              "metadata": {
                "operationMetadataId": "87961ff0-e261-4890-9ab9-a53f88fe0de5"
              },
              "type": "OpenApiConnection",
              "inputs": {
                "host": {
                  "connectionName": "shared_commondataserviceforapps",
                  "operationId": "CreateRecord",
                  "apiId": "/providers/Microsoft.PowerApps/apis/shared_commondataserviceforapps"
                },
                "parameters": {
                  "entityName": "admin_syncflowerrorses",
                  "item/admin_name": "@workflow()?['tags']['flowDisplayName']",
                  "item/admin_environmentname": "@outputs('Get_Environment_as_Admin')?['body/properties/displayName']",
                  "item/admin_flowinstanceurl": "@concat(parameters('Power Automate Environment Variable (admin_PowerAutomateEnvironmentVariable)'), workflow()?['tags']['environmentName'], '/flows/', workflow()?['name'], '/runs/', workflow()?['run']['name'])"
                },
                "authentication": {
                  "type": "Raw",
                  "value": "@json(decodeBase64(triggerOutputs().headers['X-MS-APIM-Tokens']))['$ConnectionKey']"
                },
                "retryPolicy": {
                  "type": "exponential",
                  "count": 10,
                  "interval": "PT10S"
                }
              }
            },
            "Terminate_2": {
              "runAfter": {
                "Respond_to_a_PowerApp_or_flow_failed": [
                  "Succeeded"
                ]
              },
              "metadata": {
                "operationMetadataId": "9e5a2a18-dba2-47a1-96d5-3356f4348e5a"
              },
              "type": "Terminate",
              "inputs": {
                "runStatus": "Failed",
                "runError": {
                  "code": "500",
                  "message": "Get Environments Failed"
                }
              }
            },
            "Get_ID_Fail": {
              "runAfter": {
                "Create_a_new_record_-_Sync_Flow_Errors": [
                  "Succeeded"
                ]
              },
              "metadata": {
                "operationMetadataId": "47329bf2-8aac-400d-9778-a793b4f1180f"
              },
              "type": "OpenApiConnection",
              "inputs": {
                "host": {
                  "connectionName": "shared_commondataserviceforapps",
                  "operationId": "ListRecords",
                  "apiId": "/providers/Microsoft.PowerApps/apis/shared_commondataserviceforapps"
                },
                "parameters": {
                  "entityName": "admin_coesolutionmetadatas",
                  "$select": "admin_coesolutionmetadataid",
                  "$filter": "admin_objectname eq '@{workflow()?['tags']['flowDisplayName']}'",
                  "$top": 1
                },
                "authentication": {
                  "type": "Raw",
                  "value": "@json(decodeBase64(triggerOutputs().headers['X-MS-APIM-Tokens']))['$ConnectionKey']"
                }
              }
            },
            "Update_Last_Run_Fail": {
              "runAfter": {
                "Get_ID_Fail": [
                  "Succeeded"
                ]
              },
              "metadata": {
                "operationMetadataId": "c63eb7cc-6101-4567-b520-a4a8881264e9"
              },
              "type": "OpenApiConnection",
              "inputs": {
                "host": {
                  "connectionName": "shared_commondataserviceforapps",
                  "operationId": "UpdateRecord",
                  "apiId": "/providers/Microsoft.PowerApps/apis/shared_commondataserviceforapps"
                },
                "parameters": {
                  "entityName": "admin_coesolutionmetadatas",
                  "recordId": "@first(outputs('Get_ID_Fail')?['body/value'])?['admin_coesolutionmetadataid']",
                  "item/admin_lastrun": "@utcNow()",
                  "item/admin_lastrunpassed": false
                },
                "authentication": {
                  "type": "Raw",
                  "value": "@json(decodeBase64(triggerOutputs().headers['X-MS-APIM-Tokens']))['$ConnectionKey']"
                }
              }
            },
            "Respond_to_a_PowerApp_or_flow_failed": {
              "runAfter": {
                "Update_Last_Run_Fail": [
                  "Succeeded"
                ]
              },
              "metadata": {
                "operationMetadataId": "424fd3e2-73ed-4a51-871d-cf27c0aeb7df"
              },
              "type": "Response",
              "kind": "PowerApp",
              "inputs": {
                "statusCode": 200,
                "body": {
                  "thereturnvalue": "fail"
                },
                "schema": {
                  "type": "object",
                  "properties": {
                    "thereturnvalue": {
                      "title": "theReturnValue",
                      "x-ms-dynamically-added": true,
                      "type": "string"
                    }
                  }
                }
              }
            }
          },
          "runAfter": {
            "Check_Deleted_Scope": [
              "Failed"
            ]
          },
          "metadata": {
            "operationMetadataId": "38ae684e-622d-42ea-abd2-ee571aee3a5f"
          },
          "type": "Scope"
        },
        "Update_last_run_as_pass": {
          "actions": {
            "Update_Last_Run_Successful": {
              "runAfter": {
                "Get_ID_Pass": [
                  "Succeeded"
                ]
              },
              "metadata": {
                "operationMetadataId": "78ef70e5-7f67-4737-9a02-8533f12caa19"
              },
              "type": "OpenApiConnection",
              "inputs": {
                "host": {
                  "connectionName": "shared_commondataserviceforapps",
                  "operationId": "UpdateRecord",
                  "apiId": "/providers/Microsoft.PowerApps/apis/shared_commondataserviceforapps"
                },
                "parameters": {
                  "entityName": "admin_coesolutionmetadatas",
                  "recordId": "@first(outputs('Get_ID_Pass')?['body/value'])?['admin_coesolutionmetadataid']",
                  "item/admin_lastrun": "@utcNow()",
                  "item/admin_lastrunpassed": true
                },
                "authentication": {
                  "type": "Raw",
                  "value": "@json(decodeBase64(triggerOutputs().headers['X-MS-APIM-Tokens']))['$ConnectionKey']"
                }
              }
            },
            "Get_ID_Pass": {
              "runAfter": {},
              "metadata": {
                "operationMetadataId": "f4f314b6-89d3-4056-af1c-73115e7d6bd1"
              },
              "type": "OpenApiConnection",
              "inputs": {
                "host": {
                  "connectionName": "shared_commondataserviceforapps",
                  "operationId": "ListRecords",
                  "apiId": "/providers/Microsoft.PowerApps/apis/shared_commondataserviceforapps"
                },
                "parameters": {
                  "entityName": "admin_coesolutionmetadatas",
                  "$select": "admin_coesolutionmetadataid",
                  "$filter": "admin_objectname eq '@{workflow()?['tags']['flowDisplayName']}'",
                  "$top": 1
                },
                "authentication": {
                  "type": "Raw",
                  "value": "@json(decodeBase64(triggerOutputs().headers['X-MS-APIM-Tokens']))['$ConnectionKey']"
                }
              }
            },
            "Catch_-_not_ready_to_take_last_run_date": {
              "runAfter": {
                "Update_Last_Run_Successful": [
                  "Failed"
                ]
              },
              "metadata": {
                "operationMetadataId": "f88cdefe-c402-49d7-8f4a-934475e6f741"
              },
              "type": "Compose",
              "inputs": "Catch - not ready to take last run date"
            },
            "Respond_to_a_PowerApp_or_flow": {
              "runAfter": {
                "Catch_-_not_ready_to_take_last_run_date": [
                  "Succeeded",
                  "Skipped"
                ]
              },
              "metadata": {
                "operationMetadataId": "424fd3e2-73ed-4a51-871d-cf27c0aeb7df"
              },
              "type": "Response",
              "kind": "PowerApp",
              "inputs": {
                "statusCode": 200,
                "body": {
                  "thereturnvalue": "pass"
                },
                "schema": {
                  "type": "object",
                  "properties": {
                    "thereturnvalue": {
                      "title": "theReturnValue",
                      "x-ms-dynamically-added": true,
                      "type": "string"
                    }
                  }
                }
              }
            }
          },
          "runAfter": {
            "Error_Handling": [
              "Skipped"
            ]
          },
          "metadata": {
            "operationMetadataId": "5c140442-d939-4ca4-8ec8-d1ee2bed4a81"
          },
          "type": "Scope"
        }
      },
      "outputs": {}
    },
    "templateName": ""
  },
  "schemaVersion": "1.0.0.0"
}