{
  "properties": {
    "connectionReferences": {
      "shared_commondataserviceforapps": {
        "impersonation": {},
        "runtimeSource": "embedded",
        "connection": {
          "connectionReferenceLogicalName": "admin_CoECoreDataverse"
        },
        "api": {
          "name": "shared_commondataserviceforapps"
        }
      },
      "shared_commondataserviceforapps_1": {
        "impersonation": {},
        "runtimeSource": "embedded",
        "connection": {
          "connectionReferenceLogicalName": "admin_CoECoreDataverseEnvRequest"
        },
        "api": {
          "name": "shared_commondataserviceforapps"
        }
      }
    },
    "definition": {
      "$schema": "https://schema.management.azure.com/providers/Microsoft.Logic/schemas/2016-06-01/workflowdefinition.json#",
      "contentVersion": "1.0.0.0",
      "parameters": {
        "$connections": {
          "defaultValue": {},
          "type": "Object"
        },
        "$authentication": {
          "defaultValue": {},
          "type": "SecureObject"
        },
        "Power Automate Environment Variable (admin_PowerAutomateEnvironmentVariable)": {
          "defaultValue": "https://flow.microsoft.com/manage/environments/",
          "type": "String",
          "metadata": {
            "schemaName": "admin_PowerAutomateEnvironmentVariable",
            "description": "Inventory - REQUIRED. Environment, including geographic location, for Power Automate - Ex for commercial: https://flow.microsoft.com/manage/environments/"
          }
        }
      },
      "triggers": {
        "manual": {
          "metadata": {
            "operationMetadataId": "cd2f6daf-62d2-482b-ab04-59f5812ac13a"
          },
          "type": "Request",
          "kind": "Button",
          "inputs": {
            "schema": {
              "type": "object",
              "properties": {
                "text": {
                  "title": "envtid",
                  "type": "string",
                  "x-ms-dynamically-added": true,
                  "description": "Please enter your input",
                  "x-ms-content-hint": "TEXT"
                },
                "text_1": {
                  "title": "envtcdseurl",
                  "type": "string",
                  "x-ms-dynamically-added": true,
                  "description": "Please enter your input",
                  "x-ms-content-hint": "TEXT"
                }
              },
              "required": [
                "text",
                "text_1"
              ]
            }
          }
        }
      },
      "actions": {
        "Error_Handling": {
          "actions": {
            "Terminate": {
              "runAfter": {
                "Update_Last_Run_Fail": [
                  "Succeeded"
                ]
              },
              "metadata": {
                "operationMetadataId": "9e5a2a18-dba2-47a1-96d5-3356f4348e5a"
              },
              "type": "Terminate",
              "inputs": {
                "runStatus": "Failed",
                "runError": {
                  "code": "500",
                  "message": "Get Environments Failed"
                }
              }
            },
            "Get_ID_Fail": {
              "runAfter": {
                "Create_a_new_record_-_Sync_Flow_Errors": [
                  "Succeeded"
                ]
              },
              "metadata": {
                "operationMetadataId": "47329bf2-8aac-400d-9778-a793b4f1180f"
              },
              "type": "OpenApiConnection",
              "inputs": {
                "host": {
                  "apiId": "/providers/Microsoft.PowerApps/apis/shared_commondataserviceforapps",
                  "connectionName": "shared_commondataserviceforapps",
                  "operationId": "ListRecords"
                },
                "parameters": {
                  "entityName": "admin_coesolutionmetadatas",
                  "$select": "admin_coesolutionmetadataid",
                  "$filter": "admin_objectname eq '@{workflow()?['tags']['flowDisplayName']}'",
                  "$top": 1
                },
                "authentication": "@parameters('$authentication')"
              }
            },
            "Update_Last_Run_Fail": {
              "runAfter": {
                "Get_ID_Fail": [
                  "Succeeded"
                ]
              },
              "metadata": {
                "operationMetadataId": "c63eb7cc-6101-4567-b520-a4a8881264e9"
              },
              "type": "OpenApiConnection",
              "inputs": {
                "host": {
                  "apiId": "/providers/Microsoft.PowerApps/apis/shared_commondataserviceforapps",
                  "connectionName": "shared_commondataserviceforapps",
                  "operationId": "UpdateRecord"
                },
                "parameters": {
                  "entityName": "admin_coesolutionmetadatas",
                  "recordId": "@first(outputs('Get_ID_Fail')?['body/value'])?['admin_coesolutionmetadataid']",
                  "item/admin_lastrun": "@utcNow()",
                  "item/admin_lastrunpassed": false
                },
                "authentication": "@parameters('$authentication')"
              }
            },
            "Respond_to_a_PowerApp_or_flow_-_fail": {
              "runAfter": {},
              "metadata": {
                "operationMetadataId": "f5b3c38f-7b71-4b85-978e-42ca90e3293f"
              },
              "type": "Response",
              "kind": "PowerApp",
              "inputs": {
                "statusCode": 200,
                "body": {
                  "result": "fail"
                },
                "schema": {
                  "type": "object",
                  "properties": {
                    "result": {
                      "title": "result",
                      "x-ms-dynamically-added": true,
                      "type": "string"
                    }
                  }
                }
              }
            },
            "Create_a_new_record_-_Sync_Flow_Errors": {
              "runAfter": {
                "EnvtDisplayName": [
                  "Succeeded"
                ]
              },
              "metadata": {
                "operationMetadataId": "87961ff0-e261-4890-9ab9-a53f88fe0de5"
              },
              "type": "OpenApiConnection",
              "inputs": {
                "host": {
                  "apiId": "/providers/Microsoft.PowerApps/apis/shared_commondataserviceforapps",
                  "connectionName": "shared_commondataserviceforapps",
                  "operationId": "CreateRecord"
                },
                "parameters": {
                  "entityName": "admin_syncflowerrorses",
                  "item/admin_name": "@workflow()?['tags']['flowDisplayName']",
                  "item/admin_environmentname": "@outputs('EnvtDisplayName')",
                  "item/admin_flowinstanceurl": "@concat(parameters('Power Automate Environment Variable (admin_PowerAutomateEnvironmentVariable)'), workflow()?['tags']['environmentName'], '/flows/', workflow()?['name'], '/runs/', workflow()?['run']['name'])"
                },
                "retryPolicy": {
                  "type": "exponential",
                  "count": 10,
                  "interval": "PT10S"
                },
                "authentication": "@parameters('$authentication')"
              }
            },
            "EnvtDisplayName": {
              "runAfter": {
                "Respond_to_a_PowerApp_or_flow_-_fail": [
                  "Succeeded",
                  "Skipped"
                ]
              },
              "metadata": {
                "operationMetadataId": "922043ee-50d7-42be-8258-428dcf4385f3"
              },
              "type": "Compose",
              "inputs": "@first(outputs('Get_this_Environments_Solutions_from_Inventory')?['body/value'])['admin_solutionenvironment/admin_displayname']"
            }
          },
          "runAfter": {
            "Inventory_Solution_Object_Relationships": [
              "Failed"
            ]
          },
          "metadata": {
            "operationMetadataId": "38ae684e-622d-42ea-abd2-ee571aee3a5f"
          },
          "type": "Scope"
        },
        "Update_last_run_as_pass": {
          "actions": {
            "Update_Last_Run_Successful": {
              "runAfter": {
                "Get_ID_Pass": [
                  "Succeeded"
                ]
              },
              "metadata": {
                "operationMetadataId": "78ef70e5-7f67-4737-9a02-8533f12caa19"
              },
              "type": "OpenApiConnection",
              "inputs": {
                "host": {
                  "apiId": "/providers/Microsoft.PowerApps/apis/shared_commondataserviceforapps",
                  "connectionName": "shared_commondataserviceforapps",
                  "operationId": "UpdateRecord"
                },
                "parameters": {
                  "entityName": "admin_coesolutionmetadatas",
                  "recordId": "@first(outputs('Get_ID_Pass')?['body/value'])?['admin_coesolutionmetadataid']",
                  "item/admin_lastrun": "@utcNow()",
                  "item/admin_lastrunpassed": true
                },
                "authentication": "@parameters('$authentication')"
              }
            },
            "Catch_-_not_ready_to_take_last_run_date": {
              "runAfter": {
                "Update_Last_Run_Successful": [
                  "Failed"
                ]
              },
              "metadata": {
                "operationMetadataId": "f88cdefe-c402-49d7-8f4a-934475e6f741"
              },
              "type": "Compose",
              "inputs": "Catch - not ready to take last run date"
            },
            "Respond_to_a_PowerApp_or_flow_-_pass": {
              "runAfter": {},
              "metadata": {
                "operationMetadataId": "85a919b5-0b51-4843-ac0b-67dbfa2c2289"
              },
              "type": "Response",
              "kind": "PowerApp",
              "inputs": {
                "statusCode": 200,
                "body": {
                  "result": "pass"
                },
                "schema": {
                  "type": "object",
                  "properties": {
                    "result": {
                      "title": "result",
                      "x-ms-dynamically-added": true,
                      "type": "string"
                    }
                  }
                }
              }
            },
            "Get_ID_Pass": {
              "runAfter": {
                "Respond_to_a_PowerApp_or_flow_-_pass": [
                  "Succeeded"
                ]
              },
              "metadata": {
                "operationMetadataId": "f4f314b6-89d3-4056-af1c-73115e7d6bd1"
              },
              "type": "OpenApiConnection",
              "inputs": {
                "host": {
                  "apiId": "/providers/Microsoft.PowerApps/apis/shared_commondataserviceforapps",
                  "connectionName": "shared_commondataserviceforapps",
                  "operationId": "ListRecords"
                },
                "parameters": {
                  "entityName": "admin_coesolutionmetadatas",
                  "$select": "admin_coesolutionmetadataid",
                  "$filter": "admin_objectname eq '@{workflow()?['tags']['flowDisplayName']}'",
                  "$top": 1
                },
                "authentication": "@parameters('$authentication')"
              }
            }
          },
          "runAfter": {
            "Error_Handling": [
              "Skipped"
            ]
          },
          "metadata": {
            "operationMetadataId": "5c140442-d939-4ca4-8ec8-d1ee2bed4a81"
          },
          "type": "Scope"
        },
        "Inventory_Solution_Object_Relationships": {
          "actions": {
            "Get_this_Environments_Solutions_from_Inventory": {
              "runAfter": {},
              "metadata": {
                "operationMetadataId": "205b48ca-eeec-4981-8d60-571aaafa72d2"
              },
              "type": "OpenApiConnection",
              "inputs": {
                "host": {
                  "apiId": "/providers/Microsoft.PowerApps/apis/shared_commondataserviceforapps",
                  "connectionName": "shared_commondataserviceforapps_1",
                  "operationId": "ListRecords"
                },
                "parameters": {
                  "entityName": "admin_solutions",
                  "$select": "admin_name, admin_solutionid, admin_solutionenvtguid",
                  "$filter": "_admin_solutionenvironment_value eq @{triggerBody()['text']} and admin_solutionenvtguid ne null",
                  "$expand": "admin_SolutionEnvironment($select=admin_displayname)"
                },
                "authentication": "@parameters('$authentication')"
              }
            },
            "Apply_to_each_Soln": {
              "foreach": "@outputs('Get_this_Environments_Solutions_from_Inventory')?['body/value']",
              "actions": {
                "Get_Current_Inventory_of_Solution_Objects": {
                  "actions": {
                    "List_related_BPFs": {
                      "runAfter": {},
                      "metadata": {
                        "operationMetadataId": "d5867f07-7cd4-47d8-b2c0-129702f52d38"
                      },
                      "type": "OpenApiConnection",
                      "inputs": {
                        "host": {
                          "apiId": "/providers/Microsoft.PowerApps/apis/shared_commondataserviceforapps",
                          "connectionName": "shared_commondataserviceforapps",
                          "operationId": "ListRecords"
                        },
                        "parameters": {
                          "entityName": "admin_ppsolution_bpf_tableset",
                          "$select": "admin_businessprocessflowsid",
                          "$filter": "admin_solutionid eq @{items('Apply_to_each_Soln')?['admin_solutionid']}",
                          "fetchXml": "<fetch>\n  <entity name=\"admin_ppsolution_bpf_table\">\n    <link-entity name=\"admin_businessprocessflows\" from=\"admin_businessprocessflowsid\" to=\"admin_businessprocessflowsid\" link-type=\"inner\">\n      <attribute name=\"admin_businessprocessflowworkflowentityid\" />\n    </link-entity>\n  </entity>\n</fetch>"
                        },
                        "authentication": "@parameters('$authentication')"
                      }
                    },
                    "List_related_Flows": {
                      "runAfter": {
                        "Select_BPF_IDs_from_Inventory": [
                          "Succeeded"
                        ]
                      },
                      "metadata": {
                        "operationMetadataId": "854b5265-473c-4780-bc19-99aa7ee04150"
                      },
                      "type": "OpenApiConnection",
                      "inputs": {
                        "host": {
                          "apiId": "/providers/Microsoft.PowerApps/apis/shared_commondataserviceforapps",
                          "connectionName": "shared_commondataserviceforapps",
                          "operationId": "ListRecords"
                        },
                        "parameters": {
                          "entityName": "admin_ppsolution_flow_tableset",
                          "$select": "admin_flowid",
                          "$filter": "admin_solutionid eq @{items('Apply_to_each_Soln')?['admin_solutionid']}",
                          "fetchXml": "<fetch>\n  <entity name=\"admin_ppsolution_flow_table\">\n    <link-entity name=\"admin_flow\" from=\"admin_flowid\" to=\"admin_flowid\" link-type=\"inner\">\n      <attribute name=\"admin_workflowentityid\" />\n    </link-entity>\n  </entity>\n</fetch>"
                        },
                        "authentication": "@parameters('$authentication')"
                      }
                    },
                    "List_related_Apps": {
                      "runAfter": {
                        "Select_Inventory_Workflows": [
                          "Succeeded"
                        ]
                      },
                      "metadata": {
                        "operationMetadataId": "1adffffd-04b4-4c05-92d6-e8bc369f6efa"
                      },
                      "type": "OpenApiConnection",
                      "inputs": {
                        "host": {
                          "apiId": "/providers/Microsoft.PowerApps/apis/shared_commondataserviceforapps",
                          "connectionName": "shared_commondataserviceforapps",
                          "operationId": "ListRecords"
                        },
                        "parameters": {
                          "entityName": "admin_ppsolution_apps_tableset",
                          "$select": "admin_appid",
                          "$filter": "admin_solutionid eq @{items('Apply_to_each_Soln')?['admin_solutionid']}",
                          "fetchXml": "<fetch>\n  <entity name=\"admin_ppsolution_apps_table\">\n    <link-entity name=\"admin_app\" from=\"admin_appid\" to=\"admin_appid\" link-type=\"inner\">\n      <attribute name=\"admin_appidstring\" />\n    </link-entity>\n  </entity>\n</fetch>"
                        },
                        "authentication": "@parameters('$authentication')"
                      }
                    },
                    "Select_BPF_IDs_from_Inventory": {
                      "runAfter": {
                        "Filter_out_null_BPFs": [
                          "Succeeded"
                        ]
                      },
                      "metadata": {
                        "operationMetadataId": "390abf04-1dac-43ce-9b5f-e29f6b38f502"
                      },
                      "type": "Select",
                      "inputs": {
                        "from": "@body('Filter_out_null_BPFs')",
                        "select": {
                          "ObjectID": "@item()?['admin_businessprocessflows1.admin_businessprocessflowworkflowentityid']"
                        }
                      }
                    },
                    "Select_Flow_IDs_from_Inventory": {
                      "runAfter": {
                        "List_related_Flows": [
                          "Succeeded"
                        ]
                      },
                      "metadata": {
                        "operationMetadataId": "307980b8-e23a-4e80-8b1f-1bf7b5988aeb"
                      },
                      "type": "Select",
                      "inputs": {
                        "from": "@outputs('List_related_Flows')?['body/value']",
                        "select": {
                          "ObjectID": "@item()?['admin_flow1.admin_workflowentityid']"
                        }
                      }
                    },
                    "Union_of_Workflow_types_from_inventory": {
                      "runAfter": {
                        "Filter_out_null_workflowentity_ids": [
                          "Succeeded"
                        ]
                      },
                      "metadata": {
                        "operationMetadataId": "fe55f5ee-6b78-456f-be17-78cdc239deec"
                      },
                      "type": "Compose",
                      "inputs": "@union(body('Filter_out_null_workflowentity_ids'), body('Filter_out_null_workflowentity_ids'))"
                    },
                    "Select_Inventory_Workflows": {
                      "runAfter": {
                        "Union_of_Workflow_types_from_inventory": [
                          "Succeeded"
                        ]
                      },
                      "metadata": {
                        "operationMetadataId": "a5cd6636-9d3a-4562-8f2a-30594cb3061e"
                      },
                      "type": "ParseJson",
                      "inputs": {
                        "content": "@outputs('Union_of_Workflow_types_from_inventory')",
                        "schema": {
                          "type": "array",
                          "items": {
                            "type": "object",
                            "properties": {
                              "ObjectID": {
                                "type": "string"
                              }
                            },
                            "required": [
                              "ObjectID"
                            ]
                          }
                        }
                      }
                    },
                    "Select_App_IDs_from_Inventory": {
                      "runAfter": {
                        "List_related_Apps": [
                          "Succeeded"
                        ]
                      },
                      "metadata": {
                        "operationMetadataId": "307980b8-e23a-4e80-8b1f-1bf7b5988aeb"
                      },
                      "type": "Select",
                      "inputs": {
                        "from": "@outputs('List_related_Apps')?['body/value']",
                        "select": {
                          "ObjectID": "@item()?['admin_app1.admin_appidstring']"
                        }
                      }
                    },
                    "Select_Inventory_Apps": {
                      "runAfter": {
                        "Select_App_IDs_from_Inventory": [
                          "Succeeded"
                        ]
                      },
                      "metadata": {
                        "operationMetadataId": "a5cd6636-9d3a-4562-8f2a-30594cb3061e"
                      },
                      "type": "ParseJson",
                      "inputs": {
                        "content": "@body('Select_App_IDs_from_Inventory')",
                        "schema": {
                          "type": "array",
                          "items": {
                            "type": "object",
                            "properties": {
                              "ObjectID": {
                                "type": "string"
                              }
                            },
                            "required": [
                              "ObjectID"
                            ]
                          }
                        }
                      }
                    },
                    "Filter_out_null_BPFs": {
                      "runAfter": {
                        "List_related_BPFs": [
                          "Succeeded"
                        ]
                      },
                      "metadata": {
                        "operationMetadataId": "57d2c261-42f5-4db3-b78c-2de0ef08109c"
                      },
                      "type": "Query",
                      "inputs": {
                        "from": "@outputs('List_related_BPFs')?['body/value']",
                        "where": "@not(equals(item()?['admin_businessprocessflows1.admin_businessprocessflowworkflowentityid'], null))"
                      }
                    },
                    "Filter_out_null_workflowentity_ids": {
                      "runAfter": {
                        "Select_Flow_IDs_from_Inventory": [
                          "Succeeded"
                        ]
                      },
                      "metadata": {
                        "operationMetadataId": "b17e822a-3aac-460d-919e-204ee102286c"
                      },
                      "type": "Query",
                      "inputs": {
                        "from": "@body('Select_Flow_IDs_from_Inventory')",
                        "where": "@not(equals(item()?['ObjectID'], null))"
                      }
                    }
                  },
                  "runAfter": {},
                  "metadata": {
                    "operationMetadataId": "35809c59-3b34-487b-a45a-bcf319d7f910"
                  },
                  "type": "Scope"
                },
                "Get_Current_Actual_Solution_Objects": {
                  "actions": {
                    "Select_Actual_Apps": {
                      "runAfter": {
                        "List_Solutions_Apps": [
                          "Succeeded"
                        ]
                      },
                      "metadata": {
                        "operationMetadataId": "9d01ee8a-d56f-4aee-97bc-3951ff5ede5d"
                      },
                      "type": "Select",
                      "inputs": {
                        "from": "@outputs('List_Solutions_Apps')?['body/value']",
                        "select": {
                          "ObjectID": "@item()['objectid']"
                        }
                      }
                    },
                    "Select_Actual_Workflows": {
                      "runAfter": {
                        "List_Solutions_Workflows": [
                          "Succeeded"
                        ]
                      },
                      "metadata": {
                        "operationMetadataId": "0d6bab53-b421-4b40-aba2-4cffefa02e61"
                      },
                      "type": "Select",
                      "inputs": {
                        "from": "@outputs('List_Solutions_Workflows')?['body/value']",
                        "select": {
                          "ObjectID": "@item()['objectid']"
                        }
                      }
                    },
                    "List_Solutions_Apps": {
                      "runAfter": {},
                      "metadata": {
                        "operationMetadataId": "18cc04ae-6bf0-45a5-88cd-867597f3f22a"
                      },
                      "type": "OpenApiConnection",
                      "inputs": {
                        "host": {
                          "apiId": "/providers/Microsoft.PowerApps/apis/shared_commondataserviceforapps",
                          "connectionName": "shared_commondataserviceforapps",
                          "operationId": "ListRecordsWithOrganization"
                        },
                        "parameters": {
                          "organization": "@triggerBody()['text_1']",
                          "entityName": "solutioncomponents",
                          "$filter": "(componenttype eq 300 or componenttype eq 80) and _solutionid_value eq @{items('Apply_to_each_Soln')?['admin_solutionenvtguid']}"
                        },
                        "authentication": "@parameters('$authentication')"
                      },
                      "runtimeConfiguration": {
                        "paginationPolicy": {
                          "minimumItemCount": 100000
                        }
                      }
                    },
                    "List_Solutions_Workflows": {
                      "runAfter": {
                        "Select_Actual_Apps": [
                          "Succeeded"
                        ]
                      },
                      "metadata": {
                        "operationMetadataId": "d31eb2a9-2c3f-4cd0-b479-b1cb90d0bd89"
                      },
                      "type": "OpenApiConnection",
                      "inputs": {
                        "host": {
                          "apiId": "/providers/Microsoft.PowerApps/apis/shared_commondataserviceforapps",
                          "connectionName": "shared_commondataserviceforapps",
                          "operationId": "ListRecordsWithOrganization"
                        },
                        "parameters": {
                          "organization": "@triggerBody()['text_1']",
                          "entityName": "solutioncomponents",
                          "$filter": "componenttype eq 29 and _solutionid_value eq @{items('Apply_to_each_Soln')?['admin_solutionenvtguid']}"
                        },
                        "authentication": "@parameters('$authentication')"
                      },
                      "runtimeConfiguration": {
                        "paginationPolicy": {
                          "minimumItemCount": 100000
                        }
                      }
                    }
                  },
                  "runAfter": {
                    "Get_Current_Inventory_of_Solution_Objects": [
                      "Succeeded"
                    ]
                  },
                  "metadata": {
                    "operationMetadataId": "12f80b4d-6cf6-4202-b930-4051f4c057c1"
                  },
                  "type": "Scope"
                },
                "Remove_objects_no_longer_in_solution_inventory": {
                  "actions": {
                    "RemoveFromInventory_-_Workflows": {
                      "runAfter": {},
                      "metadata": {
                        "operationMetadataId": "1d5d30c7-bdc2-4b69-9655-1ea7afb04a68"
                      },
                      "type": "Query",
                      "inputs": {
                        "from": "@body('Select_Inventory_Workflows')",
                        "where": "@not(contains(body('Select_Actual_Workflows'), item()))"
                      }
                    },
                    "remove_flow_from_solution_inventory": {
                      "foreach": "@body('RemoveFromInventory_-_Workflows')",
                      "actions": {
                        "Get_Flow_to_Remove": {
                          "runAfter": {},
                          "metadata": {
                            "operationMetadataId": "8aa362c2-98cf-4feb-a3f6-6696b40996e8"
                          },
                          "type": "OpenApiConnection",
                          "inputs": {
                            "host": {
                              "apiId": "/providers/Microsoft.PowerApps/apis/shared_commondataserviceforapps",
                              "connectionName": "shared_commondataserviceforapps",
                              "operationId": "ListRecords"
                            },
                            "parameters": {
                              "entityName": "admin_flows",
                              "$filter": "admin_workflowentityid eq @{items('remove_flow_from_solution_inventory')?['ObjectID']} and _admin_flowenvironment_value eq @{triggerBody()['text']}",
                              "$top": 1
                            },
                            "authentication": "@parameters('$authentication')"
                          }
                        },
                        "If_flow_found_to_remove": {
                          "actions": {
                            "Remove_Solution_Flow": {
                              "runAfter": {},
                              "metadata": {
                                "operationMetadataId": "3f4abf78-2890-4730-b7db-ef2ed6fb87c5"
                              },
                              "type": "OpenApiConnection",
                              "inputs": {
                                "host": {
                                  "apiId": "/providers/Microsoft.PowerApps/apis/shared_commondataserviceforapps",
                                  "connectionName": "shared_commondataserviceforapps",
                                  "operationId": "DisassociateEntities"
                                },
                                "parameters": {
                                  "entityName": "admin_solutions",
                                  "recordId": "@items('Apply_to_each_Soln')?['admin_solutionid']",
                                  "associationEntityRelationship": "admin_PPSolution_Flow",
                                  "$id": "@first(outputs('Get_Flow_To_Remove')?['body/value'])?['@odata.id']"
                                },
                                "authentication": "@parameters('$authentication')"
                              }
                            },
                            "catch_-_already_removed_flow": {
                              "runAfter": {
                                "Remove_Solution_Flow": [
                                  "Failed"
                                ]
                              },
                              "metadata": {
                                "operationMetadataId": "5d4743fd-3b34-4768-9549-bb93448c848a"
                              },
                              "type": "Compose",
                              "inputs": "catch - already removed flow"
                            }
                          },
                          "runAfter": {
                            "Get_Flow_to_Remove": [
                              "Succeeded"
                            ]
                          },
                          "else": {
                            "actions": {
                              "Get_BPF_to_Remove": {
                                "runAfter": {},
                                "metadata": {
                                  "operationMetadataId": "de83be09-3894-4ba1-972b-33586aa7226d"
                                },
                                "type": "OpenApiConnection",
                                "inputs": {
                                  "host": {
                                    "apiId": "/providers/Microsoft.PowerApps/apis/shared_commondataserviceforapps",
                                    "connectionName": "shared_commondataserviceforapps",
                                    "operationId": "ListRecords"
                                  },
                                  "parameters": {
                                    "entityName": "admin_businessprocessflowses",
                                    "$filter": "admin_name eq @{items('remove_flow_from_solution_inventory')?['ObjectID']} and _admin_businessprocessflowenvironment_value eq @{triggerBody()['text']}",
                                    "$top": 1
                                  },
                                  "authentication": "@parameters('$authentication')"
                                }
                              },
                              "If_BPF_found_to_remove": {
                                "actions": {
                                  "Remove_Solution_BPF": {
                                    "runAfter": {},
                                    "metadata": {
                                      "operationMetadataId": "7f4cefea-d323-4df4-83db-83386442e667"
                                    },
                                    "type": "OpenApiConnection",
                                    "inputs": {
                                      "host": {
                                        "apiId": "/providers/Microsoft.PowerApps/apis/shared_commondataserviceforapps",
                                        "connectionName": "shared_commondataserviceforapps",
                                        "operationId": "DisassociateEntities"
                                      },
                                      "parameters": {
                                        "entityName": "admin_solutions",
                                        "recordId": "@items('Apply_to_each_Soln')?['admin_solutionid']",
                                        "associationEntityRelationship": "admin_PPSolution_BPF",
                                        "$id": "@first(outputs('Get_BPF_To_Remove')?['body/value'])?['@odata.id']"
                                      },
                                      "authentication": "@parameters('$authentication')"
                                    }
                                  },
                                  "catch_-_already_removed_bpf": {
                                    "runAfter": {
                                      "Remove_Solution_BPF": [
                                        "Failed"
                                      ]
                                    },
                                    "metadata": {
                                      "operationMetadataId": "4ae6b421-bc61-44ff-8d90-fea3e867f11a"
                                    },
                                    "type": "Compose",
                                    "inputs": "catch - already removed bpf"
                                  }
                                },
                                "runAfter": {
                                  "Get_BPF_to_Remove": [
                                    "Succeeded"
                                  ]
                                },
                                "expression": {
                                  "greater": [
                                    "@length(outputs('Get_BPF_to_Remove')?['body/value'])",
                                    0
                                  ]
                                },
                                "metadata": {
                                  "operationMetadataId": "52257d8a-836d-4ab6-b614-332b0d2b620f"
                                },
                                "type": "If"
                              }
                            }
                          },
                          "expression": {
                            "greater": [
                              "@length(outputs('Get_Flow_to_Remove')?['body/value'])",
                              0
                            ]
                          },
                          "metadata": {
                            "operationMetadataId": "be6b0633-0f6d-4016-b71d-6ffe348b280f"
                          },
                          "type": "If"
                        }
                      },
                      "runAfter": {
                        "RemoveFromInventory_-_Workflows": [
                          "Succeeded"
                        ]
                      },
                      "metadata": {
                        "operationMetadataId": "412e64a7-e0d6-408c-996b-4113355f068c"
                      },
                      "type": "Foreach"
                    },
                    "RemoveFromInventory_-_Apps": {
                      "runAfter": {
                        "remove_flow_from_solution_inventory": [
                          "Succeeded"
                        ]
                      },
                      "metadata": {
                        "operationMetadataId": "1e488046-745c-45d5-92e9-ee411980b04e"
                      },
                      "type": "Query",
                      "inputs": {
                        "from": "@body('Select_Inventory_Apps')",
                        "where": "@not(contains(body('Select_Actual_Apps'), item()))"
                      }
                    },
                    "remove_app_from_solution_inventory": {
                      "foreach": "@body('RemoveFromInventory_-_Apps')",
                      "actions": {
                        "Get_App_to_Remove": {
                          "runAfter": {},
                          "metadata": {
                            "operationMetadataId": "8a8ffc2a-1629-4aec-a542-242467286b02"
                          },
                          "type": "OpenApiConnection",
                          "inputs": {
                            "host": {
                              "apiId": "/providers/Microsoft.PowerApps/apis/shared_commondataserviceforapps",
                              "connectionName": "shared_commondataserviceforapps",
                              "operationId": "ListRecords"
                            },
                            "parameters": {
                              "entityName": "admin_apps",
                              "$select": "admin_appid",
                              "$filter": "admin_appidstring  eq @{items('remove_app_from_solution_inventory')?['ObjectID']} and _admin_appenvironment_value eq @{triggerBody()['text']}",
                              "$top": 1
                            },
                            "authentication": "@parameters('$authentication')"
                          }
                        },
                        "If_app_found_to_remove": {
                          "actions": {
                            "Remove_Solution_App": {
                              "runAfter": {},
                              "metadata": {
                                "operationMetadataId": "563e68d0-c3c3-42f3-9ccb-72a2c8eda7d7"
                              },
                              "type": "OpenApiConnection",
                              "inputs": {
                                "host": {
                                  "apiId": "/providers/Microsoft.PowerApps/apis/shared_commondataserviceforapps",
                                  "connectionName": "shared_commondataserviceforapps",
                                  "operationId": "DisassociateEntities"
                                },
                                "parameters": {
                                  "entityName": "admin_solutions",
                                  "recordId": "@items('Apply_to_each_Soln')?['admin_solutionid']",
                                  "associationEntityRelationship": "admin_PPSolution_Apps",
                                  "$id": "@first(outputs('Get_App_To_Remove')?['body/value'])?['@odata.id']"
                                },
                                "authentication": "@parameters('$authentication')"
                              }
                            },
                            "catch_-_already_removed_app": {
                              "runAfter": {
                                "Remove_Solution_App": [
                                  "Failed"
                                ]
                              },
                              "metadata": {
                                "operationMetadataId": "4200582a-e99a-4e38-a621-6830557f2e62"
                              },
                              "type": "Compose",
                              "inputs": "catch - already removed app"
                            }
                          },
                          "runAfter": {
                            "Get_App_to_Remove": [
                              "Succeeded"
                            ]
                          },
                          "expression": {
                            "greater": [
                              "@length(outputs('Get_App_to_Remove')?['body/value'])",
                              0
                            ]
                          },
                          "metadata": {
                            "operationMetadataId": "570e6472-8acc-4397-9566-b997c72f838d"
                          },
                          "type": "If"
                        }
                      },
                      "runAfter": {
                        "RemoveFromInventory_-_Apps": [
                          "Succeeded"
                        ]
                      },
                      "metadata": {
                        "operationMetadataId": "eb7d19b0-8b33-4b11-91e0-bd18cb0ec611"
                      },
                      "type": "Foreach"
                    }
                  },
                  "runAfter": {
                    "Get_Current_Actual_Solution_Objects": [
                      "Succeeded"
                    ]
                  },
                  "metadata": {
                    "operationMetadataId": "dd9fe5c6-b867-41b4-bcc0-5fb0ba1f76c5"
                  },
                  "type": "Scope"
                },
                "Add_new_objects_to_solution_inventory": {
                  "actions": {
                    "AddToInventory_-_Workflows": {
                      "runAfter": {},
                      "metadata": {
                        "operationMetadataId": "1d5d30c7-bdc2-4b69-9655-1ea7afb04a68"
                      },
                      "type": "Query",
                      "inputs": {
                        "from": "@body('Select_Actual_Workflows')",
                        "where": "@not(contains(body('Select_Inventory_Workflows'), item()))"
                      }
                    },
                    "add_flow_to_solution_inventory": {
                      "foreach": "@body('AddToInventory_-_Workflows')",
                      "actions": {
                        "Get_Flow_To_Add": {
                          "runAfter": {},
                          "metadata": {
                            "operationMetadataId": "0e403a69-a7c7-43c5-b047-1840668d8e38"
                          },
                          "type": "OpenApiConnection",
                          "inputs": {
                            "host": {
                              "apiId": "/providers/Microsoft.PowerApps/apis/shared_commondataserviceforapps",
                              "connectionName": "shared_commondataserviceforapps",
                              "operationId": "ListRecords"
                            },
                            "parameters": {
                              "entityName": "admin_flows",
                              "$filter": "admin_workflowentityid eq @{items('add_flow_to_solution_inventory')?['objectid']} and _admin_flowenvironment_value eq @{triggerBody()['text']}",
                              "$top": 1
                            },
                            "authentication": "@parameters('$authentication')"
                          }
                        },
                        "If_flow_found_to_add": {
                          "actions": {
                            "Add_Solution_Flow": {
                              "runAfter": {},
                              "metadata": {
                                "operationMetadataId": "088ff58d-6c23-4624-8e3d-773aa7614973"
                              },
                              "type": "OpenApiConnection",
                              "inputs": {
                                "host": {
                                  "apiId": "/providers/Microsoft.PowerApps/apis/shared_commondataserviceforapps",
                                  "connectionName": "shared_commondataserviceforapps",
                                  "operationId": "AssociateEntities"
                                },
                                "parameters": {
                                  "entityName": "admin_solutions",
                                  "recordId": "@items('Apply_to_each_Soln')?['admin_solutionid']",
                                  "associationEntityRelationship": "admin_PPSolution_Flow",
                                  "item/@odata.id": "@first(outputs('Get_Flow_To_Add')?['body/value'])?['@odata.id']"
                                },
                                "authentication": "@parameters('$authentication')"
                              }
                            },
                            "catch_-_already_added_flow": {
                              "runAfter": {
                                "Add_Solution_Flow": [
                                  "Failed"
                                ]
                              },
                              "metadata": {
                                "operationMetadataId": "55813b6f-cacf-4782-9327-39f9bd8fcbbb"
                              },
                              "type": "Compose",
                              "inputs": "catch - already added flow"
                            }
                          },
                          "runAfter": {
                            "Get_Flow_To_Add": [
                              "Succeeded"
                            ]
                          },
                          "else": {
                            "actions": {
                              "Get_BPF_to_Add": {
                                "runAfter": {},
                                "metadata": {
                                  "operationMetadataId": "95b995c2-4da0-4f80-834d-ff157d7a50db"
                                },
                                "type": "OpenApiConnection",
                                "inputs": {
                                  "host": {
                                    "apiId": "/providers/Microsoft.PowerApps/apis/shared_commondataserviceforapps",
                                    "connectionName": "shared_commondataserviceforapps",
                                    "operationId": "ListRecords"
                                  },
                                  "parameters": {
                                    "entityName": "admin_businessprocessflowses",
                                    "$filter": "admin_name eq @{items('add_flow_to_solution_inventory')?['objectid']} and _admin_businessprocessflowenvironment_value eq @{triggerBody()['text']}",
                                    "$top": 1
                                  },
                                  "authentication": "@parameters('$authentication')"
                                }
                              },
                              "If_BPF_found_to_add": {
                                "actions": {
                                  "Add_Solution_BPF": {
                                    "runAfter": {},
                                    "metadata": {
                                      "operationMetadataId": "ca790e5c-f6da-42cc-90d7-215b9c0103ff"
                                    },
                                    "type": "OpenApiConnection",
                                    "inputs": {
                                      "host": {
                                        "apiId": "/providers/Microsoft.PowerApps/apis/shared_commondataserviceforapps",
                                        "connectionName": "shared_commondataserviceforapps",
                                        "operationId": "AssociateEntities"
                                      },
                                      "parameters": {
                                        "entityName": "admin_solutions",
                                        "recordId": "@items('Apply_to_each_Soln')?['admin_solutionid']",
                                        "associationEntityRelationship": "admin_PPSolution_BPF",
                                        "item/@odata.id": "@first(outputs('Get_BPF_To_Add')?['body/value'])?['@odata.id']"
                                      },
                                      "authentication": "@parameters('$authentication')"
                                    }
                                  },
                                  "catch_-_already_added_bpf": {
                                    "runAfter": {
                                      "Add_Solution_BPF": [
                                        "Failed"
                                      ]
                                    },
                                    "metadata": {
                                      "operationMetadataId": "1b42fda5-1cab-4110-a460-98a9e442c046"
                                    },
                                    "type": "Compose",
                                    "inputs": "catch - already added bpf"
                                  }
                                },
                                "runAfter": {
                                  "Get_BPF_to_Add": [
                                    "Succeeded"
                                  ]
                                },
                                "expression": {
                                  "greater": [
                                    "@length(outputs('Get_BPF_to_Add')?['body/value'])",
                                    0
                                  ]
                                },
                                "metadata": {
                                  "operationMetadataId": "466964a7-f57d-4e55-bb6e-1a3df3ddc1b6"
                                },
                                "type": "If"
                              }
                            }
                          },
                          "expression": {
                            "greater": [
                              "@length(outputs('Get_Flow_To_Add')?['body/value'])",
                              0
                            ]
                          },
                          "metadata": {
                            "operationMetadataId": "48e62b0d-6521-4b26-93b6-f03a95db3f01"
                          },
                          "type": "If"
                        }
                      },
                      "runAfter": {
                        "AddToInventory_-_Workflows": [
                          "Succeeded"
                        ]
                      },
                      "metadata": {
                        "operationMetadataId": "b973b73c-0c0d-48a4-8db1-42b282516d4d"
                      },
                      "type": "Foreach",
                      "runtimeConfiguration": {
                        "concurrency": {
                          "repetitions": 50
                        }
                      }
                    },
                    "AddToInventory_-_Apps": {
                      "runAfter": {
                        "add_flow_to_solution_inventory": [
                          "Succeeded"
                        ]
                      },
                      "metadata": {
                        "operationMetadataId": "19e1163f-0169-45be-99d7-d345b1d3de6e"
                      },
                      "type": "Query",
                      "inputs": {
                        "from": "@body('Select_Actual_Apps')",
                        "where": "@not(contains(body('Select_Inventory_Apps'), item()))"
                      }
                    },
                    "add_app_to_solution_inventory": {
                      "foreach": "@body('AddToInventory_-_Apps')",
                      "actions": {
                        "Get_App_to_Add": {
                          "runAfter": {},
                          "metadata": {
                            "operationMetadataId": "305ef6e9-be41-488a-b78e-abeb832b81c5"
                          },
                          "type": "OpenApiConnection",
                          "inputs": {
                            "host": {
                              "apiId": "/providers/Microsoft.PowerApps/apis/shared_commondataserviceforapps",
                              "connectionName": "shared_commondataserviceforapps",
                              "operationId": "ListRecords"
                            },
                            "parameters": {
                              "entityName": "admin_apps",
                              "$select": "admin_appid",
                              "$filter": "admin_appidstring eq @{items('add_app_to_solution_inventory')?['objectid']} and _admin_appenvironment_value eq @{triggerBody()['text']}",
                              "$top": 1
                            },
                            "authentication": "@parameters('$authentication')"
                          }
                        },
                        "If_app_found_to_add_": {
                          "actions": {
                            "Add_Solution_App": {
                              "runAfter": {},
                              "metadata": {
                                "operationMetadataId": "73c74ac9-770a-49e9-8444-4697fc875d77"
                              },
                              "type": "OpenApiConnection",
                              "inputs": {
                                "host": {
                                  "apiId": "/providers/Microsoft.PowerApps/apis/shared_commondataserviceforapps",
                                  "connectionName": "shared_commondataserviceforapps",
                                  "operationId": "AssociateEntities"
                                },
                                "parameters": {
                                  "entityName": "admin_solutions",
                                  "recordId": "@items('Apply_to_each_Soln')?['admin_solutionid']",
                                  "associationEntityRelationship": "admin_PPSolution_Apps",
                                  "item/@odata.id": "@first(outputs('Get_App_To_Add')?['body/value'])?['@odata.id']"
                                },
                                "authentication": "@parameters('$authentication')"
                              }
                            },
                            "catch_-_already_added_app": {
                              "runAfter": {
                                "Add_Solution_App": [
                                  "Failed"
                                ]
                              },
                              "metadata": {
                                "operationMetadataId": "eefd56bf-de0c-4041-92ad-c5398b5bdf4d"
                              },
                              "type": "Compose",
                              "inputs": "catch - already added app"
                            }
                          },
                          "runAfter": {
                            "Get_App_to_Add": [
                              "Succeeded"
                            ]
                          },
                          "expression": {
                            "greater": [
                              "@length(outputs('Get_App_to_Add')?['body/value'])",
                              0
                            ]
                          },
                          "metadata": {
                            "operationMetadataId": "28551ded-f5a0-4df2-a136-c7c193bf992d"
                          },
                          "type": "If"
                        }
                      },
                      "runAfter": {
                        "AddToInventory_-_Apps": [
                          "Succeeded"
                        ]
                      },
                      "metadata": {
                        "operationMetadataId": "97e14ee9-ebd2-4ad9-8de1-f7459354a57c"
                      },
                      "type": "Foreach"
                    }
                  },
                  "runAfter": {
                    "Remove_objects_no_longer_in_solution_inventory": [
                      "Succeeded"
                    ]
                  },
                  "metadata": {
                    "operationMetadataId": "fe004022-59f2-4727-9168-97e089e87cc8"
                  },
                  "type": "Scope"
                }
              },
              "runAfter": {
                "Get_this_Environments_Solutions_from_Inventory": [
                  "Succeeded"
                ]
              },
              "metadata": {
                "operationMetadataId": "71d10e4a-0f17-4bd0-b32c-8bc995c65e53"
              },
              "type": "Foreach",
              "runtimeConfiguration": {
                "concurrency": {
                  "repetitions": 50
                }
              }
            }
          },
          "runAfter": {},
          "metadata": {
            "operationMetadataId": "1abd8810-3b90-46e7-b61a-e8f327112911"
          },
          "type": "Scope"
        }
      }
    },
    "templateName": null
  },
  "schemaVersion": "1.0.0.0"
}