{
  "properties": {
    "connectionReferences": {
      "shared_commondataserviceforapps": {
        "runtimeSource": "embedded",
        "connection": {
          "connectionReferenceLogicalName": "admin_CoECoreDataverse2"
        },
        "api": {
          "name": "shared_commondataserviceforapps"
        }
      }
    },
    "definition": {
      "$schema": "https://schema.management.azure.com/providers/Microsoft.Logic/schemas/2016-06-01/workflowdefinition.json#",
      "contentVersion": "1.0.0.0",
      "parameters": {
        "$connections": {
          "defaultValue": {},
          "type": "Object"
        },
        "$authentication": {
          "defaultValue": {},
          "type": "SecureObject"
        },
        "Power Automate Environment Variable (admin_PowerAutomateEnvironmentVariable)": {
          "defaultValue": "https://flow.microsoft.com/manage/environments/",
          "type": "String",
          "metadata": {
            "schemaName": "admin_PowerAutomateEnvironmentVariable",
            "description": "Inventory - REQUIRED. Environment, including geographic location, for Power Automate - Ex for commercial: https://flow.microsoft.com/manage/environments/"
          }
        }
      },
      "triggers": {
        "Every_Month": {
          "recurrence": {
            "frequency": "Month",
            "interval": 1,
            "timeZone": "UTC",
            "startTime": "2022-11-01T18:00:00Z"
          },
          "metadata": {
            "operationMetadataId": "02143152-f4f9-4625-a072-277cbcf4479e"
          },
          "type": "Recurrence"
        }
      },
      "actions": {
        "Update_Environment_Add-Ons": {
          "actions": {
            "List_environments_with_PVA_bots": {
              "runAfter": {},
              "metadata": {
                "operationMetadataId": "98251c60-bc9a-484b-8715-90ad4bb6f53f"
              },
              "type": "OpenApiConnection",
              "inputs": {
                "host": {
                  "connectionName": "shared_commondataserviceforapps",
                  "operationId": "ListRecords",
                  "apiId": "/providers/Microsoft.PowerApps/apis/shared_commondataserviceforapps"
                },
                "parameters": {
                  "entityName": "admin_environments",
                  "fetchXml": "<fetch version=\"1.0\" output-format=\"xml-platform\" mapping=\"logical\" distinct=\"true\">\n  <entity name=\"admin_environment\">\n    <attribute name=\"admin_environmentid\" />\n    <order attribute=\"admin_displayname\" descending=\"false\" />\n    <filter type=\"and\">\n      <condition attribute=\"statecode\" operator=\"eq\" value=\"0\" />\n    </filter>\n    <link-entity name=\"admin_pva\" from=\"admin_pvaenvironment\" to=\"admin_environmentid\" link-type=\"inner\" alias=\"bot\">\n      <filter type=\"and\">\n        <condition attribute=\"statecode\" operator=\"eq\" value=\"0\" />\n      </filter>\n    </link-entity>\n  </entity>\n</fetch>"
                },
                "authentication": "@parameters('$authentication')"
              }
            },
            "Apply_to_each_environment": {
              "foreach": "@outputs('List_environments_with_PVA_bots')?['body/value']",
              "actions": {
                "Sum_PVA_bot_usage_for_previous_month_per_environment": {
                  "runAfter": {},
                  "metadata": {
                    "operationMetadataId": "d8619131-f25f-4df2-b1de-97c2877137e0"
                  },
                  "type": "OpenApiConnection",
                  "inputs": {
                    "host": {
                      "connectionName": "shared_commondataserviceforapps",
                      "operationId": "ListRecords",
                      "apiId": "/providers/Microsoft.PowerApps/apis/shared_commondataserviceforapps"
                    },
                    "parameters": {
                      "entityName": "admin_pvabotusages",
                      "fetchXml": " <fetch distinct='false' mapping='logical' aggregate='true'> \n    <entity name=\"admin_pvabotusage\">\n        <attribute name='admin_conversations' alias='conversations_sum' aggregate='sum' /> \n      <filter type=\"and\">\n        <condition attribute=\"statecode\" operator=\"eq\" value=\"0\" />\n        <condition attribute=\"admin_date\" operator=\"last-month\" />\n      </filter>\n      <link-entity name=\"admin_pva\" from=\"admin_pvaid\" to=\"admin_pvabot\" link-type=\"inner\" alias=\"bot\">\n        <filter type=\"and\">\n          <condition attribute=\"admin_pvaenvironment\" operator=\"eq\" value=\"@{items('Apply_to_each_environment')?['admin_environmentid']}\" />\n        </filter>\n      </link-entity>\n    </entity>\n  </fetch>"
                    },
                    "authentication": "@parameters('$authentication')"
                  }
                },
                "Parse_JSON_for_returned_PVA_bot_usage_sums": {
                  "runAfter": {
                    "Sum_PVA_bot_usage_for_previous_month_per_environment": [
                      "Succeeded"
                    ]
                  },
                  "metadata": {
                    "operationMetadataId": "69ed11e4-a99d-4582-be35-4c9d2d71c030"
                  },
                  "type": "ParseJson",
                  "inputs": {
                    "content": "@body('Sum_PVA_bot_usage_for_previous_month_per_environment')",
                    "schema": {
                      "type": "object",
                      "properties": {
                        "@@odata.context": {
                          "type": "string"
                        },
                        "value": {
                          "type": "array",
                          "items": {
                            "type": "object",
                            "properties": {
                              "conversations_sum": {
                                "type": "integer"
                              }
                            },
                            "required": [
                              "conversations_sum"
                            ]
                          }
                        }
                      }
                    }
                  }
                },
                "List_PVA_Environment_Add-Ons": {
                  "runAfter": {
                    "Parse_JSON_for_returned_PVA_bot_usage_sums": [
                      "Succeeded"
                    ]
                  },
                  "metadata": {
                    "operationMetadataId": "c7d3f051-9b27-43ed-acd5-5d38c0fcbb84"
                  },
                  "type": "OpenApiConnection",
                  "inputs": {
                    "host": {
                      "connectionName": "shared_commondataserviceforapps",
                      "operationId": "ListRecords",
                      "apiId": "/providers/Microsoft.PowerApps/apis/shared_commondataserviceforapps"
                    },
                    "parameters": {
                      "entityName": "admin_environmentaddonses",
                      "$select": "admin_environmentaddonsid",
                      "$filter": "admin_addontype eq 'PVA' and statecode eq 0 and _admin_environment_value eq '@{items('Apply_to_each_environment')?['admin_environmentid']}'"
                    },
                    "authentication": "@parameters('$authentication')"
                  }
                },
                "Check_if_PVA_Environment_Add-On_record_already_exists": {
                  "actions": {
                    "Update_Environment_Add-On": {
                      "runAfter": {},
                      "metadata": {
                        "operationMetadataId": "45a59840-99bf-4a2a-a7a8-e28970073b25"
                      },
                      "type": "OpenApiConnection",
                      "inputs": {
                        "host": {
                          "connectionName": "shared_commondataserviceforapps",
                          "operationId": "UpdateRecord",
                          "apiId": "/providers/Microsoft.PowerApps/apis/shared_commondataserviceforapps"
                        },
                        "parameters": {
                          "entityName": "admin_environmentaddonses",
                          "recordId": "@first(outputs('List_PVA_Environment_Add-Ons')?['body/value'])?['admin_environmentaddonsid']",
                          "item/admin_consumedlastmonth": "@first(body('Parse_JSON_for_returned_PVA_bot_usage_sums')?['value'])?['conversations_sum']",
                          "item/admin_addontype": "PVA",
                          "item/admin_Environment@odata.bind": "admin_environments(@{items('Apply_to_each_environment')?['admin_environmentid']})",
                          "item/admin_unit": "Conversations"
                        },
                        "authentication": "@parameters('$authentication')"
                      }
                    }
                  },
                  "runAfter": {
                    "List_PVA_Environment_Add-Ons": [
                      "Succeeded"
                    ]
                  },
                  "else": {
                    "actions": {
                      "Add_Environment_Add-On": {
                        "runAfter": {},
                        "metadata": {
                          "operationMetadataId": "f8c49fde-af07-4ba4-b60c-0a9bd2723cfc"
                        },
                        "type": "OpenApiConnection",
                        "inputs": {
                          "host": {
                            "connectionName": "shared_commondataserviceforapps",
                            "operationId": "CreateRecord",
                            "apiId": "/providers/Microsoft.PowerApps/apis/shared_commondataserviceforapps"
                          },
                          "parameters": {
                            "entityName": "admin_environmentaddonses",
                            "item/admin_addontype": "PVA",
                            "item/admin_Environment@odata.bind": "admin_environments(@{items('Apply_to_each_environment')?['admin_environmentid']})",
                            "item/admin_consumedlastmonth": "@first(body('Parse_JSON_for_returned_PVA_bot_usage_sums')?['value'])?['conversations_sum']",
                            "item/admin_unit": "Conversations"
                          },
                          "authentication": "@parameters('$authentication')"
                        }
                      }
                    }
                  },
                  "expression": {
                    "equals": [
                      "@empty(outputs('List_PVA_Environment_Add-Ons')?['body/value'])",
                      false
                    ]
                  },
                  "metadata": {
                    "operationMetadataId": "9198f095-afc8-4f7d-9ab0-546ad16fc8bc"
                  },
                  "type": "If"
                }
              },
              "runAfter": {
                "List_environments_with_PVA_bots": [
                  "Succeeded"
                ]
              },
              "metadata": {
                "operationMetadataId": "508ecb42-6e14-45eb-8473-be9ced123346"
              },
              "type": "Foreach"
            }
          },
          "runAfter": {},
          "metadata": {
            "operationMetadataId": "45a59840-99bf-4a2a-a7a8-e28970073b25"
          },
          "type": "Scope"
        },
        "Update_PVA_Bots": {
          "actions": {
            "List_PVA_Bots": {
              "runAfter": {},
              "metadata": {
                "operationMetadataId": "eb3cf956-7f6e-40d5-8550-af2981199e90"
              },
              "type": "OpenApiConnection",
              "inputs": {
                "host": {
                  "connectionName": "shared_commondataserviceforapps",
                  "operationId": "ListRecords",
                  "apiId": "/providers/Microsoft.PowerApps/apis/shared_commondataserviceforapps"
                },
                "parameters": {
                  "entityName": "admin_pvas",
                  "$select": "admin_pvaid",
                  "$filter": "statecode eq 0"
                },
                "authentication": "@parameters('$authentication')"
              }
            },
            "Apply_to_each_PVA_Bot": {
              "foreach": "@outputs('List_PVA_Bots')?['body/value']",
              "actions": {
                "Sum_PVA_bot_usage_for_previous_month_per_bot": {
                  "runAfter": {},
                  "metadata": {
                    "operationMetadataId": "d8619131-f25f-4df2-b1de-97c2877137e0"
                  },
                  "type": "OpenApiConnection",
                  "inputs": {
                    "host": {
                      "connectionName": "shared_commondataserviceforapps",
                      "operationId": "ListRecords",
                      "apiId": "/providers/Microsoft.PowerApps/apis/shared_commondataserviceforapps"
                    },
                    "parameters": {
                      "entityName": "admin_pvabotusages",
                      "fetchXml": "  <fetch distinct='false' mapping='logical' aggregate='true'> \n    <entity name=\"admin_pvabotusage\">\n        <attribute name='admin_conversations' alias='conversations_sum' aggregate='sum' /> \n      <filter type=\"and\">\n        <condition attribute=\"statecode\" operator=\"eq\" value=\"0\" />\n        <condition attribute=\"admin_date\" operator=\"last-month\" />\n        <condition attribute=\"admin_pvabot\" operator=\"eq\" value=\"@{items('Apply_to_each_PVA_Bot')?['admin_pvaid']}\" />\n      </filter>\n    </entity>\n  </fetch>"
                    },
                    "authentication": "@parameters('$authentication')"
                  }
                },
                "Parse_JSON_for_returned_PVA_bot_usage_sums_for_the_bot": {
                  "runAfter": {
                    "Sum_PVA_bot_usage_for_previous_month_per_bot": [
                      "Succeeded"
                    ]
                  },
                  "metadata": {
                    "operationMetadataId": "69ed11e4-a99d-4582-be35-4c9d2d71c030"
                  },
                  "type": "ParseJson",
                  "inputs": {
                    "content": "@body('Sum_PVA_bot_usage_for_previous_month_per_bot')",
                    "schema": {
                      "type": "object",
                      "properties": {
                        "@@odata.context": {
                          "type": "string"
                        },
                        "value": {
                          "type": "array",
                          "items": {
                            "type": "object",
                            "properties": {
                              "conversations_sum": {
                                "type": "integer"
                              }
                            },
                            "required": [
                              "conversations_sum"
                            ]
                          }
                        }
                      }
                    }
                  }
                },
                "Update_a_row": {
                  "runAfter": {
                    "Parse_JSON_for_returned_PVA_bot_usage_sums_for_the_bot": [
                      "Succeeded"
                    ]
                  },
                  "metadata": {
                    "operationMetadataId": "71613b66-9e67-4481-ab1f-8dd0bc6ee634"
                  },
                  "type": "OpenApiConnection",
                  "inputs": {
                    "host": {
                      "connectionName": "shared_commondataserviceforapps",
                      "operationId": "UpdateRecord",
                      "apiId": "/providers/Microsoft.PowerApps/apis/shared_commondataserviceforapps"
                    },
                    "parameters": {
                      "entityName": "admin_pvas",
                      "recordId": "@items('Apply_to_each_PVA_Bot')?['admin_pvaid']",
                      "item/admin_pvanumberlaunches": "@first(body('Parse_JSON_for_returned_PVA_bot_usage_sums_for_the_bot')?['value'])?['conversations_sum']"
                    },
                    "authentication": "@parameters('$authentication')"
                  }
                }
              },
              "runAfter": {
                "List_PVA_Bots": [
                  "Succeeded"
                ]
              },
              "metadata": {
                "operationMetadataId": "f99e8273-6c67-44cf-a77f-45abbb85ed88"
              },
              "type": "Foreach"
            }
          },
          "runAfter": {
            "Update_Environment_Add-Ons": [
              "Succeeded"
            ]
          },
          "metadata": {
            "operationMetadataId": "30831c61-f678-449d-acca-ef994a5abd44"
          },
          "type": "Scope"
        },
        "Error_Handling": {
          "actions": {
            "Create_a_new_record_-_Sync_Flow_Errors": {
              "runAfter": {},
              "metadata": {
                "operationMetadataId": "87961ff0-e261-4890-9ab9-a53f88fe0de5"
              },
              "type": "OpenApiConnection",
              "inputs": {
                "host": {
                  "connectionName": "shared_commondataserviceforapps",
                  "operationId": "CreateRecord",
                  "apiId": "/providers/Microsoft.PowerApps/apis/shared_commondataserviceforapps"
                },
                "parameters": {
                  "entityName": "admin_syncflowerrorses",
                  "item/admin_name": "@workflow()?['tags']['flowDisplayName']",
                  "item/admin_flowinstanceurl": "@concat(parameters('Power Automate Environment Variable (admin_PowerAutomateEnvironmentVariable)'), workflow()?['tags']['environmentName'], '/flows/', workflow()?['name'], '/runs/', workflow()?['run']['name'])"
                },
                "authentication": "@parameters('$authentication')",
                "retryPolicy": {
                  "type": "exponential",
                  "count": 10,
                  "interval": "PT10S"
                }
              }
            },
            "Terminate": {
              "runAfter": {
                "Update_Last_Run_Fail": [
                  "Succeeded"
                ]
              },
              "metadata": {
                "operationMetadataId": "9e5a2a18-dba2-47a1-96d5-3356f4348e5a"
              },
              "type": "Terminate",
              "inputs": {
                "runStatus": "Failed",
                "runError": {
                  "code": "500",
                  "message": "Get Environments Failed"
                }
              }
            },
            "Get_ID_Fail": {
              "runAfter": {
                "Create_a_new_record_-_Sync_Flow_Errors": [
                  "Succeeded"
                ]
              },
              "metadata": {
                "operationMetadataId": "47329bf2-8aac-400d-9778-a793b4f1180f"
              },
              "type": "OpenApiConnection",
              "inputs": {
                "host": {
                  "connectionName": "shared_commondataserviceforapps",
                  "operationId": "ListRecords",
                  "apiId": "/providers/Microsoft.PowerApps/apis/shared_commondataserviceforapps"
                },
                "parameters": {
                  "entityName": "admin_coesolutionmetadatas",
                  "$select": "admin_coesolutionmetadataid",
                  "$filter": "admin_objectname eq '@{workflow()?['tags']['flowDisplayName']}'",
                  "$top": 1
                },
                "authentication": "@parameters('$authentication')"
              }
            },
            "Update_Last_Run_Fail": {
              "runAfter": {
                "Get_ID_Fail": [
                  "Succeeded"
                ]
              },
              "metadata": {
                "operationMetadataId": "c63eb7cc-6101-4567-b520-a4a8881264e9"
              },
              "type": "OpenApiConnection",
              "inputs": {
                "host": {
                  "connectionName": "shared_commondataserviceforapps",
                  "operationId": "UpdateRecord",
                  "apiId": "/providers/Microsoft.PowerApps/apis/shared_commondataserviceforapps"
                },
                "parameters": {
                  "entityName": "admin_coesolutionmetadatas",
                  "recordId": "@first(outputs('Get_ID_Fail')?['body/value'])?['admin_coesolutionmetadataid']",
                  "item/admin_lastrun": "@utcNow()",
                  "item/admin_lastrunpassed": false
                },
                "authentication": "@parameters('$authentication')"
              }
            }
          },
          "runAfter": {
            "Update_PVA_Bots": [
              "Failed"
            ]
          },
          "metadata": {
            "operationMetadataId": "38ae684e-622d-42ea-abd2-ee571aee3a5f"
          },
          "type": "Scope"
        },
        "Update_last_run_as_pass": {
          "actions": {
            "Update_Last_Run_Successful": {
              "runAfter": {
                "Get_ID_Pass": [
                  "Succeeded"
                ]
              },
              "metadata": {
                "operationMetadataId": "78ef70e5-7f67-4737-9a02-8533f12caa19"
              },
              "type": "OpenApiConnection",
              "inputs": {
                "host": {
                  "connectionName": "shared_commondataserviceforapps",
                  "operationId": "UpdateRecord",
                  "apiId": "/providers/Microsoft.PowerApps/apis/shared_commondataserviceforapps"
                },
                "parameters": {
                  "entityName": "admin_coesolutionmetadatas",
                  "recordId": "@first(outputs('Get_ID_Pass')?['body/value'])?['admin_coesolutionmetadataid']",
                  "item/admin_lastrun": "@utcNow()",
                  "item/admin_lastrunpassed": true
                },
                "authentication": "@parameters('$authentication')"
              }
            },
            "Get_ID_Pass": {
              "runAfter": {},
              "metadata": {
                "operationMetadataId": "f4f314b6-89d3-4056-af1c-73115e7d6bd1"
              },
              "type": "OpenApiConnection",
              "inputs": {
                "host": {
                  "connectionName": "shared_commondataserviceforapps",
                  "operationId": "ListRecords",
                  "apiId": "/providers/Microsoft.PowerApps/apis/shared_commondataserviceforapps"
                },
                "parameters": {
                  "entityName": "admin_coesolutionmetadatas",
                  "$select": "admin_coesolutionmetadataid",
                  "$filter": "admin_objectname eq '@{workflow()?['tags']['flowDisplayName']}'",
                  "$top": 1
                },
                "authentication": "@parameters('$authentication')"
              }
            },
            "Catch_-_not_ready_to_take_last_run_date": {
              "runAfter": {
                "Update_Last_Run_Successful": [
                  "Failed"
                ]
              },
              "metadata": {
                "operationMetadataId": "f88cdefe-c402-49d7-8f4a-934475e6f741"
              },
              "type": "Compose",
              "inputs": "Catch - not ready to take last run date"
            }
          },
          "runAfter": {
            "Error_Handling": [
              "Skipped"
            ]
          },
          "metadata": {
            "operationMetadataId": "5c140442-d939-4ca4-8ec8-d1ee2bed4a81"
          },
          "type": "Scope"
        }
      }
    },
    "templateName": ""
  },
  "schemaVersion": "1.0.0.0"
}