{
  "properties": {
    "connectionReferences": {
      "shared_powerplatformforadmins": {
        "runtimeSource": "embedded",
        "connection": {
          "connectionReferenceLogicalName": "admin_CoECorePowerPlatformforAdmins"
        },
        "api": {
          "name": "shared_powerplatformforadmins"
        }
      },
      "shared_commondataserviceforapps": {
        "impersonation": {},
        "runtimeSource": "embedded",
        "connection": {
          "connectionReferenceLogicalName": "admin_CoECoreDataverse"
        },
        "api": {
          "name": "shared_commondataserviceforapps"
        }
      },
      "shared_commondataserviceforapps_3": {
        "impersonation": {},
        "runtimeSource": "embedded",
        "connection": {
          "connectionReferenceLogicalName": "admin_CoECoreDataverse"
        },
        "api": {
          "name": "shared_commondataserviceforapps"
        }
      }
    },
    "definition": {
      "$schema": "https://schema.management.azure.com/providers/Microsoft.Logic/schemas/2016-06-01/workflowdefinition.json#",
      "contentVersion": "1.0.0.0",
      "parameters": {
        "$connections": {
          "defaultValue": {},
          "type": "Object"
        },
        "$authentication": {
          "defaultValue": {},
          "type": "SecureObject"
        },
        "Power Automate Environment Variable (admin_PowerAutomateEnvironmentVariable)": {
          "defaultValue": "https://flow.microsoft.com/manage/environments/",
          "type": "String",
          "metadata": {
            "schemaName": "admin_PowerAutomateEnvironmentVariable",
            "description": "Inventory - REQUIRED. Environment, including geographic location, for Power Automate - Ex for commercial: https://flow.microsoft.com/manage/environments/"
          }
        }
      },
      "triggers": {
        "manual": {
          "metadata": {
            "operationMetadataId": "4db16364-2523-425e-844c-19933c426c18"
          },
          "type": "Request",
          "kind": "Button",
          "inputs": {
            "schema": {
              "type": "object",
              "properties": {
                "text": {
                  "title": "EnvtID",
                  "type": "string",
                  "x-ms-dynamically-added": true,
                  "description": "Please enter your input",
                  "x-ms-content-hint": "TEXT"
                },
                "text_1": {
                  "title": "EnvtName",
                  "type": "string",
                  "x-ms-dynamically-added": true,
                  "description": "Please enter your input",
                  "x-ms-content-hint": "TEXT"
                }
              },
              "required": [
                "text",
                "text_1"
              ]
            }
          }
        }
      },
      "actions": {
        "Check_Deleted_Scope": {
          "actions": {
            "Get_Environment_as_Admin": {
              "runAfter": {},
              "metadata": {
                "operationMetadataId": "43975f51-d8e5-4d7d-9648-0f5c8c032525"
              },
              "type": "OpenApiConnection",
              "inputs": {
                "host": {
                  "apiId": "/providers/Microsoft.PowerApps/apis/shared_powerplatformforadmins",
                  "connectionName": "shared_powerplatformforadmins",
                  "operationId": "GetSingleEnvironment"
                },
                "parameters": {
                  "environment": "@triggerBody()['text_1']",
                  "api-version": "2018-10-01"
                },
                "authentication": "@parameters('$authentication')"
              }
            },
            "Terminate_-_envt_deleted": {
              "actions": {
                "Respond_to_a_PowerApp_or_pass_with_early_terminate": {
                  "runAfter": {},
                  "metadata": {
                    "operationMetadataId": "424fd3e2-73ed-4a51-871d-cf27c0aeb7df"
                  },
                  "type": "Response",
                  "kind": "PowerApp",
                  "inputs": {
                    "statusCode": 200,
                    "body": {
                      "thereturnvalue": "pass"
                    },
                    "schema": {
                      "type": "object",
                      "properties": {
                        "thereturnvalue": {
                          "title": "theReturnValue",
                          "x-ms-dynamically-added": true,
                          "type": "string"
                        }
                      }
                    }
                  }
                },
                "Terminate_for_environments_recently_deleted": {
                  "runAfter": {
                    "Respond_to_a_PowerApp_or_pass_with_early_terminate": [
                      "Succeeded"
                    ]
                  },
                  "metadata": {
                    "operationMetadataId": "c96f244b-3c1d-43b6-b930-9df94f180269"
                  },
                  "type": "Terminate",
                  "inputs": {
                    "runStatus": "Succeeded"
                  }
                }
              },
              "runAfter": {
                "Get_Environment_as_Admin": [
                  "Failed"
                ]
              },
              "metadata": {
                "operationMetadataId": "7c9310de-6e8d-43e2-8655-09c88a32e68b"
              },
              "type": "Scope"
            },
            "Run_Check_Deleted_Scope": {
              "actions": {
                "Get_Envt_Information": {
                  "actions": {
                    "Get_Envt_from_CoE_inventory": {
                      "runAfter": {},
                      "metadata": {
                        "operationMetadataId": "66a9b415-a575-4d8c-a3c5-7a8c57e04fc2"
                      },
                      "type": "OpenApiConnection",
                      "inputs": {
                        "host": {
                          "apiId": "/providers/Microsoft.PowerApps/apis/shared_commondataserviceforapps",
                          "connectionName": "shared_commondataserviceforapps",
                          "operationId": "GetItem"
                        },
                        "parameters": {
                          "entityName": "admin_environments",
                          "recordId": "@triggerBody()['text']",
                          "$select": "admin_environmentcdsinstanceurl, admin_displayname, admin_excusefrominventory, admin_environmentdeleted, admin_hascds"
                        },
                        "retryPolicy": {
                          "type": "exponential",
                          "count": 10,
                          "interval": "PT10S"
                        },
                        "authentication": "@parameters('$authentication')"
                      }
                    },
                    "EnvtURL": {
                      "runAfter": {
                        "Get_Envt_from_CoE_inventory": [
                          "Succeeded"
                        ]
                      },
                      "metadata": {
                        "operationMetadataId": "56873fc8-d3c0-4aa6-a839-9cc96da0fb5c"
                      },
                      "type": "Compose",
                      "inputs": "@outputs('Get_Envt_from_CoE_inventory')?['body/admin_environmentcdsinstanceurl']"
                    },
                    "EnvtDisplayName": {
                      "runAfter": {
                        "EnvtURL": [
                          "Succeeded"
                        ]
                      },
                      "metadata": {
                        "operationMetadataId": "b6bd4b7f-1b19-483b-9178-cc562c256a09"
                      },
                      "type": "Compose",
                      "inputs": "@outputs('Get_Envt_from_CoE_inventory')?['body/admin_displayname']"
                    },
                    "Exit_if_unsupported": {
                      "actions": {
                        "Respond_to_a_PowerApp_or_flow_-_early_termination": {
                          "runAfter": {},
                          "metadata": {
                            "operationMetadataId": "424fd3e2-73ed-4a51-871d-cf27c0aeb7df"
                          },
                          "type": "Response",
                          "kind": "PowerApp",
                          "inputs": {
                            "statusCode": 200,
                            "body": {
                              "thereturnvalue": "pass"
                            },
                            "schema": {
                              "type": "object",
                              "properties": {
                                "thereturnvalue": {
                                  "title": "theReturnValue",
                                  "x-ms-dynamically-added": true,
                                  "type": "string"
                                }
                              }
                            }
                          }
                        },
                        "Terminate_early": {
                          "runAfter": {
                            "Respond_to_a_PowerApp_or_flow_-_early_termination": [
                              "Succeeded"
                            ]
                          },
                          "metadata": {
                            "operationMetadataId": "c48a617e-546b-4f9c-a434-b71eff1fbe60"
                          },
                          "type": "Terminate",
                          "inputs": {
                            "runStatus": "Succeeded"
                          }
                        }
                      },
                      "runAfter": {
                        "EnvtDisplayName": [
                          "Succeeded"
                        ]
                      },
                      "expression": {
                        "or": [
                          {
                            "equals": [
                              "@outputs('Get_Envt_from_CoE_inventory')?['body/admin_excusefrominventory']",
                              "@true"
                            ]
                          },
                          {
                            "equals": [
                              "@outputs('Get_Envt_from_CoE_inventory')?['body/admin_environmentdeleted']",
                              "@true"
                            ]
                          },
                          {
                            "equals": [
                              "@outputs('Get_Envt_from_CoE_inventory')?['body/admin_hascds']",
                              "@false"
                            ]
                          }
                        ]
                      },
                      "metadata": {
                        "operationMetadataId": "29b8b6b3-b344-4dc4-9d08-16e94e605b48"
                      },
                      "type": "If"
                    }
                  },
                  "runAfter": {},
                  "metadata": {
                    "operationMetadataId": "326a5697-e2fd-4c96-b266-d5442c1963a1"
                  },
                  "type": "Scope"
                },
                "Get_Basics": {
                  "actions": {
                    "Get_Solutions_and_Exit_if_no_permissions": {
                      "actions": {
                        "List_Envt_Solutions": {
                          "runAfter": {},
                          "metadata": {
                            "operationMetadataId": "6ef2cc8a-c705-4ed3-a72a-c92fe9bc39f4"
                          },
                          "type": "OpenApiConnection",
                          "inputs": {
                            "host": {
                              "apiId": "/providers/Microsoft.PowerApps/apis/shared_commondataserviceforapps",
                              "connectionName": "shared_commondataserviceforapps",
                              "operationId": "ListRecordsWithOrganization"
                            },
                            "parameters": {
                              "organization": "@outputs('EnvtURL')",
                              "entityName": "solutions",
                              "$select": "solutionid, uniquename",
                              "$filter": "createdby/fullname ne 'SYSTEM' and publisherid/uniquename ne 'Microsoft'   and publisherid/uniquename ne 'MicrosoftCorporation' and publisherid/uniquename ne 'adxstudio' and publisherid/uniquename ne 'microsoftdynamicslabs'  and publisherid/uniquename ne 'microsoftdynamicscrmsdksamples'  and publisherid/uniquename ne 'MicrosoftDynamicsAILabs'  and publisherid/uniquename ne 'microsoftdynamics365'  and publisherid/uniquename ne 'microsoftdynamics'  and publisherid/uniquename ne 'microsoftfirstparty' and publisherid/uniquename ne 'dynamics365customerengagement'",
                              "$expand": "createdby($select=fullname), publisherid($select=uniquename)"
                            },
                            "retryPolicy": {
                              "type": "exponential",
                              "count": 20,
                              "interval": "PT20S"
                            },
                            "authentication": "@parameters('$authentication')"
                          },
                          "runtimeConfiguration": {
                            "paginationPolicy": {
                              "minimumItemCount": 100000
                            }
                          }
                        },
                        "Terminate_-_no_access": {
                          "actions": {
                            "Respond_to_a_PowerApp_for_fail_for_no_access": {
                              "runAfter": {},
                              "metadata": {
                                "operationMetadataId": "424fd3e2-73ed-4a51-871d-cf27c0aeb7df"
                              },
                              "type": "Response",
                              "kind": "PowerApp",
                              "inputs": {
                                "statusCode": 200,
                                "body": {
                                  "thereturnvalue": "fail"
                                },
                                "schema": {
                                  "type": "object",
                                  "properties": {
                                    "thereturnvalue": {
                                      "title": "theReturnValue",
                                      "x-ms-dynamically-added": true,
                                      "type": "string"
                                    }
                                  }
                                }
                              }
                            },
                            "Terminate_for_no_access": {
                              "runAfter": {
                                "Respond_to_a_PowerApp_for_fail_for_no_access": [
                                  "Succeeded"
                                ]
                              },
                              "metadata": {
                                "operationMetadataId": "c96f244b-3c1d-43b6-b930-9df94f180269"
                              },
                              "type": "Terminate",
                              "inputs": {
                                "runStatus": "Failed",
                                "runError": {
                                  "code": "404",
                                  "message": "No access to envt table"
                                }
                              }
                            }
                          },
                          "runAfter": {
                            "List_Envt_Solutions": [
                              "Failed"
                            ]
                          },
                          "metadata": {
                            "operationMetadataId": "2f9b73ed-bcc7-4485-b2fd-afdef20fd61f"
                          },
                          "type": "Scope"
                        }
                      },
                      "runAfter": {},
                      "metadata": {
                        "operationMetadataId": "3e11da85-65c2-4bec-a9d3-76ca594e26b2"
                      },
                      "type": "Scope"
                    },
                    "List_Inventory_Solutions": {
                      "runAfter": {
                        "Get_Solutions_and_Exit_if_no_permissions": [
                          "Succeeded"
                        ]
                      },
                      "metadata": {
                        "operationMetadataId": "90eb78c4-2fb8-4e37-af13-0da2fd53c059"
                      },
                      "type": "OpenApiConnection",
                      "inputs": {
                        "host": {
                          "apiId": "/providers/Microsoft.PowerApps/apis/shared_commondataserviceforapps",
                          "connectionName": "shared_commondataserviceforapps",
                          "operationId": "ListRecords"
                        },
                        "parameters": {
                          "entityName": "admin_solutions",
                          "$select": "admin_solutionenvtobjectguidstring, admin_solutionenvtguid, admin_solutionid, admin_name",
                          "$filter": "_admin_solutionenvironment_value eq '@{triggerBody()['text']}' and admin_solutiondeleted ne true"
                        },
                        "retryPolicy": {
                          "type": "exponential",
                          "count": 20,
                          "interval": "PT20S"
                        },
                        "authentication": "@parameters('$authentication')"
                      },
                      "runtimeConfiguration": {
                        "paginationPolicy": {
                          "minimumItemCount": 100000
                        }
                      }
                    }
                  },
                  "runAfter": {
                    "Get_Envt_Information": [
                      "Succeeded"
                    ]
                  },
                  "metadata": {
                    "operationMetadataId": "fc4c044b-9fa2-4a12-9c06-30d69d16e484"
                  },
                  "type": "Scope"
                },
                "Deleted_Solutions": {
                  "actions": {
                    "Get_Inventory_-_Deleted_Solutions": {
                      "actions": {
                        "Select_Inventory_-_Deleted_Solutions": {
                          "runAfter": {},
                          "metadata": {
                            "operationMetadataId": "d9864193-358e-4194-9acd-28dab1de4882"
                          },
                          "type": "Select",
                          "inputs": {
                            "from": "@outputs('List_Inventory_Solutions')?['body/value']",
                            "select": {
                              "Soln_Unique": "@item()?['admin_solutionenvtobjectguidstring']",
                              "Soln_NonUnique": "@item()?['admin_solutionenvtguid']"
                            }
                          }
                        },
                        "Parse_Inventory_-_Deleted_Solutions": {
                          "runAfter": {
                            "Select_Inventory_-_Deleted_Solutions": [
                              "Succeeded"
                            ]
                          },
                          "metadata": {
                            "operationMetadataId": "274daa1f-66a7-4bf4-be08-c3a0e2f758d7"
                          },
                          "type": "ParseJson",
                          "inputs": {
                            "content": "@body('Select_Inventory_-_Deleted_Solutions')",
                            "schema": {
                              "type": "array",
                              "items": {
                                "type": "object",
                                "properties": {
                                  "Soln_Unique": {
                                    "type": "string"
                                  },
                                  "Soln_NonUnique": {
                                    "type": "string"
                                  }
                                },
                                "required": [
                                  "Soln_Unique",
                                  "Soln_NonUnique"
                                ]
                              }
                            }
                          }
                        }
                      },
                      "runAfter": {},
                      "metadata": {
                        "operationMetadataId": "61117d90-0e7a-40c6-8484-f0212a2b0cc4"
                      },
                      "type": "Scope"
                    },
                    "Get_Actual_-_Deleted_Solutions": {
                      "actions": {
                        "Select_Actual_-_Deleted_Solutions": {
                          "runAfter": {},
                          "metadata": {
                            "operationMetadataId": "8410edf3-be25-420e-9c3d-d5c2a4d8ef20"
                          },
                          "type": "Select",
                          "inputs": {
                            "from": "@outputs('List_Envt_Solutions')?['body/value']",
                            "select": {
                              "Soln_Unique": "@concat(triggerBody()['text'], '_', item()?['solutionid'])",
                              "Soln_NonUnique": "@item()?['solutionid']"
                            }
                          }
                        },
                        "Parse_Actual_-_Deleted_Solutions": {
                          "runAfter": {
                            "Select_Actual_-_Deleted_Solutions": [
                              "Succeeded"
                            ]
                          },
                          "metadata": {
                            "operationMetadataId": "bb1cea14-82ae-4c5e-93a4-66f7d675861e"
                          },
                          "type": "ParseJson",
                          "inputs": {
                            "content": "@body('Select_Actual_-_Deleted_Solutions')",
                            "schema": {
                              "type": "array",
                              "items": {
                                "type": "object",
                                "properties": {
                                  "Soln_Unique": {
                                    "type": "string"
                                  },
                                  "Soln_NonUnique": {
                                    "type": "string"
                                  }
                                },
                                "required": [
                                  "Soln_Unique",
                                  "Soln_NonUnique"
                                ]
                              }
                            }
                          }
                        }
                      },
                      "runAfter": {
                        "Get_Inventory_-_Deleted_Solutions": [
                          "Succeeded"
                        ]
                      },
                      "metadata": {
                        "operationMetadataId": "7343aee1-301c-4197-a13f-d3e6968adc8b"
                      },
                      "type": "Scope"
                    },
                    "DeletedSolutions": {
                      "runAfter": {
                        "Get_Actual_-_Deleted_Solutions": [
                          "Succeeded"
                        ]
                      },
                      "metadata": {
                        "operationMetadataId": "ec8ebf56-f3e3-4251-9491-440c69d207e4"
                      },
                      "type": "Query",
                      "inputs": {
                        "from": "@body('Parse_Inventory_-_Deleted_Solutions')",
                        "where": "@not(contains(body('Parse_Actual_-_Deleted_Solutions'), item()))"
                      }
                    },
                    "Mark_deleted": {
                      "foreach": "@body('DeletedSolutions')",
                      "actions": {
                        "Find_it_for_GUID": {
                          "runAfter": {},
                          "metadata": {
                            "operationMetadataId": "e3e70db2-e0db-4ae1-84d3-c6ce5c58f6b2"
                          },
                          "type": "OpenApiConnection",
                          "inputs": {
                            "host": {
                              "apiId": "/providers/Microsoft.PowerApps/apis/shared_commondataserviceforapps",
                              "connectionName": "shared_commondataserviceforapps_3",
                              "operationId": "ListRecords"
                            },
                            "parameters": {
                              "entityName": "admin_solutions",
                              "$select": "admin_solutionid",
                              "$filter": "admin_solutionenvtobjectguidstring eq '@{items('Mark_deleted')?['Soln_Unique']}'"
                            },
                            "retryPolicy": {
                              "type": "exponential",
                              "count": 20,
                              "interval": "PT20S"
                            },
                            "authentication": "@parameters('$authentication')"
                          },
                          "runtimeConfiguration": {
                            "paginationPolicy": {
                              "minimumItemCount": 100000
                            }
                          }
                        },
                        "If_found_mark_deleted": {
                          "actions": {
                            "GUID_to_Delete": {
                              "runAfter": {},
                              "metadata": {
                                "operationMetadataId": "6018d853-c38a-49a0-88d4-df485285b7d8"
                              },
                              "type": "Compose",
                              "inputs": "@first(outputs('Find_it_for_GUID')?['body/value'])?['admin_solutionid']"
                            },
                            "Mark_record_deleted": {
                              "runAfter": {
                                "GUID_to_Delete": [
                                  "Succeeded"
                                ]
                              },
                              "metadata": {
                                "operationMetadataId": "3a35ddfa-e5cf-4bc3-9254-06a6cf98f62a"
                              },
                              "type": "OpenApiConnection",
                              "inputs": {
                                "host": {
                                  "apiId": "/providers/Microsoft.PowerApps/apis/shared_commondataserviceforapps",
                                  "connectionName": "shared_commondataserviceforapps",
                                  "operationId": "UpdateRecord"
                                },
                                "parameters": {
                                  "entityName": "admin_solutions",
                                  "recordId": "@outputs('GUID_to_Delete')",
                                  "item/admin_solutiondeleted": true,
                                  "item/admin_solutiondeletedon": "@utcNow()"
                                },
                                "authentication": "@parameters('$authentication')"
                              }
                            }
                          },
                          "runAfter": {
                            "Find_it_for_GUID": [
                              "Succeeded"
                            ]
                          },
                          "expression": {
                            "greater": [
                              "@length(outputs('Find_it_for_GUID')?['body/value'])",
                              0
                            ]
                          },
                          "metadata": {
                            "operationMetadataId": "5e4c45c8-c39c-4008-be30-46da7f5cc80f"
                          },
                          "type": "If"
                        }
                      },
                      "runAfter": {
                        "DeletedSolutions": [
                          "Succeeded"
                        ]
                      },
                      "metadata": {
                        "operationMetadataId": "6db8b7e6-0fdd-4817-b396-693634e27477"
                      },
                      "type": "Foreach",
                      "runtimeConfiguration": {
                        "concurrency": {
                          "repetitions": 50
                        }
                      }
                    }
                  },
                  "runAfter": {
                    "Get_Basics": [
                      "Succeeded"
                    ]
                  },
                  "metadata": {
                    "operationMetadataId": "f7ba5e16-4729-4a19-9c46-8981fc3f6747"
                  },
                  "type": "Scope"
                }
              },
              "runAfter": {
                "Terminate_-_envt_deleted": [
                  "Skipped"
                ]
              },
              "metadata": {
                "operationMetadataId": "f2e1feb8-3ed8-44e7-8e2f-9fb346272293"
              },
              "type": "Scope"
            }
          },
          "runAfter": {},
          "metadata": {
            "operationMetadataId": "86c68153-2b1b-4eeb-b1c8-2b6781eb5328"
          },
          "type": "Scope"
        },
        "Error_Handling": {
          "actions": {
            "Create_a_new_record_-_Sync_Flow_Errors": {
              "runAfter": {},
              "metadata": {
                "operationMetadataId": "87961ff0-e261-4890-9ab9-a53f88fe0de5"
              },
              "type": "OpenApiConnection",
              "inputs": {
                "host": {
                  "apiId": "/providers/Microsoft.PowerApps/apis/shared_commondataserviceforapps",
                  "connectionName": "shared_commondataserviceforapps",
                  "operationId": "CreateRecord"
                },
                "parameters": {
                  "entityName": "admin_syncflowerrorses",
                  "item/admin_name": "@workflow()?['tags']['flowDisplayName']",
                  "item/admin_environmentname": "@outputs('EnvtDisplayName')",
                  "item/admin_flowinstanceurl": "@concat(parameters('Power Automate Environment Variable (admin_PowerAutomateEnvironmentVariable)'), workflow()?['tags']['environmentName'], '/flows/', workflow()?['name'], '/runs/', workflow()?['run']['name'])"
                },
                "retryPolicy": {
                  "type": "exponential",
                  "count": 10,
                  "interval": "PT10S"
                },
                "authentication": "@parameters('$authentication')"
              }
            },
            "Terminate_2": {
              "runAfter": {
                "Respond_to_a_PowerApp_or_flow_failed": [
                  "Succeeded"
                ]
              },
              "metadata": {
                "operationMetadataId": "9e5a2a18-dba2-47a1-96d5-3356f4348e5a"
              },
              "type": "Terminate",
              "inputs": {
                "runStatus": "Failed",
                "runError": {
                  "code": "500",
                  "message": "Get Environments Failed"
                }
              }
            },
            "Get_ID_Fail": {
              "runAfter": {
                "Create_a_new_record_-_Sync_Flow_Errors": [
                  "Succeeded"
                ]
              },
              "metadata": {
                "operationMetadataId": "47329bf2-8aac-400d-9778-a793b4f1180f"
              },
              "type": "OpenApiConnection",
              "inputs": {
                "host": {
                  "apiId": "/providers/Microsoft.PowerApps/apis/shared_commondataserviceforapps",
                  "connectionName": "shared_commondataserviceforapps",
                  "operationId": "ListRecords"
                },
                "parameters": {
                  "entityName": "admin_coesolutionmetadatas",
                  "$select": "admin_coesolutionmetadataid",
                  "$filter": "admin_objectname eq '@{workflow()?['tags']['flowDisplayName']}'",
                  "$top": 1
                },
                "authentication": "@parameters('$authentication')"
              }
            },
            "Update_Last_Run_Fail": {
              "runAfter": {
                "Get_ID_Fail": [
                  "Succeeded"
                ]
              },
              "metadata": {
                "operationMetadataId": "c63eb7cc-6101-4567-b520-a4a8881264e9"
              },
              "type": "OpenApiConnection",
              "inputs": {
                "host": {
                  "apiId": "/providers/Microsoft.PowerApps/apis/shared_commondataserviceforapps",
                  "connectionName": "shared_commondataserviceforapps",
                  "operationId": "UpdateRecord"
                },
                "parameters": {
                  "entityName": "admin_coesolutionmetadatas",
                  "recordId": "@first(outputs('Get_ID_Fail')?['body/value'])?['admin_coesolutionmetadataid']",
                  "item/admin_lastrun": "@utcNow()",
                  "item/admin_lastrunpassed": false
                },
                "authentication": "@parameters('$authentication')"
              }
            },
            "Respond_to_a_PowerApp_or_flow_failed": {
              "runAfter": {
                "Update_Last_Run_Fail": [
                  "Succeeded"
                ]
              },
              "metadata": {
                "operationMetadataId": "424fd3e2-73ed-4a51-871d-cf27c0aeb7df"
              },
              "type": "Response",
              "kind": "PowerApp",
              "inputs": {
                "statusCode": 200,
                "body": {
                  "thereturnvalue": "fail"
                },
                "schema": {
                  "type": "object",
                  "properties": {
                    "thereturnvalue": {
                      "title": "theReturnValue",
                      "x-ms-dynamically-added": true,
                      "type": "string"
                    }
                  }
                }
              }
            }
          },
          "runAfter": {
            "Check_Deleted_Scope": [
              "Failed"
            ]
          },
          "metadata": {
            "operationMetadataId": "38ae684e-622d-42ea-abd2-ee571aee3a5f"
          },
          "type": "Scope"
        },
        "Update_last_run_as_pass": {
          "actions": {
            "Update_Last_Run_Successful": {
              "runAfter": {
                "Get_ID_Pass": [
                  "Succeeded"
                ]
              },
              "metadata": {
                "operationMetadataId": "78ef70e5-7f67-4737-9a02-8533f12caa19"
              },
              "type": "OpenApiConnection",
              "inputs": {
                "host": {
                  "apiId": "/providers/Microsoft.PowerApps/apis/shared_commondataserviceforapps",
                  "connectionName": "shared_commondataserviceforapps",
                  "operationId": "UpdateRecord"
                },
                "parameters": {
                  "entityName": "admin_coesolutionmetadatas",
                  "recordId": "@first(outputs('Get_ID_Pass')?['body/value'])?['admin_coesolutionmetadataid']",
                  "item/admin_lastrun": "@utcNow()",
                  "item/admin_lastrunpassed": true
                },
                "authentication": "@parameters('$authentication')"
              }
            },
            "Get_ID_Pass": {
              "runAfter": {},
              "metadata": {
                "operationMetadataId": "f4f314b6-89d3-4056-af1c-73115e7d6bd1"
              },
              "type": "OpenApiConnection",
              "inputs": {
                "host": {
                  "apiId": "/providers/Microsoft.PowerApps/apis/shared_commondataserviceforapps",
                  "connectionName": "shared_commondataserviceforapps",
                  "operationId": "ListRecords"
                },
                "parameters": {
                  "entityName": "admin_coesolutionmetadatas",
                  "$select": "admin_coesolutionmetadataid",
                  "$filter": "admin_objectname eq '@{workflow()?['tags']['flowDisplayName']}'",
                  "$top": 1
                },
                "authentication": "@parameters('$authentication')"
              }
            },
            "Catch_-_not_ready_to_take_last_run_date": {
              "runAfter": {
                "Update_Last_Run_Successful": [
                  "Failed"
                ]
              },
              "metadata": {
                "operationMetadataId": "f88cdefe-c402-49d7-8f4a-934475e6f741"
              },
              "type": "Compose",
              "inputs": "Catch - not ready to take last run date"
            },
            "Respond_to_a_PowerApp_or_flow": {
              "runAfter": {
                "Catch_-_not_ready_to_take_last_run_date": [
                  "Succeeded",
                  "Skipped"
                ]
              },
              "metadata": {
                "operationMetadataId": "424fd3e2-73ed-4a51-871d-cf27c0aeb7df"
              },
              "type": "Response",
              "kind": "PowerApp",
              "inputs": {
                "statusCode": 200,
                "body": {
                  "thereturnvalue": "pass"
                },
                "schema": {
                  "type": "object",
                  "properties": {
                    "thereturnvalue": {
                      "title": "theReturnValue",
                      "x-ms-dynamically-added": true,
                      "type": "string"
                    }
                  }
                }
              }
            }
          },
          "runAfter": {
            "Error_Handling": [
              "Skipped"
            ]
          },
          "metadata": {
            "operationMetadataId": "5c140442-d939-4ca4-8ec8-d1ee2bed4a81"
          },
          "type": "Scope"
        }
      },
      "outputs": {}
    },
    "templateName": null
  },
  "schemaVersion": "1.0.0.0"
}