{
  "properties": {
    "connectionReferences": {
      "shared_commondataserviceforapps": {
        "runtimeSource": "embedded",
        "connection": {
          "connectionReferenceLogicalName": "admin_CoECoreDataverse2"
        },
        "api": {
          "name": "shared_commondataserviceforapps"
        }
      },
      "shared_commondataserviceforapps_1": {
        "runtimeSource": "embedded",
        "connection": {
          "connectionReferenceLogicalName": "admin_sharedcommondataserviceforapps_98924"
        },
        "api": {
          "name": "shared_commondataserviceforapps"
        }
      },
      "shared_dataflows_1": {
        "runtimeSource": "embedded",
        "connection": {
          "connectionReferenceLogicalName": "admin_CoEBYODLPowerQuery"
        },
        "api": {
          "name": "shared_dataflows"
        }
      }
    },
    "definition": {
      "$schema": "https://schema.management.azure.com/providers/Microsoft.Logic/schemas/2016-06-01/workflowdefinition.json#",
      "contentVersion": "1.0.0.0",
      "parameters": {
        "$connections": {
          "defaultValue": {},
          "type": "Object"
        },
        "$authentication": {
          "defaultValue": {},
          "type": "SecureObject"
        },
        "Current Environment (admin_CurrentEnvironment)": {
          "defaultValue": "f5ca48ca-0d9c-e680-98c3-6e0123eaac01-31c688f59-westus",
          "type": "String",
          "metadata": {
            "schemaName": "admin_CurrentEnvironment",
            "description": "Current Environment ID."
          }
        },
        "Flow Dataflow ID (admin_FlowDataflowID)": {
          "defaultValue": "abc",
          "type": "String",
          "metadata": {
            "schemaName": "admin_FlowDataflowID",
            "description": "LEAVE BLANK ON IMPORT. Dataflow ID of the CoE BYODL Makers dataflow."
          }
        },
        "App Dataflow ID (admin_AppDataflowID)": {
          "type": "String",
          "metadata": {
            "schemaName": "admin_AppDataflowID",
            "description": "LEAVE BLANK ON IMPORT. Dataflow ID of the CoE BYODL Apps dataflow."
          }
        },
        "Power Automate Environment Variable (admin_PowerAutomateEnvironmentVariable)": {
          "defaultValue": "https://flow.microsoft.com/manage/environments/",
          "type": "String",
          "metadata": {
            "schemaName": "admin_PowerAutomateEnvironmentVariable",
            "description": "Inventory - REQUIRED. Environment, including geographic location, for Power Automate - Ex for commercial: https://flow.microsoft.com/manage/environments/"
          }
        },
        "Model App Dataflow ID (admin_ModelAppDataflowID)": {
          "type": "String",
          "metadata": {
            "schemaName": "admin_ModelAppDataflowID",
            "description": "LEAVE BLANK ON IMPORT. Dataflow ID of the dataflow that processes model driven apps. Used for BYODL only."
          }
        },
        "Environment Dataflow ID (admin_EnvironmentDataflowID)": {
          "type": "String",
          "metadata": {
            "schemaName": "admin_EnvironmentDataflowID",
            "description": "LEAVE BLANK ON IMPORT. Dataflow ID of the CoE BYODL Environments dataflow."
          }
        }
      },
      "staticResults": {
        "Refresh_Power_Automate_dataflow0": {
          "status": "Succeeded",
          "outputs": {
            "statusCode": "OK",
            "headers": {}
          }
        }
      },
      "triggers": {
        "When_a_dataflow_refresh_completes": {
          "recurrence": {
            "interval": 1,
            "frequency": "Minute"
          },
          "metadata": {
            "operationMetadataId": "9f43646e-721b-49e9-8d23-cc4345f710b9"
          },
          "type": "OpenApiConnection",
          "inputs": {
            "host": {
              "connectionName": "shared_dataflows_1",
              "operationId": "OnRefreshComplete",
              "apiId": "/providers/Microsoft.PowerApps/apis/shared_dataflows"
            },
            "parameters": {
              "workspaceType": "Environment",
              "groupIdForOnRefreshComplete": "@parameters('Current Environment (admin_CurrentEnvironment)')",
              "dataflowIdForOnRefreshComplete": "@parameters('Environment Dataflow ID (admin_EnvironmentDataflowID)')"
            },
            "authentication": "@parameters('$authentication')"
          }
        }
      },
      "actions": {
        "Error_Handling": {
          "actions": {
            "Create_a_new_record_-_Sync_Flow_Errors": {
              "runAfter": {},
              "metadata": {
                "operationMetadataId": "87961ff0-e261-4890-9ab9-a53f88fe0de5"
              },
              "type": "OpenApiConnection",
              "inputs": {
                "host": {
                  "connectionName": "shared_commondataserviceforapps",
                  "operationId": "CreateRecord",
                  "apiId": "/providers/Microsoft.PowerApps/apis/shared_commondataserviceforapps"
                },
                "parameters": {
                  "entityName": "admin_syncflowerrorses",
                  "item/admin_name": "@workflow()?['tags']['flowDisplayName']",
                  "item/admin_flowinstanceurl": "@concat(parameters('Power Automate Environment Variable (admin_PowerAutomateEnvironmentVariable)'), workflow()?['tags']['environmentName'], '/flows/', workflow()?['name'], '/runs/', workflow()?['run']['name'])"
                },
                "authentication": "@parameters('$authentication')",
                "retryPolicy": {
                  "type": "exponential",
                  "count": 10,
                  "interval": "PT10S"
                }
              }
            },
            "Terminate_2": {
              "runAfter": {
                "Update_Last_Run_Fail": [
                  "Succeeded"
                ]
              },
              "metadata": {
                "operationMetadataId": "9e5a2a18-dba2-47a1-96d5-3356f4348e5a"
              },
              "type": "Terminate",
              "inputs": {
                "runStatus": "Failed",
                "runError": {
                  "code": "500",
                  "message": "Get Environments Failed"
                }
              }
            },
            "Get_ID_Fail": {
              "runAfter": {
                "Create_a_new_record_-_Sync_Flow_Errors": [
                  "Succeeded"
                ]
              },
              "metadata": {
                "operationMetadataId": "47329bf2-8aac-400d-9778-a793b4f1180f"
              },
              "type": "OpenApiConnection",
              "inputs": {
                "host": {
                  "connectionName": "shared_commondataserviceforapps",
                  "operationId": "ListRecords",
                  "apiId": "/providers/Microsoft.PowerApps/apis/shared_commondataserviceforapps"
                },
                "parameters": {
                  "entityName": "admin_coesolutionmetadatas",
                  "$select": "admin_coesolutionmetadataid",
                  "$filter": "admin_objectname eq '@{workflow()?['tags']['flowDisplayName']}'",
                  "$top": 1
                },
                "authentication": "@parameters('$authentication')"
              }
            },
            "Update_Last_Run_Fail": {
              "runAfter": {
                "Get_ID_Fail": [
                  "Succeeded"
                ]
              },
              "metadata": {
                "operationMetadataId": "c63eb7cc-6101-4567-b520-a4a8881264e9"
              },
              "type": "OpenApiConnection",
              "inputs": {
                "host": {
                  "connectionName": "shared_commondataserviceforapps",
                  "operationId": "UpdateRecord",
                  "apiId": "/providers/Microsoft.PowerApps/apis/shared_commondataserviceforapps"
                },
                "parameters": {
                  "entityName": "admin_coesolutionmetadatas",
                  "recordId": "@first(outputs('Get_ID_Fail')?['body/value'])?['admin_coesolutionmetadataid']",
                  "item/admin_lastrun": "@utcNow()",
                  "item/admin_lastrunpassed": false
                },
                "authentication": "@parameters('$authentication')"
              }
            }
          },
          "runAfter": {
            "Environment_dataflow_complete_processing": [
              "Failed"
            ]
          },
          "metadata": {
            "operationMetadataId": "38ae684e-622d-42ea-abd2-ee571aee3a5f"
          },
          "type": "Scope"
        },
        "Update_last_run_as_pass": {
          "actions": {
            "Update_Last_Run_Successful": {
              "runAfter": {
                "Get_ID_Pass": [
                  "Succeeded"
                ]
              },
              "metadata": {
                "operationMetadataId": "78ef70e5-7f67-4737-9a02-8533f12caa19"
              },
              "type": "OpenApiConnection",
              "inputs": {
                "host": {
                  "connectionName": "shared_commondataserviceforapps",
                  "operationId": "UpdateRecord",
                  "apiId": "/providers/Microsoft.PowerApps/apis/shared_commondataserviceforapps"
                },
                "parameters": {
                  "entityName": "admin_coesolutionmetadatas",
                  "recordId": "@first(outputs('Get_ID_Pass')?['body/value'])?['admin_coesolutionmetadataid']",
                  "item/admin_lastrun": "@utcNow()",
                  "item/admin_lastrunpassed": true
                },
                "authentication": "@parameters('$authentication')"
              }
            },
            "Get_ID_Pass": {
              "runAfter": {},
              "metadata": {
                "operationMetadataId": "f4f314b6-89d3-4056-af1c-73115e7d6bd1"
              },
              "type": "OpenApiConnection",
              "inputs": {
                "host": {
                  "connectionName": "shared_commondataserviceforapps",
                  "operationId": "ListRecords",
                  "apiId": "/providers/Microsoft.PowerApps/apis/shared_commondataserviceforapps"
                },
                "parameters": {
                  "entityName": "admin_coesolutionmetadatas",
                  "$select": "admin_coesolutionmetadataid",
                  "$filter": "admin_objectname eq '@{workflow()?['tags']['flowDisplayName']}'",
                  "$top": 1
                },
                "authentication": "@parameters('$authentication')"
              }
            },
            "Catch_-_not_ready_to_take_last_run_date": {
              "runAfter": {
                "Update_Last_Run_Successful": [
                  "Failed"
                ]
              },
              "metadata": {
                "operationMetadataId": "f88cdefe-c402-49d7-8f4a-934475e6f741"
              },
              "type": "Compose",
              "inputs": "Catch - not ready to take last run date"
            }
          },
          "runAfter": {
            "Error_Handling": [
              "Skipped"
            ]
          },
          "metadata": {
            "operationMetadataId": "5c140442-d939-4ca4-8ec8-d1ee2bed4a81"
          },
          "type": "Scope"
        },
        "Environment_dataflow_complete_processing": {
          "actions": {
            "Update_if_environment_uses_PCF_from_organization_table": {
              "actions": {
                "List_environments": {
                  "runAfter": {},
                  "metadata": {
                    "operationMetadataId": "f7838851-1d69-4580-a439-a22bad6af11a"
                  },
                  "type": "OpenApiConnection",
                  "inputs": {
                    "host": {
                      "connectionName": "shared_commondataserviceforapps",
                      "operationId": "ListRecords",
                      "apiId": "/providers/Microsoft.PowerApps/apis/shared_commondataserviceforapps"
                    },
                    "parameters": {
                      "entityName": "admin_environments",
                      "$select": "admin_environmentid,admin_environmentcdsmetadataname,admin_environmentcdsinstanceurl,admin_hascds,admin_environmentsku",
                      "$filter": "admin_environmentdeleted ne true"
                    },
                    "authentication": "@parameters('$authentication')"
                  }
                },
                "Apply_to_each": {
                  "foreach": "@outputs('List_environments')?['body/value']",
                  "actions": {
                    "If_has_CDS": {
                      "actions": {
                        "update_pcf_state": {
                          "actions": {
                            "Parse_organization": {
                              "runAfter": {},
                              "metadata": {
                                "operationMetadataId": "8c4a858e-4488-43a1-9bec-593c99630b7c"
                              },
                              "type": "ParseJson",
                              "inputs": {
                                "content": "@first(outputs('See_if_access_to_envt')?['body/value'])",
                                "schema": {
                                  "type": "object",
                                  "properties": {
                                    "iscustomcontrolsincanvasappsenabled": {
                                      "type": "boolean"
                                    }
                                  }
                                }
                              }
                            },
                            "Update_a_row": {
                              "runAfter": {
                                "Parse_organization": [
                                  "Succeeded"
                                ]
                              },
                              "metadata": {
                                "operationMetadataId": "11c67a50-abea-41af-af44-72a9f9ede411"
                              },
                              "type": "OpenApiConnection",
                              "inputs": {
                                "host": {
                                  "connectionName": "shared_commondataserviceforapps",
                                  "operationId": "UpdateRecord",
                                  "apiId": "/providers/Microsoft.PowerApps/apis/shared_commondataserviceforapps"
                                },
                                "parameters": {
                                  "entityName": "admin_environments",
                                  "recordId": "@items('Apply_to_each')?['admin_environmentid']",
                                  "item/admin_pcfenabled": "@if(equals(body('Parse_organization')?['iscustomcontrolsincanvasappsenabled'], true), 1, 0)"
                                },
                                "authentication": "@parameters('$authentication')"
                              }
                            }
                          },
                          "runAfter": {
                            "Mark_PCF_State_Unknown": [
                              "Skipped"
                            ]
                          },
                          "metadata": {
                            "operationMetadataId": "9c7312fd-4a1c-40ae-923e-0daf4bb787bb"
                          },
                          "type": "Scope"
                        },
                        "Mark_PCF_State_Unknown": {
                          "runAfter": {
                            "See_if_access_to_envt": [
                              "Failed"
                            ]
                          },
                          "metadata": {
                            "operationMetadataId": "11c67a50-abea-41af-af44-72a9f9ede411"
                          },
                          "type": "OpenApiConnection",
                          "inputs": {
                            "host": {
                              "connectionName": "shared_commondataserviceforapps",
                              "operationId": "UpdateRecord",
                              "apiId": "/providers/Microsoft.PowerApps/apis/shared_commondataserviceforapps"
                            },
                            "parameters": {
                              "entityName": "admin_environments",
                              "recordId": "@items('Apply_to_each')?['admin_environmentid']",
                              "item/admin_pcfenabled": 2
                            },
                            "authentication": "@parameters('$authentication')"
                          }
                        },
                        "See_if_access_to_envt": {
                          "runAfter": {},
                          "metadata": {
                            "operationMetadataId": "dec5dbe3-f476-4dfc-bcac-efc6d7717c6c"
                          },
                          "type": "OpenApiConnection",
                          "inputs": {
                            "host": {
                              "connectionName": "shared_commondataserviceforapps_1",
                              "operationId": "ListRecordsWithOrganization",
                              "apiId": "/providers/Microsoft.PowerApps/apis/shared_commondataserviceforapps"
                            },
                            "parameters": {
                              "organization": "@items('Apply_to_each')?['admin_environmentcdsinstanceurl']",
                              "entityName": "organizations",
                              "$top": 1
                            },
                            "authentication": "@parameters('$authentication')"
                          }
                        }
                      },
                      "runAfter": {},
                      "else": {
                        "actions": {
                          "Mark_PCF_State_Unknown_-_Unsupported_Envt_Type": {
                            "runAfter": {},
                            "metadata": {
                              "operationMetadataId": "11c67a50-abea-41af-af44-72a9f9ede411"
                            },
                            "type": "OpenApiConnection",
                            "inputs": {
                              "host": {
                                "connectionName": "shared_commondataserviceforapps",
                                "operationId": "UpdateRecord",
                                "apiId": "/providers/Microsoft.PowerApps/apis/shared_commondataserviceforapps"
                              },
                              "parameters": {
                                "entityName": "admin_environments",
                                "recordId": "@items('Apply_to_each')?['admin_environmentid']",
                                "item/admin_pcfenabled": 2
                              },
                              "authentication": "@parameters('$authentication')"
                            }
                          }
                        }
                      },
                      "expression": {
                        "equals": [
                          "@items('Apply_to_each')?['admin_hascds']",
                          "@true"
                        ]
                      },
                      "metadata": {
                        "operationMetadataId": "97715ffc-24c1-4ff9-9c93-6e3e29c61b9e"
                      },
                      "type": "If"
                    }
                  },
                  "runAfter": {
                    "List_environments": [
                      "Succeeded"
                    ]
                  },
                  "metadata": {
                    "operationMetadataId": "a30ca33b-047e-4eba-903c-c85ae013f1a6"
                  },
                  "type": "Foreach",
                  "runtimeConfiguration": {
                    "concurrency": {
                      "repetitions": 50
                    }
                  }
                }
              },
              "runAfter": {
                "Refresh_next_dataflows": [
                  "Succeeded"
                ]
              },
              "metadata": {
                "operationMetadataId": "a66c3833-4749-4ff6-89c8-267528edc1dc"
              },
              "type": "Scope"
            },
            "Refresh_next_dataflows": {
              "actions": {
                "Refresh_Power_Automate_dataflow": {
                  "runAfter": {},
                  "metadata": {
                    "operationMetadataId": "bee18822-2202-4150-8bd7-829bf63b52c7"
                  },
                  "type": "OpenApiConnection",
                  "inputs": {
                    "host": {
                      "connectionName": "shared_dataflows_1",
                      "operationId": "RefreshDataflow",
                      "apiId": "/providers/Microsoft.PowerApps/apis/shared_dataflows"
                    },
                    "parameters": {
                      "workspaceType": "Environment",
                      "groupIdForRefreshDataflow": "@parameters('Current Environment (admin_CurrentEnvironment)')",
                      "dataflowIdForRefreshDataflow": "@parameters('Flow Dataflow ID (admin_FlowDataflowID)')"
                    },
                    "authentication": "@parameters('$authentication')"
                  },
                  "runtimeConfiguration": {
                    "staticResult": {
                      "staticResultOptions": "Disabled",
                      "name": "Refresh_Power_Automate_dataflow0"
                    }
                  }
                },
                "Refresh_Canvas_Apps_dataflow": {
                  "runAfter": {
                    "Refresh_Power_Automate_dataflow": [
                      "Succeeded"
                    ]
                  },
                  "metadata": {
                    "operationMetadataId": "e0a8eb11-bdeb-4c6f-9128-6a6fee6bda5b"
                  },
                  "type": "OpenApiConnection",
                  "inputs": {
                    "host": {
                      "connectionName": "shared_dataflows_1",
                      "operationId": "RefreshDataflow",
                      "apiId": "/providers/Microsoft.PowerApps/apis/shared_dataflows"
                    },
                    "parameters": {
                      "workspaceType": "Environment",
                      "groupIdForRefreshDataflow": "@parameters('Current Environment (admin_CurrentEnvironment)')",
                      "dataflowIdForRefreshDataflow": "@parameters('App Dataflow ID (admin_AppDataflowID)')"
                    },
                    "authentication": "@parameters('$authentication')"
                  }
                },
                "Refresh_Model_Apps_dataflow": {
                  "runAfter": {
                    "Refresh_Canvas_Apps_dataflow": [
                      "Succeeded"
                    ]
                  },
                  "metadata": {
                    "operationMetadataId": "4891a433-57f9-445b-8c3b-2d87801a86c0"
                  },
                  "type": "OpenApiConnection",
                  "inputs": {
                    "host": {
                      "connectionName": "shared_dataflows_1",
                      "operationId": "RefreshDataflow",
                      "apiId": "/providers/Microsoft.PowerApps/apis/shared_dataflows"
                    },
                    "parameters": {
                      "workspaceType": "Environment",
                      "groupIdForRefreshDataflow": "@parameters('Current Environment (admin_CurrentEnvironment)')",
                      "dataflowIdForRefreshDataflow": "@parameters('Model App Dataflow ID (admin_ModelAppDataflowID)')"
                    },
                    "authentication": "@parameters('$authentication')"
                  }
                }
              },
              "runAfter": {},
              "metadata": {
                "operationMetadataId": "3620f4a2-0cb7-4085-9ab4-a29caca30f23"
              },
              "type": "Scope"
            },
            "Catch_failure": {
              "actions": {},
              "runAfter": {
                "Update_if_environment_uses_PCF_from_organization_table": [
                  "Succeeded",
                  "Failed"
                ]
              },
              "metadata": {
                "operationMetadataId": "1d69b855-363e-4cec-8619-2a2fd757e391"
              },
              "type": "Scope"
            }
          },
          "runAfter": {},
          "metadata": {
            "operationMetadataId": "08f3cfab-5e61-48f5-b822-189dbe545228"
          },
          "type": "Scope"
        }
      }
    },
    "templateName": ""
  },
  "schemaVersion": "1.0.0.0"
}