{
  "properties": {
    "connectionReferences": {
      "shared_commondataserviceforapps_1": {
        "runtimeSource": "embedded",
        "connection": {
          "connectionReferenceLogicalName": "admin_CoECoreDataverseEnvRequest"
        },
        "api": {
          "name": "shared_commondataserviceforapps"
        }
      },
      "shared_powerplatformforadmins": {
        "runtimeSource": "embedded",
        "connection": {
          "connectionReferenceLogicalName": "admin_CoECorePowerPlatformforAdminsEnvRequest"
        },
        "api": {
          "name": "shared_powerplatformforadmins"
        }
      },
      "shared_commondataserviceforapps": {
        "runtimeSource": "embedded",
        "connection": {
          "connectionReferenceLogicalName": "admin_CoECoreDataverseEnvRequest"
        },
        "api": {
          "name": "shared_commondataserviceforapps"
        }
      }
    },
    "definition": {
      "$schema": "https://schema.management.azure.com/providers/Microsoft.Logic/schemas/2016-06-01/workflowdefinition.json#",
      "contentVersion": "1.0.0.0",
      "parameters": {
        "$connections": {
          "defaultValue": {},
          "type": "Object"
        },
        "$authentication": {
          "defaultValue": {},
          "type": "SecureObject"
        },
        "Admin eMail Preferred Language (admin_AdmineMailPreferredLanguage)": {
          "defaultValue": "en-US",
          "type": "String",
          "metadata": {
            "schemaName": "admin_AdmineMailPreferredLanguage",
            "description": "Inventory - The preferred language for the emails sent to the admin email alias, which is specified in theAdmin eMail environment variable. Default is en-US"
          }
        },
        "ProductionEnvironment (admin_ProductionEnvironment)": {
          "defaultValue": true,
          "type": "Bool",
          "metadata": {
            "schemaName": "admin_ProductionEnvironment",
            "description": "Inventory - Yes by default. Set to No if you are creating a dev type envt. This will allow some flows to set target users to the admin instead of resource owners"
          }
        },
        "Admin eMail (admin_AdminMail)": {
          "defaultValue": "PowerPlatformAdmins@powercattools.onmicrosoft.com",
          "type": "String",
          "metadata": {
            "schemaName": "admin_AdminMail",
            "description": "Inventory - CoE Admin eMail. Email address used in flows to send notifications to admins; this should be either your email address or a distribution list"
          }
        },
        "Power Automate Environment Variable (admin_PowerAutomateEnvironmentVariable)": {
          "defaultValue": "https://flow.microsoft.com/manage/environments/",
          "type": "String",
          "metadata": {
            "schemaName": "admin_PowerAutomateEnvironmentVariable",
            "description": "Inventory - REQUIRED. Environment, including geographic location, for Power Automate - Ex for commercial: https://flow.microsoft.com/manage/environments/"
          }
        },
        "PowerApp Maker Environment Variable (admin_PowerAppEnvironmentVariable)": {
          "defaultValue": "https://make.powerapps.com/",
          "type": "String",
          "metadata": {
            "schemaName": "admin_PowerAppEnvironmentVariable",
            "description": "Inventory - REQUIRED. The maker URL used by PowerApps for your cloud. Ex https://make.powerapps.com/"
          }
        }
      },
      "triggers": {
        "Recurrence": {
          "recurrence": {
            "frequency": "Day",
            "interval": 1,
            "timeZone": "UTC",
            "schedule": {
              "hours": [
                "0"
              ]
            }
          },
          "metadata": {
            "operationMetadataId": "7b041820-a906-4583-b452-be7cde530791"
          },
          "type": "Recurrence"
        }
      },
      "actions": {
        "Initialize_emailGUID": {
          "runAfter": {},
          "metadata": {
            "operationMetadataId": "dad8eca6-7937-47c0-aa57-f2d48dd1c5a2"
          },
          "type": "InitializeVariable",
          "inputs": {
            "variables": [
              {
                "name": "emailGUID",
                "type": "string"
              }
            ]
          }
        },
        "Initialize_variable_for_testing": {
          "runAfter": {
            "Initialize_emailGUID": [
              "Succeeded"
            ]
          },
          "metadata": {
            "operationMetadataId": "47476d04-d2eb-4800-b003-8c1cb4ef55b2"
          },
          "type": "InitializeVariable",
          "inputs": {
            "variables": [
              {
                "name": "var_enableTesting",
                "type": "boolean",
                "value": false
              }
            ]
          }
        },
        "Cleanup_Environments_Scope": {
          "actions": {
            "Parallel_Start": {
              "runAfter": {},
              "metadata": {
                "operationMetadataId": "1322588d-2956-4d27-b776-5145d4ee8ea9"
              },
              "type": "Compose",
              "inputs": 0
            },
            "Delete_Expired_Environments": {
              "actions": {
                "Apply_to_each_Expired_Request": {
                  "foreach": "@body('Expired_Requests')",
                  "actions": {
                    "Update_a_row_-_Close_expired_Request": {
                      "runAfter": {
                        "Delete_expired_Environment": [
                          "Succeeded"
                        ]
                      },
                      "metadata": {
                        "operationMetadataId": "649bc185-5950-43b3-bacc-aed15cc9726d"
                      },
                      "type": "OpenApiConnection",
                      "inputs": {
                        "host": {
                          "connectionName": "shared_commondataserviceforapps_1",
                          "operationId": "UpdateRecord",
                          "apiId": "/providers/Microsoft.PowerApps/apis/shared_commondataserviceforapps"
                        },
                        "parameters": {
                          "entityName": "coe_environmentcreationrequests",
                          "recordId": "@items('Apply_to_each_Expired_Request')?['coe_environmentcreationrequestid']",
                          "item/coe_requeststatus": 181330002,
                          "item/statecode": 1
                        },
                        "authentication": "@parameters('$authentication')"
                      }
                    },
                    "Delete_expired_Environment": {
                      "runAfter": {},
                      "metadata": {
                        "operationMetadataId": "e1ad22c1-05e9-4dcc-81dd-75b70142d893"
                      },
                      "type": "OpenApiConnection",
                      "inputs": {
                        "host": {
                          "connectionName": "shared_powerplatformforadmins",
                          "operationId": "Remove-AdminEnvironment",
                          "apiId": "/providers/Microsoft.PowerApps/apis/shared_powerplatformforadmins"
                        },
                        "parameters": {
                          "environment": "@item()?['_coe_environment_value']",
                          "api-version": "2022-05-01"
                        },
                        "authentication": "@parameters('$authentication')"
                      }
                    }
                  },
                  "runAfter": {},
                  "metadata": {
                    "operationMetadataId": "17567ddc-3209-4b3b-8f0f-c3b73a8e5097"
                  },
                  "type": "Foreach"
                }
              },
              "runAfter": {
                "Parallel_Start": [
                  "Succeeded"
                ]
              },
              "metadata": {
                "operationMetadataId": "b44f53d8-dfb5-48b5-bd14-687574fd7e0f"
              },
              "type": "Scope",
              "description": "Deletes the expired environments and changes the status of the associated Request to inactive"
            },
            "Notify_Admins_of_Expiring_Environments": {
              "actions": {
                "Warning_Email_Send_Conditions": {
                  "actions": {
                    "Apply_to_each_Expiring_Request": {
                      "foreach": "@body('Expiring_Requests')",
                      "actions": {
                        "Send_Warning_Email": {
                          "runAfter": {
                            "Warning_Email_To": [
                              "Succeeded"
                            ]
                          },
                          "metadata": {
                            "operationMetadataId": "acaf353e-cf00-46d1-b457-eac85c38f49e"
                          },
                          "type": "Workflow",
                          "inputs": {
                            "host": {
                              "workflowReferenceName": "5625768c-bd3d-ec11-8c63-00224829720b"
                            },
                            "body": {
                              "email": "@outputs('Warning_Email_To')",
                              "text": "@{item()?['coe_name']} - @{outputs('Warning_Email')?['body/admin_subject']}",
                              "text_1": "@{outputs('Warning_Email')?['body/admin_body']}\n<span style=\"font-size: 14px\"><strong>Environment</strong></span><br>\n@{items('Apply_to_each_Expiring_Request')?['coe_envdisplayname']}<br>\n<a href=\"@{parameters('PowerApp Maker Environment Variable (admin_PowerAppEnvironmentVariable)')}environments/@{items('Apply_to_each_Expiring_Request')?['_coe_environment_value']}\" style='font-size: 90%;'>Launch</a><br>\n<br>\n<span style=\"font-size: 14px\"><strong>Expiration date</strong></span><br>\n@{formatDateTime(item()?['coe_expirationdate'],'MMMM dd yyyy')}</p>",
                              "email_1": "@outputs('CC')",
                              "email_2": "@outputs('SendOnBehalf')",
                              "email_3": "@outputs('ReplyTo')",
                              "text_2": "@outputs('Importance')"
                            }
                          },
                          "description": "aa142173-2643-ec11-8c62-00224829bf00"
                        },
                        "UPNs": {
                          "runAfter": {},
                          "metadata": {
                            "operationMetadataId": "336dd92a-21bf-4cb8-9cac-bb0911027319"
                          },
                          "type": "Select",
                          "inputs": {
                            "from": "@items('Apply_to_each_Expiring_Request')?['coe_EnvCreationRequest_SystemAdmins']",
                            "select": "@item()?['admin_userprincipalname']"
                          }
                        },
                        "Warning_Email_To": {
                          "runAfter": {
                            "Join_UPNs_(Warning)": [
                              "Succeeded"
                            ]
                          },
                          "metadata": {
                            "operationMetadataId": "e55b053d-6c3c-437e-bf38-3c20f80ddb95"
                          },
                          "type": "Compose",
                          "inputs": "@if(equals(parameters('ProductionEnvironment (admin_ProductionEnvironment)'),true),body('Join_UPNs_(Warning)'),parameters('Admin eMail (admin_AdminMail)'))"
                        },
                        "Join_UPNs_(Warning)": {
                          "runAfter": {
                            "UPNs": [
                              "Succeeded"
                            ]
                          },
                          "metadata": {
                            "operationMetadataId": "f74e7a74-3a6a-4ba2-9602-b86a4faf2745"
                          },
                          "type": "Join",
                          "inputs": {
                            "from": "@body('UPNs')",
                            "joinWith": ";"
                          }
                        }
                      },
                      "runAfter": {
                        "Send_Email_Values_(Warning)": [
                          "Succeeded"
                        ]
                      },
                      "metadata": {
                        "operationMetadataId": "5e54b9cd-470a-4434-a02b-9a04310041e1"
                      },
                      "type": "Foreach",
                      "runtimeConfiguration": {
                        "concurrency": {
                          "repetitions": 20
                        }
                      }
                    },
                    "Send_Email_Values_(Warning)": {
                      "actions": {
                        "emailGUID_to_en-US_5": {
                          "runAfter": {},
                          "metadata": {
                            "operationMetadataId": "3c46d691-0f2a-4c36-9611-c2c7de1ec33d"
                          },
                          "type": "Compose",
                          "inputs": "ae142173-2643-ec11-8c62-00224829bf00"
                        },
                        "List_emails_for_preferred_language_5": {
                          "runAfter": {
                            "emailGUID_to_en-US_5": [
                              "Succeeded"
                            ]
                          },
                          "metadata": {
                            "operationMetadataId": "29188a43-3a3a-46da-a4f6-f162180d8254"
                          },
                          "type": "OpenApiConnection",
                          "inputs": {
                            "host": {
                              "connectionName": "shared_commondataserviceforapps_1",
                              "operationId": "ListRecords",
                              "apiId": "/providers/Microsoft.PowerApps/apis/shared_commondataserviceforapps"
                            },
                            "parameters": {
                              "entityName": "admin_customizedemails",
                              "$select": "admin_customizedemailid",
                              "$filter": "admin_basedon eq '@{outputs('emailGUID_to_en-US_5')}' and admin_language eq '@{parameters('Admin eMail Preferred Language (admin_AdmineMailPreferredLanguage)')}'"
                            },
                            "authentication": "@parameters('$authentication')"
                          }
                        },
                        "Localized_Email_Row": {
                          "runAfter": {
                            "List_emails_for_preferred_language_5": [
                              "Succeeded"
                            ]
                          },
                          "metadata": {
                            "operationMetadataId": "1e1c0a09-41a6-4b3d-a558-df89f10ca738"
                          },
                          "type": "SetVariable",
                          "inputs": {
                            "name": "emailGUID",
                            "value": "@{if(greater(length(outputs('List_emails_for_preferred_language_5')?['body/value']), 0), first(body('List_emails_for_preferred_language_5')?['value'])['admin_customizedemailid'], outputs('emailGUID_to_en-US_5'))}"
                          },
                          "description": "if(greater(length(outputs('List_emails_for_preferred_language')?['body/value']),0), first(body('List_emails_for_preferred_language')?['value'])['admin_customizedemailid'], outputs('emailGUID_to_en-US'))"
                        },
                        "Warning_Email": {
                          "runAfter": {
                            "Localized_Email_Row": [
                              "Succeeded"
                            ]
                          },
                          "metadata": {
                            "operationMetadataId": "c34df6f5-d327-47a2-8e25-e33c207762e2"
                          },
                          "type": "OpenApiConnection",
                          "inputs": {
                            "host": {
                              "connectionName": "shared_commondataserviceforapps_1",
                              "operationId": "GetItem",
                              "apiId": "/providers/Microsoft.PowerApps/apis/shared_commondataserviceforapps"
                            },
                            "parameters": {
                              "entityName": "admin_customizedemails",
                              "recordId": "@variables('emailGUID')",
                              "$select": "admin_body, admin_cc, admin_replyto, admin_sendonbehalf, admin_subject, admin_importance"
                            },
                            "authentication": "@parameters('$authentication')"
                          }
                        },
                        "CC": {
                          "runAfter": {
                            "Warning_Email": [
                              "Succeeded"
                            ]
                          },
                          "metadata": {
                            "operationMetadataId": "33a8fe9c-419d-4706-83af-6c14ee172fad"
                          },
                          "type": "Compose",
                          "inputs": "@coalesce(outputs('Warning_Email')?['body/admin_cc'],'')"
                        },
                        "SendOnBehalf": {
                          "runAfter": {
                            "CC": [
                              "Succeeded"
                            ]
                          },
                          "metadata": {
                            "operationMetadataId": "faab30e1-2426-44e3-866f-9b7d77298573"
                          },
                          "type": "Compose",
                          "inputs": "@coalesce(outputs('Warning_Email')?['body/admin_sendonbehalf'],'')"
                        },
                        "ReplyTo": {
                          "runAfter": {
                            "SendOnBehalf": [
                              "Succeeded"
                            ]
                          },
                          "metadata": {
                            "operationMetadataId": "0de88b2b-0a93-4970-b0fd-b63132c04030"
                          },
                          "type": "Compose",
                          "inputs": "@coalesce(outputs('Warning_Email')?['body/admin_replyto'],'')"
                        },
                        "Importance": {
                          "runAfter": {
                            "ReplyTo": [
                              "Succeeded"
                            ]
                          },
                          "metadata": {
                            "operationMetadataId": "d92fb31b-e9f8-4d7a-8da6-e56614da4139"
                          },
                          "type": "Compose",
                          "inputs": "@coalesce(outputs('Warning_Email')?['body/admin_importance'],'')"
                        }
                      },
                      "runAfter": {},
                      "metadata": {
                        "operationMetadataId": "74c8fe2a-d9bd-4ab1-a2a7-1ceffc6c9c18"
                      },
                      "type": "Scope"
                    }
                  },
                  "runAfter": {},
                  "expression": {
                    "or": [
                      {
                        "equals": [
                          "@dayOfWeek(utcNow())",
                          1
                        ]
                      },
                      {
                        "equals": [
                          "@variables('var_enableTesting')",
                          true
                        ]
                      }
                    ]
                  },
                  "metadata": {
                    "operationMetadataId": "97861200-463d-41e7-8198-81f2226a9eb5"
                  },
                  "type": "If"
                }
              },
              "runAfter": {
                "Parallel_Start": [
                  "Succeeded"
                ]
              },
              "metadata": {
                "operationMetadataId": "095348d5-82f8-49f2-9685-4167bd9cc86d"
              },
              "type": "Scope"
            },
            "Close_Request_for_Environments_that_were_manually_deleted": {
              "actions": {
                "Apply_to_each_Live_Environment_Creation_Request": {
                  "foreach": "@body('Live_Requests')",
                  "actions": {
                    "Environment_exists_in_Power_Platform_API": {
                      "actions": {},
                      "runAfter": {
                        "Get_Environment_from_Power_Platform_response": [
                          "Succeeded"
                        ]
                      },
                      "else": {
                        "actions": {
                          "Close_Request_(Manually_Deleted)": {
                            "runAfter": {},
                            "metadata": {
                              "operationMetadataId": "2d20d79a-ae97-4bba-8328-1e2d5ea21c3a"
                            },
                            "type": "OpenApiConnection",
                            "inputs": {
                              "host": {
                                "connectionName": "shared_commondataserviceforapps",
                                "operationId": "UpdateRecord",
                                "apiId": "/providers/Microsoft.PowerApps/apis/shared_commondataserviceforapps"
                              },
                              "parameters": {
                                "entityName": "coe_environmentcreationrequests",
                                "recordId": "@items('Apply_to_each_Live_Environment_Creation_Request')?['coe_environmentcreationrequestid']",
                                "item/coe_notes": "Manually deleted",
                                "item/coe_requeststatus": 181330001,
                                "item/statecode": 1
                              },
                              "authentication": "@parameters('$authentication')"
                            }
                          }
                        }
                      },
                      "expression": {
                        "greater": [
                          "@length(body('Get_Environment_from_Power_Platform_response'))",
                          0
                        ]
                      },
                      "metadata": {
                        "operationMetadataId": "482cd1be-1f2c-484b-9f64-5ce1577d3202"
                      },
                      "type": "If",
                      "description": "True == Environment was not deleted manually"
                    },
                    "Get_Environment_from_Power_Platform_response": {
                      "runAfter": {},
                      "metadata": {
                        "operationMetadataId": "af0a421a-029d-433a-9330-ff65f9e316fc"
                      },
                      "type": "Query",
                      "inputs": {
                        "from": "@outputs('List_Environments_as_Admin')?['body/value']",
                        "where": "@equals(item()?['name'], items('Apply_to_each_Live_Environment_Creation_Request')?['_coe_environment_value'])"
                      },
                      "description": "Look for Environment item in response from Power Platform API, which represents the actual environment count"
                    }
                  },
                  "runAfter": {},
                  "metadata": {
                    "operationMetadataId": "49191a20-e8ed-4144-9ca4-e180e2de0375"
                  },
                  "type": "Foreach"
                }
              },
              "runAfter": {
                "Parallel_Start": [
                  "Succeeded"
                ]
              },
              "metadata": {
                "operationMetadataId": "ddedb923-7d6f-45dc-ba47-6c59cd134567"
              },
              "type": "Scope",
              "description": "Updates the Request record if the environment has been manually deleted (as opposed to being cleaned up), and whether an environment was created and associated to the Request record successfully. "
            },
            "Parallel_End": {
              "runAfter": {
                "Close_Request_for_Environments_that_were_manually_deleted": [
                  "Succeeded"
                ],
                "Notify_Admins_of_Expiring_Environments": [
                  "Succeeded"
                ],
                "Delete_Expired_Environments": [
                  "Succeeded"
                ]
              },
              "metadata": {
                "operationMetadataId": "8e4e425a-74a0-4488-873e-13eb318507cf"
              },
              "type": "Compose",
              "inputs": 0
            }
          },
          "runAfter": {
            "Data": [
              "Succeeded"
            ]
          },
          "metadata": {
            "operationMetadataId": "69e7b923-a9c0-4606-8976-6d691eeebb0f"
          },
          "type": "Scope"
        },
        "Error_Handling": {
          "actions": {
            "Create_a_new_record_-_Sync_Flow_Errors": {
              "runAfter": {},
              "metadata": {
                "operationMetadataId": "87961ff0-e261-4890-9ab9-a53f88fe0de5"
              },
              "type": "OpenApiConnection",
              "inputs": {
                "host": {
                  "connectionName": "shared_commondataserviceforapps",
                  "operationId": "CreateRecord",
                  "apiId": "/providers/Microsoft.PowerApps/apis/shared_commondataserviceforapps"
                },
                "parameters": {
                  "entityName": "admin_syncflowerrorses",
                  "item/admin_name": "@workflow()?['tags']['flowDisplayName']",
                  "item/admin_flowinstanceurl": "@concat(parameters('Power Automate Environment Variable (admin_PowerAutomateEnvironmentVariable)'), workflow()?['tags']['environmentName'], '/flows/', workflow()?['name'], '/runs/', workflow()?['run']['name'])"
                },
                "authentication": "@parameters('$authentication')",
                "retryPolicy": {
                  "type": "exponential",
                  "count": 10,
                  "interval": "PT10S"
                }
              }
            },
            "Terminate": {
              "runAfter": {
                "Update_Last_Run_Fail": [
                  "Succeeded"
                ]
              },
              "metadata": {
                "operationMetadataId": "9e5a2a18-dba2-47a1-96d5-3356f4348e5a"
              },
              "type": "Terminate",
              "inputs": {
                "runStatus": "Failed",
                "runError": {
                  "code": "500",
                  "message": "Get Environments Failed"
                }
              }
            },
            "Get_ID_Fail": {
              "runAfter": {
                "Create_a_new_record_-_Sync_Flow_Errors": [
                  "Succeeded"
                ]
              },
              "metadata": {
                "operationMetadataId": "47329bf2-8aac-400d-9778-a793b4f1180f"
              },
              "type": "OpenApiConnection",
              "inputs": {
                "host": {
                  "connectionName": "shared_commondataserviceforapps",
                  "operationId": "ListRecords",
                  "apiId": "/providers/Microsoft.PowerApps/apis/shared_commondataserviceforapps"
                },
                "parameters": {
                  "entityName": "admin_coesolutionmetadatas",
                  "$select": "admin_coesolutionmetadataid",
                  "$filter": "admin_objectname eq '@{workflow()?['tags']['flowDisplayName']}'",
                  "$top": 1
                },
                "authentication": "@parameters('$authentication')"
              }
            },
            "Update_Last_Run_Fail": {
              "runAfter": {
                "Get_ID_Fail": [
                  "Succeeded"
                ]
              },
              "metadata": {
                "operationMetadataId": "c63eb7cc-6101-4567-b520-a4a8881264e9"
              },
              "type": "OpenApiConnection",
              "inputs": {
                "host": {
                  "connectionName": "shared_commondataserviceforapps",
                  "operationId": "UpdateRecord",
                  "apiId": "/providers/Microsoft.PowerApps/apis/shared_commondataserviceforapps"
                },
                "parameters": {
                  "entityName": "admin_coesolutionmetadatas",
                  "recordId": "@first(outputs('Get_ID_Fail')?['body/value'])?['admin_coesolutionmetadataid']",
                  "item/admin_lastrun": "@utcNow()",
                  "item/admin_lastrunpassed": false
                },
                "authentication": "@parameters('$authentication')"
              }
            }
          },
          "runAfter": {
            "Cleanup_Environments_Scope": [
              "Failed"
            ]
          },
          "metadata": {
            "operationMetadataId": "38ae684e-622d-42ea-abd2-ee571aee3a5f"
          },
          "type": "Scope"
        },
        "Update_last_run_as_pass": {
          "actions": {
            "Update_Last_Run_Successful": {
              "runAfter": {
                "Get_ID_Pass": [
                  "Succeeded"
                ]
              },
              "metadata": {
                "operationMetadataId": "78ef70e5-7f67-4737-9a02-8533f12caa19"
              },
              "type": "OpenApiConnection",
              "inputs": {
                "host": {
                  "connectionName": "shared_commondataserviceforapps",
                  "operationId": "UpdateRecord",
                  "apiId": "/providers/Microsoft.PowerApps/apis/shared_commondataserviceforapps"
                },
                "parameters": {
                  "entityName": "admin_coesolutionmetadatas",
                  "recordId": "@first(outputs('Get_ID_Pass')?['body/value'])?['admin_coesolutionmetadataid']",
                  "item/admin_lastrun": "@utcNow()",
                  "item/admin_lastrunpassed": true
                },
                "authentication": "@parameters('$authentication')"
              }
            },
            "Get_ID_Pass": {
              "runAfter": {},
              "metadata": {
                "operationMetadataId": "f4f314b6-89d3-4056-af1c-73115e7d6bd1"
              },
              "type": "OpenApiConnection",
              "inputs": {
                "host": {
                  "connectionName": "shared_commondataserviceforapps",
                  "operationId": "ListRecords",
                  "apiId": "/providers/Microsoft.PowerApps/apis/shared_commondataserviceforapps"
                },
                "parameters": {
                  "entityName": "admin_coesolutionmetadatas",
                  "$select": "admin_coesolutionmetadataid",
                  "$filter": "admin_objectname eq '@{workflow()?['tags']['flowDisplayName']}'",
                  "$top": 1
                },
                "authentication": "@parameters('$authentication')"
              }
            },
            "Catch_-_not_ready_to_take_last_run_date": {
              "runAfter": {
                "Update_Last_Run_Successful": [
                  "Failed"
                ]
              },
              "metadata": {
                "operationMetadataId": "f88cdefe-c402-49d7-8f4a-934475e6f741"
              },
              "type": "Compose",
              "inputs": "Catch - not ready to take last run date"
            }
          },
          "runAfter": {
            "Error_Handling": [
              "Skipped"
            ]
          },
          "metadata": {
            "operationMetadataId": "5c140442-d939-4ca4-8ec8-d1ee2bed4a81"
          },
          "type": "Scope"
        },
        "Data": {
          "actions": {
            "Get_future_time_-_1_month": {
              "runAfter": {},
              "metadata": {
                "operationMetadataId": "351a4c42-ba97-4cfb-832d-ece26decf0e3"
              },
              "type": "Expression",
              "kind": "GetFutureTime",
              "inputs": {
                "interval": 1,
                "timeUnit": "Month"
              }
            },
            "Active_Environment_Creation_Requests": {
              "runAfter": {
                "Get_future_time_-_1_month": [
                  "Succeeded"
                ]
              },
              "metadata": {
                "operationMetadataId": "4762499b-c65d-41db-9060-f97e4cba5527"
              },
              "type": "OpenApiConnection",
              "inputs": {
                "host": {
                  "connectionName": "shared_commondataserviceforapps",
                  "operationId": "ListRecords",
                  "apiId": "/providers/Microsoft.PowerApps/apis/shared_commondataserviceforapps"
                },
                "parameters": {
                  "entityName": "coe_environmentcreationrequests",
                  "$filter": "statuscode eq 1 and coe_expirationdate ne null and coe_requeststatus eq 597910006",
                  "$expand": "coe_EnvCreationRequest_SystemAdmins($select=admin_userprincipalname)"
                },
                "authentication": "@parameters('$authentication')"
              },
              "description": "coe_requeststatus value 597910006 maps to 'Completed'",
              "runtimeConfiguration": {
                "paginationPolicy": {
                  "minimumItemCount": 5000
                }
              }
            },
            "List_Environments_as_Admin": {
              "runAfter": {
                "Active_Environment_Creation_Requests": [
                  "Succeeded"
                ]
              },
              "metadata": {
                "operationMetadataId": "9cf5193c-130e-4711-9035-b5fea402862c"
              },
              "type": "OpenApiConnection",
              "inputs": {
                "host": {
                  "connectionName": "shared_powerplatformforadmins",
                  "operationId": "Get-AdminEnvironment",
                  "apiId": "/providers/Microsoft.PowerApps/apis/shared_powerplatformforadmins"
                },
                "parameters": {
                  "api-version": "2018-10-01"
                },
                "authentication": "@parameters('$authentication')"
              }
            },
            "Linked_Requests": {
              "runAfter": {
                "List_Environments_as_Admin": [
                  "Succeeded"
                ]
              },
              "metadata": {
                "operationMetadataId": "c8b83cc1-debf-4ff1-9911-e8bbf2fd915f"
              },
              "type": "Query",
              "inputs": {
                "from": "@outputs('Active_Environment_Creation_Requests')?['body/value']",
                "where": "@not(equals(item()?['_coe_environment_value'], null))"
              }
            },
            "Expired_Requests": {
              "runAfter": {
                "Linked_Requests": [
                  "Succeeded"
                ]
              },
              "metadata": {
                "operationMetadataId": "06f96a47-5caa-4a90-b7cc-7b6e12bcde64"
              },
              "type": "Query",
              "inputs": {
                "from": "@body('Linked_Requests')",
                "where": "@lessOrEquals(item()?['coe_expirationdate'], utcnow())"
              }
            },
            "Expiring_Requests": {
              "runAfter": {
                "Expired_Requests": [
                  "Succeeded"
                ]
              },
              "metadata": {
                "operationMetadataId": "c9f2ff2c-3ad5-45be-b6be-4ce1b8d987e0"
              },
              "type": "Query",
              "inputs": {
                "from": "@body('Linked_Requests')",
                "where": "@and(lessOrEquals(item()?['coe_expirationdate'], body('Get_future_time_-_1_month')),greater(item()?['coe_expirationdate'], utcnow()))"
              }
            },
            "Live_Requests": {
              "runAfter": {
                "Expiring_Requests": [
                  "Succeeded"
                ]
              },
              "metadata": {
                "operationMetadataId": "7dd669f6-888d-41a6-a57d-d6e7d44f2760"
              },
              "type": "Query",
              "inputs": {
                "from": "@body('Linked_Requests')",
                "where": "@greater(item()?['coe_expirationdate'], body('Get_future_time_-_1_month'))"
              }
            }
          },
          "runAfter": {
            "Initialize_variable_for_testing": [
              "Succeeded"
            ]
          },
          "metadata": {
            "operationMetadataId": "22afb031-d289-48e0-b275-e67c1f7ff798"
          },
          "type": "Scope"
        }
      },
      "outputs": {}
    },
    "templateName": ""
  },
  "schemaVersion": "1.0.0.0"
}