{
  "properties": {
    "connectionReferences": {
      "shared_commondataserviceforapps": {
        "impersonation": {},
        "runtimeSource": "embedded",
        "connection": {
          "connectionReferenceLogicalName": "admin_CoECoreDataverseEnvRequest"
        },
        "api": {
          "name": "shared_commondataserviceforapps"
        }
      },
      "shared_office365groups_1": {
        "runtimeSource": "embedded",
        "connection": {
          "connectionReferenceLogicalName": "admin_CoECoreO365Groups"
        },
        "api": {
          "name": "shared_office365groups"
        }
      }
    },
    "definition": {
      "$schema": "https://schema.management.azure.com/providers/Microsoft.Logic/schemas/2016-06-01/workflowdefinition.json#",
      "contentVersion": "1.0.0.0",
      "parameters": {
        "$connections": {
          "defaultValue": {},
          "type": "Object"
        },
        "$authentication": {
          "defaultValue": {},
          "type": "SecureObject"
        },
        "Power Automate Environment Variable (admin_PowerAutomateEnvironmentVariable)": {
          "defaultValue": "https://flow.microsoft.com/manage/environments/",
          "type": "String",
          "metadata": {
            "schemaName": "admin_PowerAutomateEnvironmentVariable",
            "description": "Inventory - REQUIRED. Environment, including geographic location, for Power Automate - Ex for commercial: https://flow.microsoft.com/manage/environments/"
          }
        }
      },
      "triggers": {
        "manual": {
          "metadata": {
            "operationMetadataId": "9aec5393-1abe-4f28-bbbc-a58b84746201"
          },
          "type": "Request",
          "kind": "PowerAppV2",
          "inputs": {
            "schema": {
              "type": "object",
              "properties": {
                "text": {
                  "title": "UserID",
                  "type": "string",
                  "x-ms-dynamically-added": true,
                  "description": "Please enter your input",
                  "x-ms-content-hint": "TEXT"
                },
                "text_1": {
                  "title": "SrID",
                  "type": "string",
                  "x-ms-dynamically-added": true,
                  "description": "Please enter your input",
                  "x-ms-content-hint": "TEXT"
                },
                "boolean": {
                  "title": "UserIsGroup",
                  "type": "boolean",
                  "x-ms-dynamically-added": true,
                  "description": "Please select yes or no",
                  "x-ms-content-hint": "BOOLEAN"
                },
                "boolean_1": {
                  "title": "SrIsBu",
                  "type": "boolean",
                  "x-ms-dynamically-added": true,
                  "description": "Please select yes or no",
                  "x-ms-content-hint": "BOOLEAN"
                }
              },
              "required": [
                "text",
                "text_1",
                "boolean",
                "boolean_1"
              ]
            }
          }
        }
      },
      "actions": {
        "Initialize_ReturnValue_to_Pass": {
          "runAfter": {},
          "metadata": {
            "operationMetadataId": "ab7082a1-7af6-4e2a-8c60-a7b93651df23"
          },
          "type": "InitializeVariable",
          "inputs": {
            "variables": [
              {
                "name": "ReturnValue",
                "type": "string",
                "value": "Pass"
              }
            ]
          }
        },
        "Add_users": {
          "actions": {
            "If_User_Is_Group": {
              "actions": {
                "List_teams_with_this_Azure_AD_Object_ID": {
                  "runAfter": {},
                  "metadata": {
                    "operationMetadataId": "1bc2504b-748b-4b6c-a14d-af7a117454c0"
                  },
                  "type": "OpenApiConnection",
                  "inputs": {
                    "host": {
                      "apiId": "/providers/Microsoft.PowerApps/apis/shared_commondataserviceforapps",
                      "connectionName": "shared_commondataserviceforapps",
                      "operationId": "ListRecords"
                    },
                    "parameters": {
                      "entityName": "teams",
                      "$select": "teamid, name",
                      "$filter": "azureactivedirectoryobjectid eq @{triggerBody()['text']}"
                    },
                    "authentication": "@parameters('$authentication')"
                  }
                },
                "See_if_team_already_exists": {
                  "actions": {
                    "Relate_Existing_Team_to_Role": {
                      "runAfter": {},
                      "metadata": {
                        "operationMetadataId": "744e050f-25ec-41e1-923e-56e30928fa5d"
                      },
                      "type": "OpenApiConnection",
                      "inputs": {
                        "host": {
                          "apiId": "/providers/Microsoft.PowerApps/apis/shared_commondataserviceforapps",
                          "connectionName": "shared_commondataserviceforapps",
                          "operationId": "AssociateEntities"
                        },
                        "parameters": {
                          "entityName": "roles",
                          "recordId": "@triggerBody()['text_1']",
                          "associationEntityRelationship": "teamroles_association",
                          "item/@odata.id": "@first(outputs('List_teams_with_this_Azure_AD_Object_ID')?['body/value'])?['@odata.id']"
                        },
                        "authentication": "@parameters('$authentication')"
                      }
                    }
                  },
                  "runAfter": {
                    "List_teams_with_this_Azure_AD_Object_ID": [
                      "Succeeded"
                    ]
                  },
                  "else": {
                    "actions": {
                      "Get_Team_Type": {
                        "actions": {
                          "TeamType": {
                            "runAfter": {
                              "Filter_to_This_Group": [
                                "Succeeded"
                              ]
                            },
                            "metadata": {
                              "operationMetadataId": "4facdd88-a4ba-4eb1-ab45-2579ff085997"
                            },
                            "type": "Compose",
                            "inputs": "@if(equals(length(first(body('Filter_to_This_Group'))?['groupTypes']), 0), 2, 3)"
                          },
                          "Filter_to_This_Group": {
                            "runAfter": {
                              "List_groups": [
                                "Succeeded"
                              ]
                            },
                            "metadata": {
                              "operationMetadataId": "757973dd-2752-4019-8411-5729d3c7fe72"
                            },
                            "type": "Query",
                            "inputs": {
                              "from": "@outputs('List_groups')?['body/value']",
                              "where": "@equals(item()?['id'], triggerBody()['text'])"
                            }
                          },
                          "List_groups": {
                            "runAfter": {},
                            "metadata": {
                              "operationMetadataId": "d71e3969-2564-41ec-b16e-b2cdeebc12e4"
                            },
                            "type": "OpenApiConnection",
                            "inputs": {
                              "host": {
                                "apiId": "/providers/Microsoft.PowerApps/apis/shared_office365groups",
                                "connectionName": "shared_office365groups_1",
                                "operationId": "ListGroups"
                              },
                              "parameters": {},
                              "authentication": {
                                "value": "@json(decodeBase64(triggerOutputs().headers['X-MS-APIM-Tokens']))['$ConnectionKey']",
                                "type": "Raw"
                              }
                            },
                            "runtimeConfiguration": {
                              "paginationPolicy": {
                                "minimumItemCount": 100000
                              }
                            }
                          }
                        },
                        "runAfter": {},
                        "metadata": {
                          "operationMetadataId": "36c4cb04-aca5-4494-8500-22810de61664"
                        },
                        "type": "Scope"
                      },
                      "Add_a_new_team": {
                        "runAfter": {
                          "Get_Team_Type": [
                            "Succeeded"
                          ]
                        },
                        "metadata": {
                          "operationMetadataId": "acb28fa8-2858-4c47-8c78-bdc1918695fa"
                        },
                        "type": "OpenApiConnection",
                        "inputs": {
                          "host": {
                            "apiId": "/providers/Microsoft.PowerApps/apis/shared_commondataserviceforapps",
                            "connectionName": "shared_commondataserviceforapps",
                            "operationId": "CreateRecord"
                          },
                          "parameters": {
                            "entityName": "teams",
                            "item/membershiptype": 0,
                            "item/name": "@{first(body('Filter_to_This_Group'))?['displayName']} Team",
                            "item/teamtype": "@outputs('TeamType')",
                            "item/azureactivedirectoryobjectid": "@triggerBody()['text']"
                          },
                          "authentication": "@parameters('$authentication')"
                        }
                      },
                      "Relate_New_Team_to_Role": {
                        "runAfter": {
                          "Add_a_new_team": [
                            "Succeeded"
                          ]
                        },
                        "metadata": {
                          "operationMetadataId": "744e050f-25ec-41e1-923e-56e30928fa5d"
                        },
                        "type": "OpenApiConnection",
                        "inputs": {
                          "host": {
                            "apiId": "/providers/Microsoft.PowerApps/apis/shared_commondataserviceforapps",
                            "connectionName": "shared_commondataserviceforapps",
                            "operationId": "AssociateEntities"
                          },
                          "parameters": {
                            "entityName": "roles",
                            "recordId": "@triggerBody()['text_1']",
                            "associationEntityRelationship": "teamroles_association",
                            "item/@odata.id": "@outputs('Add_a_new_team')?['body/@odata.id']"
                          },
                          "authentication": "@parameters('$authentication')"
                        }
                      }
                    }
                  },
                  "expression": {
                    "greater": [
                      "@length(outputs('List_teams_with_this_Azure_AD_Object_ID')?['body/value'])",
                      0
                    ]
                  },
                  "metadata": {
                    "operationMetadataId": "9f5da638-4c6a-435b-84e3-1a88ca7f73f8"
                  },
                  "type": "If"
                }
              },
              "runAfter": {},
              "else": {
                "actions": {
                  "Compose": {
                    "runAfter": {},
                    "metadata": {
                      "operationMetadataId": "2cfb0acd-c8e7-4f98-8f41-b2701acafad8"
                    },
                    "type": "Compose",
                    "inputs": "Not Yet Implemented"
                  }
                }
              },
              "expression": {
                "equals": [
                  "@triggerBody()['boolean']",
                  "@true"
                ]
              },
              "metadata": {
                "operationMetadataId": "be15d55b-5db8-4a68-b012-129e40ded278"
              },
              "type": "If"
            },
            "Set_ReturnValue_if_failed": {
              "runAfter": {
                "If_User_Is_Group": [
                  "Failed"
                ]
              },
              "metadata": {
                "operationMetadataId": "f9fd701a-41cc-421b-b4b7-a3a284a853bd"
              },
              "type": "SetVariable",
              "inputs": {
                "name": "ReturnValue",
                "value": "Fail"
              }
            },
            "Respond_to_a_PowerApp_or_flow": {
              "runAfter": {
                "Set_ReturnValue_if_failed": [
                  "Succeeded",
                  "Skipped"
                ]
              },
              "metadata": {
                "operationMetadataId": "11652d5a-b2a7-419d-9b20-3b551a2668b5"
              },
              "type": "Response",
              "kind": "PowerApp",
              "inputs": {
                "statusCode": 200,
                "body": {
                  "return": "@variables('ReturnValue')"
                },
                "schema": {
                  "type": "object",
                  "properties": {
                    "return": {
                      "title": "Return",
                      "x-ms-dynamically-added": true,
                      "type": "string"
                    }
                  }
                }
              }
            }
          },
          "runAfter": {
            "Initialize_ReturnValue_to_Pass": [
              "Succeeded"
            ]
          },
          "metadata": {
            "operationMetadataId": "cf7de050-16bf-4b14-9de0-2bb79fb6d3d4"
          },
          "type": "Scope"
        },
        "Error_Handling": {
          "actions": {
            "Create_a_new_record_-_Sync_Flow_Errors": {
              "runAfter": {},
              "metadata": {
                "operationMetadataId": "87961ff0-e261-4890-9ab9-a53f88fe0de5"
              },
              "type": "OpenApiConnection",
              "inputs": {
                "host": {
                  "apiId": "/providers/Microsoft.PowerApps/apis/shared_commondataserviceforapps",
                  "connectionName": "shared_commondataserviceforapps",
                  "operationId": "CreateRecord"
                },
                "parameters": {
                  "entityName": "admin_syncflowerrorses",
                  "item/admin_name": "@workflow()?['tags']['flowDisplayName']",
                  "item/admin_flowinstanceurl": "@concat(parameters('Power Automate Environment Variable (admin_PowerAutomateEnvironmentVariable)'), workflow()?['tags']['environmentName'], '/flows/', workflow()?['name'], '/runs/', workflow()?['run']['name'])"
                },
                "retryPolicy": {
                  "type": "exponential",
                  "count": 10,
                  "interval": "PT10S"
                },
                "authentication": "@parameters('$authentication')"
              }
            },
            "Terminate": {
              "runAfter": {
                "Update_Last_Run_Fail": [
                  "Succeeded"
                ]
              },
              "metadata": {
                "operationMetadataId": "9e5a2a18-dba2-47a1-96d5-3356f4348e5a"
              },
              "type": "Terminate",
              "inputs": {
                "runStatus": "Failed",
                "runError": {
                  "code": "500",
                  "message": "Get Environments Failed"
                }
              }
            },
            "Get_ID_Fail": {
              "runAfter": {
                "Create_a_new_record_-_Sync_Flow_Errors": [
                  "Succeeded"
                ]
              },
              "metadata": {
                "operationMetadataId": "47329bf2-8aac-400d-9778-a793b4f1180f"
              },
              "type": "OpenApiConnection",
              "inputs": {
                "host": {
                  "apiId": "/providers/Microsoft.PowerApps/apis/shared_commondataserviceforapps",
                  "connectionName": "shared_commondataserviceforapps",
                  "operationId": "ListRecords"
                },
                "parameters": {
                  "entityName": "admin_coesolutionmetadatas",
                  "$select": "admin_coesolutionmetadataid",
                  "$filter": "admin_objectname eq '@{workflow()?['tags']['flowDisplayName']}'",
                  "$top": 1
                },
                "authentication": "@parameters('$authentication')"
              }
            },
            "Update_Last_Run_Fail": {
              "runAfter": {
                "Get_ID_Fail": [
                  "Succeeded"
                ]
              },
              "metadata": {
                "operationMetadataId": "c63eb7cc-6101-4567-b520-a4a8881264e9"
              },
              "type": "OpenApiConnection",
              "inputs": {
                "host": {
                  "apiId": "/providers/Microsoft.PowerApps/apis/shared_commondataserviceforapps",
                  "connectionName": "shared_commondataserviceforapps",
                  "operationId": "UpdateRecord"
                },
                "parameters": {
                  "entityName": "admin_coesolutionmetadatas",
                  "recordId": "@first(outputs('Get_ID_Fail')?['body/value'])?['admin_coesolutionmetadataid']",
                  "item/admin_lastrun": "@utcNow()",
                  "item/admin_lastrunpassed": false
                },
                "authentication": "@parameters('$authentication')"
              }
            }
          },
          "runAfter": {
            "Add_users": [
              "Failed"
            ]
          },
          "metadata": {
            "operationMetadataId": "38ae684e-622d-42ea-abd2-ee571aee3a5f"
          },
          "type": "Scope"
        },
        "Update_last_run_as_pass": {
          "actions": {
            "Update_Last_Run_Successful": {
              "runAfter": {
                "Get_ID_Pass": [
                  "Succeeded"
                ]
              },
              "metadata": {
                "operationMetadataId": "78ef70e5-7f67-4737-9a02-8533f12caa19"
              },
              "type": "OpenApiConnection",
              "inputs": {
                "host": {
                  "apiId": "/providers/Microsoft.PowerApps/apis/shared_commondataserviceforapps",
                  "connectionName": "shared_commondataserviceforapps",
                  "operationId": "UpdateRecord"
                },
                "parameters": {
                  "entityName": "admin_coesolutionmetadatas",
                  "recordId": "@first(outputs('Get_ID_Pass')?['body/value'])?['admin_coesolutionmetadataid']",
                  "item/admin_lastrun": "@utcNow()",
                  "item/admin_lastrunpassed": true
                },
                "authentication": "@parameters('$authentication')"
              }
            },
            "Get_ID_Pass": {
              "runAfter": {},
              "metadata": {
                "operationMetadataId": "f4f314b6-89d3-4056-af1c-73115e7d6bd1"
              },
              "type": "OpenApiConnection",
              "inputs": {
                "host": {
                  "apiId": "/providers/Microsoft.PowerApps/apis/shared_commondataserviceforapps",
                  "connectionName": "shared_commondataserviceforapps",
                  "operationId": "ListRecords"
                },
                "parameters": {
                  "entityName": "admin_coesolutionmetadatas",
                  "$select": "admin_coesolutionmetadataid",
                  "$filter": "admin_objectname eq '@{workflow()?['tags']['flowDisplayName']}'",
                  "$top": 1
                },
                "authentication": "@parameters('$authentication')"
              }
            },
            "Catch_-_not_ready_to_take_last_run_date": {
              "runAfter": {
                "Update_Last_Run_Successful": [
                  "Failed"
                ]
              },
              "metadata": {
                "operationMetadataId": "f88cdefe-c402-49d7-8f4a-934475e6f741"
              },
              "type": "Compose",
              "inputs": "Catch - not ready to take last run date"
            }
          },
          "runAfter": {
            "Error_Handling": [
              "Skipped"
            ]
          },
          "metadata": {
            "operationMetadataId": "5c140442-d939-4ca4-8ec8-d1ee2bed4a81"
          },
          "type": "Scope"
        }
      }
    },
    "templateName": null
  },
  "schemaVersion": "1.0.0.0"
}