{
  "properties": {
    "connectionReferences": {
      "shared_commondataserviceforapps": {
        "runtimeSource": "embedded",
        "connection": {
          "connectionReferenceLogicalName": "admin_sharedcommondataserviceforapps_98924"
        },
        "api": {
          "name": "shared_commondataserviceforapps"
        }
      }
    },
    "definition": {
      "$schema": "https://schema.management.azure.com/providers/Microsoft.Logic/schemas/2016-06-01/workflowdefinition.json#",
      "contentVersion": "1.0.0.0",
      "parameters": {
        "$connections": {
          "defaultValue": {},
          "type": "Object"
        },
        "$authentication": {
          "defaultValue": {},
          "type": "SecureObject"
        },
        "Power Automate Environment Variable (admin_PowerAutomateEnvironmentVariable)": {
          "defaultValue": "https://flow.microsoft.com/manage/environments/",
          "type": "String",
          "metadata": {
            "schemaName": "admin_PowerAutomateEnvironmentVariable",
            "description": "Inventory - REQUIRED. Environment, including geographic location, for Power Automate - Ex for commercial: https://flow.microsoft.com/manage/environments/"
          }
        }
      },
      "triggers": {
        "manual": {
          "metadata": {
            "operationMetadataId": "1a4f0b2c-2dc2-4c7f-8f34-bccb41785e8f"
          },
          "type": "Request",
          "kind": "PowerAppV2",
          "inputs": {
            "schema": {
              "type": "object",
              "properties": {
                "text": {
                  "title": "newOwner",
                  "type": "string",
                  "x-ms-dynamically-added": true,
                  "description": "Please enter your input",
                  "x-ms-content-hint": "TEXT"
                },
                "text_1": {
                  "title": "objectName",
                  "type": "string",
                  "x-ms-dynamically-added": true,
                  "description": "Please enter your input",
                  "x-ms-content-hint": "TEXT"
                },
                "text_2": {
                  "title": "envName",
                  "type": "string",
                  "x-ms-dynamically-added": true,
                  "description": "Please enter your input",
                  "x-ms-content-hint": "TEXT"
                },
                "text_3": {
                  "title": "action",
                  "type": "string",
                  "x-ms-dynamically-added": true,
                  "description": "Please enter your input",
                  "x-ms-content-hint": "TEXT"
                },
                "text_4": {
                  "title": "objectType",
                  "type": "string",
                  "x-ms-dynamically-added": true,
                  "description": "Please enter your input",
                  "x-ms-content-hint": "TEXT"
                },
                "boolean": {
                  "title": "isGroup",
                  "type": "boolean",
                  "x-ms-dynamically-added": true,
                  "description": "Please select yes or no",
                  "x-ms-content-hint": "BOOLEAN"
                }
              },
              "required": [
                "text",
                "text_1",
                "text_2",
                "text_3",
                "text_4"
              ]
            }
          }
        }
      },
      "actions": {
        "Initialize_ReturnString": {
          "runAfter": {
            "Initialize_isGroup": [
              "Succeeded"
            ]
          },
          "metadata": {
            "operationMetadataId": "a4d712c9-0c85-44f2-bbc1-7001be729cac"
          },
          "type": "InitializeVariable",
          "inputs": {
            "variables": [
              {
                "name": "ReturnString",
                "type": "string",
                "value": "pass"
              }
            ]
          }
        },
        "call_child_flow": {
          "actions": {
            "Respond_to_a_PowerApp_or_flow": {
              "runAfter": {
                "see_if_app_or_flow": [
                  "Succeeded"
                ]
              },
              "metadata": {
                "operationMetadataId": "d2179fbf-0042-489a-9bb7-a23743aac56e"
              },
              "type": "Response",
              "kind": "PowerApp",
              "inputs": {
                "statusCode": 200,
                "body": {
                  "thereturnstring": "@variables('ReturnString')"
                },
                "schema": {
                  "type": "object",
                  "properties": {
                    "thereturnstring": {
                      "title": "theReturnString",
                      "x-ms-dynamically-added": true,
                      "type": "string"
                    }
                  }
                }
              }
            },
            "Group_or_User": {
              "actions": {
                "Set_isGroup_variable_to_input_parameter": {
                  "runAfter": {},
                  "metadata": {
                    "operationMetadataId": "a4ba0c4a-f03b-4097-8e36-e0ad13884345"
                  },
                  "type": "SetVariable",
                  "inputs": {
                    "name": "isGroup",
                    "value": "@triggerBody()['boolean']"
                  }
                },
                "Catch_paramater_missing_-_default_is_false": {
                  "runAfter": {
                    "Set_isGroup_variable_to_input_parameter": [
                      "Failed"
                    ]
                  },
                  "metadata": {
                    "operationMetadataId": "6e9e01d9-a047-4e38-97cb-46e0e293841f"
                  },
                  "type": "Compose",
                  "inputs": "Catch paramater missing - default is false"
                }
              },
              "runAfter": {},
              "metadata": {
                "operationMetadataId": "f6ad0ddc-2c4e-4efc-9b2b-1e431d37d256"
              },
              "type": "Scope"
            },
            "see_if_app_or_flow": {
              "actions": {
                "Run_App_Helper_Flow": {
                  "runAfter": {},
                  "metadata": {
                    "operationMetadataId": "7abaa640-87dd-4c3f-81e6-fa09cb43ddfb"
                  },
                  "type": "Workflow",
                  "inputs": {
                    "host": {
                      "workflowReferenceName": "41263d72-4dea-eb11-bacb-000d3a5786fb"
                    },
                    "body": {
                      "text": "@triggerBody()['text']",
                      "text_1": "@triggerBody()['text_1']",
                      "text_2": "@triggerBody()['text_2']",
                      "text_3": "@triggerBody()['text_3']",
                      "boolean": "@variables('isGroup')"
                    }
                  }
                },
                "Set_ReturnString_to_fail_as_Run_App_Helper_Flow_failed": {
                  "runAfter": {
                    "Run_App_Helper_Flow": [
                      "Failed"
                    ]
                  },
                  "metadata": {
                    "operationMetadataId": "6f69d0ef-a441-4206-b085-cbed7b84de53"
                  },
                  "type": "SetVariable",
                  "inputs": {
                    "name": "ReturnString",
                    "value": "failed to call helper"
                  }
                },
                "check_if_Run_App_Helper_flow_failed": {
                  "actions": {
                    "Set_ReturnString_to_return_value_from_Run_App_Helper_Flow": {
                      "runAfter": {},
                      "metadata": {
                        "operationMetadataId": "7c64f4b7-e104-468e-b9df-f4f4c0fc4cfe"
                      },
                      "type": "SetVariable",
                      "inputs": {
                        "name": "ReturnString",
                        "value": "@body('Run_App_Helper_Flow')?['thereturnstring']"
                      }
                    }
                  },
                  "runAfter": {
                    "Set_ReturnString_to_fail_as_Run_App_Helper_Flow_failed": [
                      "Skipped"
                    ]
                  },
                  "expression": {
                    "not": {
                      "equals": [
                        "@body('Run_App_Helper_Flow')?['thereturnstring']",
                        "pass"
                      ]
                    }
                  },
                  "metadata": {
                    "operationMetadataId": "11ec992f-86be-4815-9df4-fc4c6097ae91"
                  },
                  "type": "If"
                }
              },
              "runAfter": {
                "Group_or_User": [
                  "Succeeded"
                ]
              },
              "else": {
                "actions": {
                  "Run_Flow_Helper_Flow": {
                    "runAfter": {},
                    "metadata": {
                      "operationMetadataId": "be86b1cc-e5dd-4601-b5a5-6c1636b5ea5b"
                    },
                    "type": "Workflow",
                    "inputs": {
                      "host": {
                        "workflowReferenceName": "6093b58a-4fea-eb11-bacb-000d3a578f6c"
                      },
                      "body": {
                        "text": "@triggerBody()['text']",
                        "text_1": "@triggerBody()['text_1']",
                        "text_2": "@triggerBody()['text_2']",
                        "text_3": "@triggerBody()['text_3']"
                      }
                    }
                  },
                  "Set_ReturnString_to_fail_as_Run_Flow_Helper_Flow_failed": {
                    "runAfter": {
                      "Run_Flow_Helper_Flow": [
                        "Failed"
                      ]
                    },
                    "metadata": {
                      "operationMetadataId": "03a03ed2-018f-4c65-8c51-c31c5cc94f81"
                    },
                    "type": "SetVariable",
                    "inputs": {
                      "name": "ReturnString",
                      "value": "failed to call helper"
                    }
                  },
                  "check_if_Run_Flow_Helper_flow_failed": {
                    "actions": {
                      "Set_ReturnString_to_return_value_from_Run_Flow_Helper_Flow": {
                        "runAfter": {},
                        "metadata": {
                          "operationMetadataId": "cbc003d2-ce83-4b20-a882-3b8f4c82d556"
                        },
                        "type": "SetVariable",
                        "inputs": {
                          "name": "ReturnString",
                          "value": "@body('Run_Flow_Helper_Flow')?['thereturnstring']"
                        }
                      }
                    },
                    "runAfter": {
                      "Set_ReturnString_to_fail_as_Run_Flow_Helper_Flow_failed": [
                        "Skipped"
                      ]
                    },
                    "expression": {
                      "not": {
                        "equals": [
                          "@body('Run_Flow_Helper_Flow')?['thereturnstring']",
                          "pass"
                        ]
                      }
                    },
                    "metadata": {
                      "operationMetadataId": "ea8988cc-0847-4791-9ca7-06d9745fa6b5"
                    },
                    "type": "If"
                  }
                }
              },
              "expression": {
                "equals": [
                  "@triggerBody()['text_4']",
                  "app"
                ]
              },
              "metadata": {
                "operationMetadataId": "42ce620d-ffb2-4dc6-9273-eb96a9a36f86"
              },
              "type": "If"
            }
          },
          "runAfter": {
            "Initialize_ReturnString": [
              "Succeeded"
            ]
          },
          "metadata": {
            "operationMetadataId": "1356436e-8e40-4ba8-8d02-59ffbfee4790"
          },
          "type": "Scope"
        },
        "Error_Handling": {
          "actions": {
            "Create_a_new_record_-_Sync_Flow_Errors": {
              "runAfter": {},
              "metadata": {
                "operationMetadataId": "87961ff0-e261-4890-9ab9-a53f88fe0de5"
              },
              "type": "OpenApiConnection",
              "inputs": {
                "host": {
                  "connectionName": "shared_commondataserviceforapps",
                  "operationId": "CreateRecord",
                  "apiId": "/providers/Microsoft.PowerApps/apis/shared_commondataserviceforapps"
                },
                "parameters": {
                  "entityName": "admin_syncflowerrorses",
                  "item/admin_name": "@workflow()?['tags']['flowDisplayName']",
                  "item/admin_flowinstanceurl": "@concat(parameters('Power Automate Environment Variable (admin_PowerAutomateEnvironmentVariable)'), workflow()?['tags']['environmentName'], '/flows/', workflow()?['name'], '/runs/', workflow()?['run']['name'])"
                },
                "authentication": "@parameters('$authentication')",
                "retryPolicy": {
                  "type": "exponential",
                  "count": 10,
                  "interval": "PT10S"
                }
              }
            },
            "Terminate": {
              "runAfter": {
                "Update_Last_Run_Fail": [
                  "Succeeded"
                ]
              },
              "metadata": {
                "operationMetadataId": "9e5a2a18-dba2-47a1-96d5-3356f4348e5a"
              },
              "type": "Terminate",
              "inputs": {
                "runStatus": "Failed",
                "runError": {
                  "code": "500",
                  "message": "Get Environments Failed"
                }
              }
            },
            "Get_ID_Fail": {
              "runAfter": {
                "Create_a_new_record_-_Sync_Flow_Errors": [
                  "Succeeded"
                ]
              },
              "metadata": {
                "operationMetadataId": "47329bf2-8aac-400d-9778-a793b4f1180f"
              },
              "type": "OpenApiConnection",
              "inputs": {
                "host": {
                  "connectionName": "shared_commondataserviceforapps",
                  "operationId": "ListRecords",
                  "apiId": "/providers/Microsoft.PowerApps/apis/shared_commondataserviceforapps"
                },
                "parameters": {
                  "entityName": "admin_coesolutionmetadatas",
                  "$select": "admin_coesolutionmetadataid",
                  "$filter": "admin_objectname eq '@{workflow()?['tags']['flowDisplayName']}'",
                  "$top": 1
                },
                "authentication": "@parameters('$authentication')"
              }
            },
            "Update_Last_Run_Fail": {
              "runAfter": {
                "Get_ID_Fail": [
                  "Succeeded"
                ]
              },
              "metadata": {
                "operationMetadataId": "c63eb7cc-6101-4567-b520-a4a8881264e9"
              },
              "type": "OpenApiConnection",
              "inputs": {
                "host": {
                  "connectionName": "shared_commondataserviceforapps",
                  "operationId": "UpdateRecord",
                  "apiId": "/providers/Microsoft.PowerApps/apis/shared_commondataserviceforapps"
                },
                "parameters": {
                  "entityName": "admin_coesolutionmetadatas",
                  "recordId": "@first(outputs('Get_ID_Fail')?['body/value'])?['admin_coesolutionmetadataid']",
                  "item/admin_lastrun": "@utcNow()",
                  "item/admin_lastrunpassed": false
                },
                "authentication": "@parameters('$authentication')"
              }
            }
          },
          "runAfter": {
            "call_child_flow": [
              "Failed"
            ]
          },
          "metadata": {
            "operationMetadataId": "38ae684e-622d-42ea-abd2-ee571aee3a5f"
          },
          "type": "Scope"
        },
        "Update_last_run_as_pass": {
          "actions": {
            "Update_Last_Run_Successful": {
              "runAfter": {
                "Get_ID_Pass": [
                  "Succeeded"
                ]
              },
              "metadata": {
                "operationMetadataId": "78ef70e5-7f67-4737-9a02-8533f12caa19"
              },
              "type": "OpenApiConnection",
              "inputs": {
                "host": {
                  "connectionName": "shared_commondataserviceforapps",
                  "operationId": "UpdateRecord",
                  "apiId": "/providers/Microsoft.PowerApps/apis/shared_commondataserviceforapps"
                },
                "parameters": {
                  "entityName": "admin_coesolutionmetadatas",
                  "recordId": "@first(outputs('Get_ID_Pass')?['body/value'])?['admin_coesolutionmetadataid']",
                  "item/admin_lastrun": "@utcNow()",
                  "item/admin_lastrunpassed": true
                },
                "authentication": "@parameters('$authentication')"
              }
            },
            "Get_ID_Pass": {
              "runAfter": {},
              "metadata": {
                "operationMetadataId": "f4f314b6-89d3-4056-af1c-73115e7d6bd1"
              },
              "type": "OpenApiConnection",
              "inputs": {
                "host": {
                  "connectionName": "shared_commondataserviceforapps",
                  "operationId": "ListRecords",
                  "apiId": "/providers/Microsoft.PowerApps/apis/shared_commondataserviceforapps"
                },
                "parameters": {
                  "entityName": "admin_coesolutionmetadatas",
                  "$select": "admin_coesolutionmetadataid",
                  "$filter": "admin_objectname eq '@{workflow()?['tags']['flowDisplayName']}'",
                  "$top": 1
                },
                "authentication": "@parameters('$authentication')"
              }
            },
            "Catch_-_not_ready_to_take_last_run_date": {
              "runAfter": {
                "Update_Last_Run_Successful": [
                  "Failed"
                ]
              },
              "metadata": {
                "operationMetadataId": "f88cdefe-c402-49d7-8f4a-934475e6f741"
              },
              "type": "Compose",
              "inputs": "Catch - not ready to take last run date"
            }
          },
          "runAfter": {
            "Error_Handling": [
              "Skipped"
            ]
          },
          "metadata": {
            "operationMetadataId": "5c140442-d939-4ca4-8ec8-d1ee2bed4a81"
          },
          "type": "Scope"
        },
        "Initialize_isGroup": {
          "runAfter": {},
          "metadata": {
            "operationMetadataId": "4ac73d57-2ed1-4cd7-908e-9a568570e14e"
          },
          "type": "InitializeVariable",
          "inputs": {
            "variables": [
              {
                "name": "isGroup",
                "type": "boolean",
                "value": "@false"
              }
            ]
          }
        }
      },
      "outputs": {}
    },
    "templateName": ""
  },
  "schemaVersion": "1.0.0.0"
}