{
  "properties": {
    "connectionReferences": {
      "shared_commondataserviceforapps": {
        "runtimeSource": "embedded",
        "connection": {
          "connectionReferenceLogicalName": "admin_CoECoreDataverse"
        },
        "api": {
          "name": "shared_commondataserviceforapps"
        }
      }
    },
    "definition": {
      "$schema": "https://schema.management.azure.com/providers/Microsoft.Logic/schemas/2016-06-01/workflowdefinition.json#",
      "contentVersion": "1.0.0.0",
      "parameters": {
        "$connections": {
          "defaultValue": {},
          "type": "Object"
        },
        "$authentication": {
          "defaultValue": {},
          "type": "SecureObject"
        },
        "Power Automate Environment Variable (admin_PowerAutomateEnvironmentVariable)": {
          "defaultValue": "https://flow.microsoft.com/manage/environments/",
          "type": "String",
          "metadata": {
            "schemaName": "admin_PowerAutomateEnvironmentVariable",
            "description": "Inventory - REQUIRED. Environment, including geographic location, for Power Automate - Ex for commercial: https://flow.microsoft.com/manage/environments/"
          }
        }
      },
      "triggers": {
        "manual": {
          "metadata": {
            "operationMetadataId": "293f39e5-b98e-4b0e-886e-777dc2128ddd"
          },
          "type": "Request",
          "kind": "PowerAppV2",
          "inputs": {
            "schema": {
              "type": "object",
              "properties": {
                "text": {
                  "title": "User Name",
                  "type": "string",
                  "x-ms-dynamically-added": true,
                  "description": "Please enter your input",
                  "x-ms-content-hint": "TEXT"
                },
                "text_1": {
                  "title": "Security Role Name",
                  "type": "string",
                  "x-ms-dynamically-added": true,
                  "description": "Please enter your input",
                  "x-ms-content-hint": "TEXT"
                },
                "text_2": {
                  "title": "Security Role TID",
                  "type": "string",
                  "x-ms-dynamically-added": true,
                  "description": "Please enter your input",
                  "x-ms-content-hint": "TEXT"
                },
                "boolean": {
                  "title": "HasSRTid",
                  "type": "boolean",
                  "x-ms-dynamically-added": true,
                  "description": "Please select yes or no",
                  "x-ms-content-hint": "BOOLEAN"
                },
                "text_3": {
                  "title": "Business Unit",
                  "type": "string",
                  "x-ms-dynamically-added": true,
                  "description": "Please enter your input",
                  "x-ms-content-hint": "TEXT"
                },
                "text_4": {
                  "title": "Environment ID",
                  "type": "string",
                  "x-ms-dynamically-added": true,
                  "description": "Please enter your input",
                  "x-ms-content-hint": "TEXT"
                }
              },
              "required": [
                "text",
                "text_1",
                "text_2",
                "boolean",
                "text_3",
                "text_4"
              ]
            }
          }
        }
      },
      "actions": {
        "Remove_User_from_Security_Role": {
          "actions": {
            "Envt": {
              "actions": {
                "Get_Environment": {
                  "runAfter": {},
                  "metadata": {
                    "operationMetadataId": "0212d61c-a5e6-4629-ab41-803b54b49ed3"
                  },
                  "type": "OpenApiConnection",
                  "inputs": {
                    "host": {
                      "connectionName": "shared_commondataserviceforapps",
                      "operationId": "GetItem",
                      "apiId": "/providers/Microsoft.PowerApps/apis/shared_commondataserviceforapps"
                    },
                    "parameters": {
                      "entityName": "admin_environments",
                      "recordId": "@triggerBody()['text_4']",
                      "$select": "admin_environmentcdsinstanceurl, admin_displayname"
                    },
                    "authentication": "@parameters('$authentication')"
                  }
                }
              },
              "runAfter": {},
              "metadata": {
                "operationMetadataId": "6be1daec-9ef5-472b-a356-2c121f0647c9"
              },
              "type": "Scope"
            },
            "User": {
              "actions": {
                "Get_User": {
                  "runAfter": {
                    "Find_UserID": [
                      "Succeeded"
                    ]
                  },
                  "metadata": {
                    "operationMetadataId": "1c68e3cb-c0d9-40e8-99f7-5f04ec7fc489"
                  },
                  "type": "OpenApiConnection",
                  "inputs": {
                    "host": {
                      "connectionName": "shared_commondataserviceforapps",
                      "operationId": "GetItemWithOrganization",
                      "apiId": "/providers/Microsoft.PowerApps/apis/shared_commondataserviceforapps"
                    },
                    "parameters": {
                      "organization": "@outputs('Get_Environment')?['body/admin_environmentcdsinstanceurl']",
                      "entityName": "systemusers",
                      "recordId": "@first(outputs('Find_UserID')?['body/value'])?['systemuserid']"
                    },
                    "authentication": "@parameters('$authentication')"
                  }
                },
                "User_OData_Link": {
                  "runAfter": {
                    "Get_User": [
                      "Succeeded"
                    ]
                  },
                  "metadata": {
                    "operationMetadataId": "abee70b6-032b-4673-aa65-facaaa19e560"
                  },
                  "type": "Compose",
                  "inputs": "@outputs('Get_User')?['body/@odata.id']"
                },
                "User_Name_without_Special_Characters": {
                  "runAfter": {},
                  "metadata": {
                    "operationMetadataId": "404942ef-c376-4dbb-987f-558288131575"
                  },
                  "type": "Compose",
                  "inputs": "@if(equals(triggerBody()['text'], null), null, replace(triggerBody()['text'],'''',''''''))"
                },
                "Find_UserID": {
                  "runAfter": {
                    "User_Name_without_Special_Characters": [
                      "Succeeded"
                    ]
                  },
                  "metadata": {
                    "operationMetadataId": "30ec0be9-308f-44ba-958f-417762b34906"
                  },
                  "type": "OpenApiConnection",
                  "inputs": {
                    "host": {
                      "connectionName": "shared_commondataserviceforapps",
                      "operationId": "ListRecordsWithOrganization",
                      "apiId": "/providers/Microsoft.PowerApps/apis/shared_commondataserviceforapps"
                    },
                    "parameters": {
                      "organization": "@outputs('Get_Environment')?['body/admin_environmentcdsinstanceurl']",
                      "entityName": "systemusers",
                      "$select": "systemuserid, fullname",
                      "$filter": "fullname eq '@{outputs('User_Name_without_Special_Characters')}'"
                    },
                    "authentication": "@parameters('$authentication')"
                  }
                }
              },
              "runAfter": {
                "Envt": [
                  "Succeeded"
                ]
              },
              "metadata": {
                "operationMetadataId": "c9dfd10d-074a-406f-a1af-0e722f6640a6"
              },
              "type": "Scope"
            },
            "SR": {
              "actions": {
                "If_has_TID": {
                  "actions": {
                    "Find_SR_by_TID": {
                      "runAfter": {},
                      "metadata": {
                        "operationMetadataId": "7120d370-5d05-4321-b0d3-5d6279ab603c"
                      },
                      "type": "OpenApiConnection",
                      "inputs": {
                        "host": {
                          "connectionName": "shared_commondataserviceforapps",
                          "operationId": "ListRecordsWithOrganization",
                          "apiId": "/providers/Microsoft.PowerApps/apis/shared_commondataserviceforapps"
                        },
                        "parameters": {
                          "organization": "@outputs('Get_Environment')?['body/admin_environmentcdsinstanceurl']",
                          "entityName": "roles",
                          "$select": "roleid",
                          "$filter": "_roletemplateid_value eq @{triggerBody()['text_2']} and _businessunitid_value eq @{outputs('BU_ID')}"
                        },
                        "authentication": "@parameters('$authentication')"
                      }
                    },
                    "SR_ID_by_TID": {
                      "runAfter": {
                        "Find_SR_by_TID": [
                          "Succeeded"
                        ]
                      },
                      "metadata": {
                        "operationMetadataId": "0e04fb0e-fb4f-4c68-8308-8f72f5dfd369"
                      },
                      "type": "Compose",
                      "inputs": "@first(outputs('Find_SR_by_TID')?['body/value'])?['roleid']"
                    }
                  },
                  "runAfter": {},
                  "else": {
                    "actions": {
                      "Find_SR_by_Name": {
                        "runAfter": {},
                        "metadata": {
                          "operationMetadataId": "e3cc2c3a-7fcf-4fd3-b3c7-f1f087353e53"
                        },
                        "type": "OpenApiConnection",
                        "inputs": {
                          "host": {
                            "connectionName": "shared_commondataserviceforapps",
                            "operationId": "ListRecordsWithOrganization",
                            "apiId": "/providers/Microsoft.PowerApps/apis/shared_commondataserviceforapps"
                          },
                          "parameters": {
                            "organization": "@outputs('Get_Environment')?['body/admin_environmentcdsinstanceurl']",
                            "entityName": "roles",
                            "$select": "roleid",
                            "$filter": "name eq '@{triggerBody()['text_1']}' and _businessunitid_value eq @{outputs('BU_ID')}"
                          },
                          "authentication": "@parameters('$authentication')"
                        }
                      },
                      "SR_ID_by_Name": {
                        "runAfter": {
                          "Find_SR_by_Name": [
                            "Succeeded"
                          ]
                        },
                        "metadata": {
                          "operationMetadataId": "958de5be-4745-4e1a-8bff-b0a23f3acbea"
                        },
                        "type": "Compose",
                        "inputs": "@first(outputs('Find_SR_by_Name')?['body/value'])?['roleid']"
                      }
                    }
                  },
                  "expression": {
                    "equals": [
                      "@triggerBody()['boolean']",
                      "@true"
                    ]
                  },
                  "metadata": {
                    "operationMetadataId": "0e316cff-901a-42ec-ad51-20e6fe593194"
                  },
                  "type": "If"
                },
                "SR_ID": {
                  "runAfter": {
                    "If_has_TID": [
                      "Succeeded"
                    ]
                  },
                  "metadata": {
                    "operationMetadataId": "6bbd8eaf-5a2d-4218-a96f-bead8c9cb222"
                  },
                  "type": "Compose",
                  "inputs": "@if(equals(triggerBody()['boolean'], true), outputs('SR_ID_by_TID'), outputs('SR_ID_by_Name'))"
                },
                "Get_SR_to_validate_ID_correct": {
                  "runAfter": {
                    "SR_ID": [
                      "Succeeded"
                    ]
                  },
                  "metadata": {
                    "operationMetadataId": "fe4e7cb0-2ea1-4e2d-9c7b-892504fbc496"
                  },
                  "type": "OpenApiConnection",
                  "inputs": {
                    "host": {
                      "connectionName": "shared_commondataserviceforapps",
                      "operationId": "GetItemWithOrganization",
                      "apiId": "/providers/Microsoft.PowerApps/apis/shared_commondataserviceforapps"
                    },
                    "parameters": {
                      "organization": "@outputs('Get_Environment')?['body/admin_environmentcdsinstanceurl']",
                      "entityName": "roles",
                      "recordId": "@outputs('SR_ID')"
                    },
                    "authentication": "@parameters('$authentication')"
                  }
                }
              },
              "runAfter": {
                "BU": [
                  "Succeeded"
                ]
              },
              "metadata": {
                "operationMetadataId": "594b391f-8784-4f54-b274-2168dba3c205"
              },
              "type": "Scope"
            },
            "BU": {
              "actions": {
                "BU_ID": {
                  "runAfter": {
                    "Find_BU": [
                      "Succeeded"
                    ]
                  },
                  "metadata": {
                    "operationMetadataId": "e029d467-1209-421a-9a75-bfedee9b4532"
                  },
                  "type": "Compose",
                  "inputs": "@first(outputs('Find_BU')?['body/value'])?['businessunitid']"
                },
                "BU_Name_without_Special_Characters": {
                  "runAfter": {},
                  "metadata": {
                    "operationMetadataId": "716110fc-4d36-4f8a-ba4e-b17011792be3"
                  },
                  "type": "Compose",
                  "inputs": "@if(equals(triggerBody()['text_3'], null), null, replace(triggerBody()['text_3'],'''',''''''))"
                },
                "Find_BU": {
                  "runAfter": {
                    "BU_Name_without_Special_Characters": [
                      "Succeeded"
                    ]
                  },
                  "metadata": {
                    "operationMetadataId": "22f722c5-898c-400f-b623-86e79471095e"
                  },
                  "type": "OpenApiConnection",
                  "inputs": {
                    "host": {
                      "connectionName": "shared_commondataserviceforapps",
                      "operationId": "ListRecordsWithOrganization",
                      "apiId": "/providers/Microsoft.PowerApps/apis/shared_commondataserviceforapps"
                    },
                    "parameters": {
                      "organization": "@outputs('Get_Environment')?['body/admin_environmentcdsinstanceurl']",
                      "entityName": "businessunits",
                      "$select": "businessunitid, name",
                      "$filter": "name eq '@{outputs('BU_Name_without_Special_Characters')}'"
                    },
                    "authentication": "@parameters('$authentication')"
                  }
                }
              },
              "runAfter": {
                "User": [
                  "Succeeded"
                ]
              },
              "metadata": {
                "operationMetadataId": "7903fce9-84f6-41a6-9e75-86e3d82e825b"
              },
              "type": "Scope"
            },
            "Unrelate_user_from_role": {
              "runAfter": {
                "SR": [
                  "Succeeded"
                ]
              },
              "metadata": {
                "operationMetadataId": "536deb63-8194-4aee-9d56-97c5142dd64a"
              },
              "type": "OpenApiConnection",
              "inputs": {
                "host": {
                  "connectionName": "shared_commondataserviceforapps",
                  "operationId": "DisassociateEntitiesWithOrganization",
                  "apiId": "/providers/Microsoft.PowerApps/apis/shared_commondataserviceforapps"
                },
                "parameters": {
                  "organization": "@outputs('Get_Environment')?['body/admin_environmentcdsinstanceurl']",
                  "entityName": "roles",
                  "recordId": "@outputs('SR_ID')",
                  "associationEntityRelationship": "systemuserroles_association",
                  "$id": "@outputs('User_OData_Link')"
                },
                "authentication": "@parameters('$authentication')"
              }
            }
          },
          "runAfter": {},
          "metadata": {
            "operationMetadataId": "78f002ff-a197-4855-9bf6-c25e056a86fa"
          },
          "type": "Scope"
        },
        "Error_Handling": {
          "actions": {
            "Terminate": {
              "runAfter": {
                "Update_Last_Run_Fail": [
                  "Succeeded"
                ]
              },
              "metadata": {
                "operationMetadataId": "9e5a2a18-dba2-47a1-96d5-3356f4348e5a"
              },
              "type": "Terminate",
              "inputs": {
                "runStatus": "Failed",
                "runError": {
                  "code": "500",
                  "message": "Get Environments Failed"
                }
              }
            },
            "Get_ID_Fail": {
              "runAfter": {
                "Create_a_new_record_-_Sync_Flow_Errors": [
                  "Succeeded"
                ]
              },
              "metadata": {
                "operationMetadataId": "47329bf2-8aac-400d-9778-a793b4f1180f"
              },
              "type": "OpenApiConnection",
              "inputs": {
                "host": {
                  "connectionName": "shared_commondataserviceforapps",
                  "operationId": "ListRecords",
                  "apiId": "/providers/Microsoft.PowerApps/apis/shared_commondataserviceforapps"
                },
                "parameters": {
                  "entityName": "admin_coesolutionmetadatas",
                  "$select": "admin_coesolutionmetadataid",
                  "$filter": "admin_objectname eq '@{workflow()?['tags']['flowDisplayName']}'",
                  "$top": 1
                },
                "authentication": "@parameters('$authentication')"
              }
            },
            "Update_Last_Run_Fail": {
              "runAfter": {
                "Get_ID_Fail": [
                  "Succeeded"
                ]
              },
              "metadata": {
                "operationMetadataId": "c63eb7cc-6101-4567-b520-a4a8881264e9"
              },
              "type": "OpenApiConnection",
              "inputs": {
                "host": {
                  "connectionName": "shared_commondataserviceforapps",
                  "operationId": "UpdateRecord",
                  "apiId": "/providers/Microsoft.PowerApps/apis/shared_commondataserviceforapps"
                },
                "parameters": {
                  "entityName": "admin_coesolutionmetadatas",
                  "recordId": "@first(outputs('Get_ID_Fail')?['body/value'])?['admin_coesolutionmetadataid']",
                  "item/admin_lastrun": "@utcNow()",
                  "item/admin_lastrunpassed": false
                },
                "authentication": "@parameters('$authentication')"
              }
            },
            "Respond_to_a_PowerApp_or_flow_-_failed": {
              "runAfter": {},
              "metadata": {
                "operationMetadataId": "28c17d8b-fb6b-4a65-a7e5-5c4100364c48"
              },
              "type": "Response",
              "kind": "PowerApp",
              "inputs": {
                "statusCode": 200,
                "body": {
                  "result": "@{coalesce(outputs('Unrelate_user_from_role')['body/error/message'], 'unknown cause')}"
                },
                "schema": {
                  "type": "object",
                  "properties": {
                    "result": {
                      "title": "result",
                      "x-ms-dynamically-added": true,
                      "type": "string"
                    }
                  }
                }
              }
            },
            "Create_a_new_record_-_Sync_Flow_Errors": {
              "runAfter": {
                "Respond_to_a_PowerApp_or_flow_-_failed": [
                  "Succeeded",
                  "Skipped"
                ]
              },
              "metadata": {
                "operationMetadataId": "87961ff0-e261-4890-9ab9-a53f88fe0de5"
              },
              "type": "OpenApiConnection",
              "inputs": {
                "host": {
                  "connectionName": "shared_commondataserviceforapps",
                  "operationId": "CreateRecord",
                  "apiId": "/providers/Microsoft.PowerApps/apis/shared_commondataserviceforapps"
                },
                "parameters": {
                  "entityName": "admin_syncflowerrorses",
                  "item/admin_name": "@workflow()?['tags']['flowDisplayName']",
                  "item/admin_environmentname": "@{outputs('Get_Environment')?['body/admin_displayname']} - @{triggerBody()['text_1']} - @{triggerBody()['text_3']} - @{triggerBody()['text']}",
                  "item/admin_flowinstanceurl": "@concat(parameters('Power Automate Environment Variable (admin_PowerAutomateEnvironmentVariable)'), workflow()?['tags']['environmentName'], '/flows/', workflow()?['name'], '/runs/', workflow()?['run']['name'])"
                },
                "authentication": "@parameters('$authentication')",
                "retryPolicy": {
                  "type": "exponential",
                  "count": 10,
                  "interval": "PT10S"
                }
              }
            }
          },
          "runAfter": {
            "Remove_User_from_Security_Role": [
              "Failed"
            ]
          },
          "metadata": {
            "operationMetadataId": "38ae684e-622d-42ea-abd2-ee571aee3a5f"
          },
          "type": "Scope"
        },
        "Update_last_run_as_pass": {
          "actions": {
            "Update_Last_Run_Successful": {
              "runAfter": {
                "Get_ID_Pass": [
                  "Succeeded"
                ]
              },
              "metadata": {
                "operationMetadataId": "78ef70e5-7f67-4737-9a02-8533f12caa19"
              },
              "type": "OpenApiConnection",
              "inputs": {
                "host": {
                  "connectionName": "shared_commondataserviceforapps",
                  "operationId": "UpdateRecord",
                  "apiId": "/providers/Microsoft.PowerApps/apis/shared_commondataserviceforapps"
                },
                "parameters": {
                  "entityName": "admin_coesolutionmetadatas",
                  "recordId": "@first(outputs('Get_ID_Pass')?['body/value'])?['admin_coesolutionmetadataid']",
                  "item/admin_lastrun": "@utcNow()",
                  "item/admin_lastrunpassed": true
                },
                "authentication": "@parameters('$authentication')"
              }
            },
            "Catch_-_not_ready_to_take_last_run_date": {
              "runAfter": {
                "Update_Last_Run_Successful": [
                  "Failed"
                ]
              },
              "metadata": {
                "operationMetadataId": "f88cdefe-c402-49d7-8f4a-934475e6f741"
              },
              "type": "Compose",
              "inputs": "Catch - not ready to take last run date"
            },
            "Respond_to_a_PowerApp_or_flow": {
              "runAfter": {},
              "metadata": {
                "operationMetadataId": "0ed0fe01-d700-4aff-bf5e-42b670a7e3fc"
              },
              "type": "Response",
              "kind": "PowerApp",
              "inputs": {
                "statusCode": 200,
                "body": {
                  "result": "pass"
                },
                "schema": {
                  "type": "object",
                  "properties": {
                    "result": {
                      "title": "result",
                      "x-ms-dynamically-added": true,
                      "type": "string"
                    }
                  }
                }
              }
            },
            "Get_ID_Pass": {
              "runAfter": {
                "Respond_to_a_PowerApp_or_flow": [
                  "Succeeded",
                  "Skipped"
                ]
              },
              "metadata": {
                "operationMetadataId": "f4f314b6-89d3-4056-af1c-73115e7d6bd1"
              },
              "type": "OpenApiConnection",
              "inputs": {
                "host": {
                  "connectionName": "shared_commondataserviceforapps",
                  "operationId": "ListRecords",
                  "apiId": "/providers/Microsoft.PowerApps/apis/shared_commondataserviceforapps"
                },
                "parameters": {
                  "entityName": "admin_coesolutionmetadatas",
                  "$select": "admin_coesolutionmetadataid",
                  "$filter": "admin_objectname eq '@{workflow()?['tags']['flowDisplayName']}'",
                  "$top": 1
                },
                "authentication": "@parameters('$authentication')"
              }
            }
          },
          "runAfter": {
            "Error_Handling": [
              "Skipped"
            ]
          },
          "metadata": {
            "operationMetadataId": "5c140442-d939-4ca4-8ec8-d1ee2bed4a81"
          },
          "type": "Scope"
        }
      }
    },
    "templateName": ""
  },
  "schemaVersion": "1.0.0.0"
}