{
  "properties": {
    "connectionReferences": {
      "shared_commondataserviceforapps_1": {
        "runtimeSource": "embedded",
        "connection": {
          "connectionReferenceLogicalName": "admin_CoECoreDataverseForApps"
        },
        "api": {
          "name": "shared_commondataserviceforapps"
        }
      },
      "shared_webcontents": {
        "runtimeSource": "invoker",
        "connection": {
          "connectionReferenceLogicalName": "admin_CoECoreHTTPWithAzureAD"
        },
        "api": {
          "name": "shared_webcontents"
        }
      },
      "shared_commondataserviceforapps": {
        "runtimeSource": "embedded",
        "connection": {
          "connectionReferenceLogicalName": "admin_sharedcommondataserviceforapps_98924"
        },
        "api": {
          "name": "shared_commondataserviceforapps"
        }
      }
    },
    "definition": {
      "$schema": "https://schema.management.azure.com/providers/Microsoft.Logic/schemas/2016-06-01/workflowdefinition.json#",
      "contentVersion": "1.0.0.0",
      "parameters": {
        "$connections": {
          "defaultValue": {},
          "type": "Object"
        },
        "$authentication": {
          "defaultValue": {},
          "type": "SecureObject"
        }
      },
      "triggers": {
        "manual": {
          "metadata": {
            "operationMetadataId": "44bbd93e-cb78-49e5-942e-daebc3ad2ab6"
          },
          "type": "Request",
          "kind": "PowerApp",
          "inputs": {
            "schema": {
              "type": "object",
              "properties": {},
              "required": []
            }
          }
        }
      },
      "actions": {
        "Get_User_Details_Scope": {
          "actions": {
            "Parse_JSON": {
              "runAfter": {
                "Invoke_an_HTTP_request": [
                  "Succeeded"
                ]
              },
              "metadata": {
                "operationMetadataId": "55f3f44a-73fc-4fb4-8ae3-cd5b8ebf2574"
              },
              "type": "ParseJson",
              "inputs": {
                "content": "@body('Invoke_an_HTTP_request')",
                "schema": {
                  "type": "object",
                  "properties": {
                    "@@odata.context": {
                      "type": "string"
                    },
                    "value": {
                      "type": "array",
                      "items": {
                        "type": "object",
                        "properties": {
                          "id": {
                            "type": "string"
                          },
                          "skuId": {
                            "type": "string"
                          },
                          "skuPartNumber": {
                            "type": "string"
                          },
                          "servicePlans": {
                            "type": "array",
                            "items": {
                              "type": "object",
                              "properties": {
                                "servicePlanId": {
                                  "type": "string"
                                },
                                "servicePlanName": {
                                  "type": "string"
                                },
                                "provisioningStatus": {
                                  "type": "string"
                                },
                                "appliesTo": {
                                  "type": "string"
                                }
                              },
                              "required": [
                                "servicePlanId",
                                "servicePlanName",
                                "provisioningStatus",
                                "appliesTo"
                              ]
                            }
                          }
                        },
                        "required": [
                          "id",
                          "skuId",
                          "skuPartNumber",
                          "servicePlans"
                        ]
                      }
                    }
                  }
                }
              }
            },
            "Compose_Power_Apps": {
              "runAfter": {
                "Parse_JSON": [
                  "Succeeded"
                ]
              },
              "metadata": {
                "operationMetadataId": "4d212c6f-d7ad-4f45-8285-906fa320244b"
              },
              "type": "Compose",
              "inputs": "@contains(string(body('Parse_JSON')?['value']), 'POWERAPPS_PER_USER')"
            },
            "Compose_Power_Automate": {
              "runAfter": {
                "Compose_Power_Apps": [
                  "Succeeded"
                ]
              },
              "metadata": {
                "operationMetadataId": "598a3ec7-0b47-4d92-a48d-f9c7c7a766f3"
              },
              "type": "Compose",
              "inputs": "@or(contains(string(body('Parse_JSON')?['value']), 'FLOW_PER_USER'), contains(string(body('Parse_JSON')?['value']), 'POWERAUTOMATE_ATTENDED_RPA'))"
            },
            "Respond_to_a_PowerApp_or_flow": {
              "runAfter": {
                "Compose_Power_Automate": [
                  "Succeeded"
                ]
              },
              "metadata": {
                "operationMetadataId": "3d02f128-b084-4cbd-89c4-031046276843"
              },
              "type": "Response",
              "kind": "PowerApp",
              "inputs": {
                "statusCode": 200,
                "body": {
                  "haspowerapps": "@{If(outputs('Compose_Power_Apps'), 'Yes', 'No')}",
                  "haspowerautomate": "@{If(outputs('Compose_Power_Automate'), 'Yes', 'No')}"
                },
                "schema": {
                  "type": "object",
                  "properties": {
                    "haspowerapps": {
                      "title": "haspowerapps",
                      "x-ms-dynamically-added": true,
                      "type": "string"
                    },
                    "haspowerautomate": {
                      "title": "haspowerautomate",
                      "x-ms-dynamically-added": true,
                      "type": "string"
                    }
                  }
                }
              }
            },
            "Get_Graph_API_URL": {
              "actions": {
                "Set_to_current_or_default_-_GraphURL": {
                  "actions": {
                    "Set_GraphURL_-_CurrentValue": {
                      "runAfter": {},
                      "metadata": {
                        "operationMetadataId": "48e7d428-6134-4592-8a06-b7f1e52518ac"
                      },
                      "type": "SetVariable",
                      "inputs": {
                        "name": "GraphURL",
                        "value": "@{first(body('ListCurrents-GraphURL')?['value'])?['Value']}"
                      }
                    }
                  },
                  "runAfter": {
                    "ListCurrents-GraphURL": [
                      "Succeeded"
                    ]
                  },
                  "else": {
                    "actions": {
                      "Set_GraphURL_-_DefaultValue": {
                        "runAfter": {},
                        "metadata": {
                          "operationMetadataId": "c20649bc-6bdb-4e9c-bf7c-bad351afd877"
                        },
                        "type": "SetVariable",
                        "inputs": {
                          "name": "GraphURL",
                          "value": "@{first(body('ListDefns-GraphURL')?['value'])?['defaultvalue']}"
                        }
                      }
                    }
                  },
                  "expression": {
                    "greaterOrEquals": [
                      "@length(body('ListCurrents-GraphURL')?['value'])",
                      1
                    ]
                  },
                  "metadata": {
                    "operationMetadataId": "c2ad9e77-30d4-4855-89ee-691169650c0d"
                  },
                  "type": "If"
                },
                "ListCurrents-GraphURL": {
                  "runAfter": {
                    "Get_ID_from_GraphURL": [
                      "Succeeded"
                    ]
                  },
                  "metadata": {
                    "operationMetadataId": "db44e18b-c951-43be-8ed2-990fa2721e87"
                  },
                  "type": "OpenApiConnection",
                  "inputs": {
                    "host": {
                      "connectionName": "shared_commondataserviceforapps_1",
                      "operationId": "ListRecords",
                      "apiId": "/providers/Microsoft.PowerApps/apis/shared_commondataserviceforapps"
                    },
                    "parameters": {
                      "entityName": "environmentvariablevalues",
                      "$select": "value",
                      "$filter": "_environmentvariabledefinitionid_value eq @{outputs('Get_ID_from_GraphURL')}"
                    },
                    "authentication": {
                      "type": "Raw",
                      "value": "@json(decodeBase64(triggerOutputs().headers['X-MS-APIM-Tokens']))['$ConnectionKey']"
                    }
                  },
                  "runtimeConfiguration": {
                    "paginationPolicy": {
                      "minimumItemCount": 100000
                    }
                  }
                },
                "Get_ID_from_GraphURL": {
                  "runAfter": {
                    "ListDefns-GraphURL": [
                      "Succeeded"
                    ]
                  },
                  "metadata": {
                    "operationMetadataId": "35daa390-ef10-4e7a-ad74-4616a48dfc39"
                  },
                  "type": "Compose",
                  "inputs": "@first(body('ListDefns-GraphURL')?['value'])?['environmentvariabledefinitionid']"
                },
                "ListDefns-GraphURL": {
                  "runAfter": {},
                  "metadata": {
                    "operationMetadataId": "3e4048d2-4f28-43c6-8e87-83b68c7c79aa"
                  },
                  "type": "OpenApiConnection",
                  "inputs": {
                    "host": {
                      "connectionName": "shared_commondataserviceforapps_1",
                      "operationId": "ListRecords",
                      "apiId": "/providers/Microsoft.PowerApps/apis/shared_commondataserviceforapps"
                    },
                    "parameters": {
                      "entityName": "environmentvariabledefinitions",
                      "$select": "environmentvariabledefinitionid, defaultvalue",
                      "$filter": "schemaname eq 'admin_graphurlenvironmentvariable'"
                    },
                    "authentication": {
                      "type": "Raw",
                      "value": "@json(decodeBase64(triggerOutputs().headers['X-MS-APIM-Tokens']))['$ConnectionKey']"
                    }
                  },
                  "runtimeConfiguration": {
                    "paginationPolicy": {
                      "minimumItemCount": 100000
                    }
                  }
                },
                "If_GraphURL_still_empty_set_as_commercial": {
                  "actions": {
                    "Set_GraphURL_to_commercial_url": {
                      "runAfter": {},
                      "metadata": {
                        "operationMetadataId": "d5f25e17-d0a2-446b-8328-c7c8cfee2e9b"
                      },
                      "type": "SetVariable",
                      "inputs": {
                        "name": "GraphURL",
                        "value": "https://graph.microsoft.com/"
                      }
                    }
                  },
                  "runAfter": {
                    "Set_to_current_or_default_-_GraphURL": [
                      "Succeeded"
                    ]
                  },
                  "expression": {
                    "equals": [
                      "@length(variables('GraphURL'))",
                      0
                    ]
                  },
                  "metadata": {
                    "operationMetadataId": "fb09ab26-0f9a-47de-b6cb-c53a6d5c4ac9"
                  },
                  "type": "If"
                }
              },
              "runAfter": {},
              "metadata": {
                "operationMetadataId": "ff2b1cb1-f36e-4a1c-92a7-a6377d875c5b"
              },
              "type": "Scope",
              "description": "Doing it this way so that we can ship with this flow on, yet allow the env var to show up in ux for non commercial tenants to fill in"
            },
            "Invoke_an_HTTP_request": {
              "runAfter": {
                "Get_Graph_API_URL": [
                  "Succeeded"
                ]
              },
              "metadata": {
                "operationMetadataId": "83a1503b-4873-49ab-8f22-976e0c7913cb"
              },
              "type": "OpenApiConnection",
              "inputs": {
                "host": {
                  "connectionName": "shared_webcontents",
                  "operationId": "InvokeHttp",
                  "apiId": "/providers/Microsoft.PowerApps/apis/shared_webcontents"
                },
                "parameters": {
                  "request/method": "GET",
                  "request/url": "@{variables('GraphURL')}v1.0/me/licenseDetails",
                  "request/headers": {
                    "Content-type": "application/json"
                  }
                },
                "authentication": {
                  "type": "Raw",
                  "value": "@json(decodeBase64(triggerOutputs().headers['X-MS-APIM-Tokens']))['$ConnectionKey']"
                }
              }
            }
          },
          "runAfter": {
            "Initialize_GraphURL": [
              "Succeeded"
            ]
          },
          "metadata": {
            "operationMetadataId": "060ffa9c-e085-4a43-921e-fa08e6a12121"
          },
          "type": "Scope"
        },
        "Error_Handling": {
          "actions": {
            "Create_a_new_record_-_Sync_Flow_Errors": {
              "runAfter": {},
              "metadata": {
                "operationMetadataId": "87961ff0-e261-4890-9ab9-a53f88fe0de5"
              },
              "type": "OpenApiConnection",
              "inputs": {
                "host": {
                  "connectionName": "shared_commondataserviceforapps",
                  "operationId": "CreateRecord",
                  "apiId": "/providers/Microsoft.PowerApps/apis/shared_commondataserviceforapps"
                },
                "parameters": {
                  "entityName": "admin_syncflowerrorses",
                  "item/admin_name": "@workflow()?['tags']['flowDisplayName']"
                },
                "authentication": {
                  "type": "Raw",
                  "value": "@json(decodeBase64(triggerOutputs().headers['X-MS-APIM-Tokens']))['$ConnectionKey']"
                },
                "retryPolicy": {
                  "type": "exponential",
                  "count": 10,
                  "interval": "PT10S"
                }
              },
              "description": "not filling flow instance URL because dont have the envt var yet on clean install"
            },
            "Terminate": {
              "runAfter": {
                "Update_Last_Run_Fail": [
                  "Succeeded"
                ]
              },
              "metadata": {
                "operationMetadataId": "9e5a2a18-dba2-47a1-96d5-3356f4348e5a"
              },
              "type": "Terminate",
              "inputs": {
                "runStatus": "Failed",
                "runError": {
                  "code": "500",
                  "message": "Get Environments Failed"
                }
              }
            },
            "Get_ID_Fail": {
              "runAfter": {
                "Create_a_new_record_-_Sync_Flow_Errors": [
                  "Succeeded"
                ]
              },
              "metadata": {
                "operationMetadataId": "47329bf2-8aac-400d-9778-a793b4f1180f"
              },
              "type": "OpenApiConnection",
              "inputs": {
                "host": {
                  "connectionName": "shared_commondataserviceforapps",
                  "operationId": "ListRecords",
                  "apiId": "/providers/Microsoft.PowerApps/apis/shared_commondataserviceforapps"
                },
                "parameters": {
                  "entityName": "admin_coesolutionmetadatas",
                  "$select": "admin_coesolutionmetadataid",
                  "$filter": "admin_objectname eq '@{workflow()?['tags']['flowDisplayName']}'",
                  "$top": 1
                },
                "authentication": {
                  "type": "Raw",
                  "value": "@json(decodeBase64(triggerOutputs().headers['X-MS-APIM-Tokens']))['$ConnectionKey']"
                }
              }
            },
            "Update_Last_Run_Fail": {
              "runAfter": {
                "Get_ID_Fail": [
                  "Succeeded"
                ]
              },
              "metadata": {
                "operationMetadataId": "c63eb7cc-6101-4567-b520-a4a8881264e9"
              },
              "type": "OpenApiConnection",
              "inputs": {
                "host": {
                  "connectionName": "shared_commondataserviceforapps",
                  "operationId": "UpdateRecord",
                  "apiId": "/providers/Microsoft.PowerApps/apis/shared_commondataserviceforapps"
                },
                "parameters": {
                  "entityName": "admin_coesolutionmetadatas",
                  "recordId": "@first(outputs('Get_ID_Fail')?['body/value'])?['admin_coesolutionmetadataid']",
                  "item/admin_lastrun": "@utcNow()",
                  "item/admin_lastrunpassed": false
                },
                "authentication": {
                  "type": "Raw",
                  "value": "@json(decodeBase64(triggerOutputs().headers['X-MS-APIM-Tokens']))['$ConnectionKey']"
                }
              }
            }
          },
          "runAfter": {
            "Get_User_Details_Scope": [
              "Failed"
            ]
          },
          "metadata": {
            "operationMetadataId": "38ae684e-622d-42ea-abd2-ee571aee3a5f"
          },
          "type": "Scope"
        },
        "Update_last_run_as_pass": {
          "actions": {
            "Update_Last_Run_Successful": {
              "runAfter": {
                "Get_ID_Pass": [
                  "Succeeded"
                ]
              },
              "metadata": {
                "operationMetadataId": "78ef70e5-7f67-4737-9a02-8533f12caa19"
              },
              "type": "OpenApiConnection",
              "inputs": {
                "host": {
                  "connectionName": "shared_commondataserviceforapps",
                  "operationId": "UpdateRecord",
                  "apiId": "/providers/Microsoft.PowerApps/apis/shared_commondataserviceforapps"
                },
                "parameters": {
                  "entityName": "admin_coesolutionmetadatas",
                  "recordId": "@first(outputs('Get_ID_Pass')?['body/value'])?['admin_coesolutionmetadataid']",
                  "item/admin_lastrun": "@utcNow()",
                  "item/admin_lastrunpassed": true
                },
                "authentication": {
                  "type": "Raw",
                  "value": "@json(decodeBase64(triggerOutputs().headers['X-MS-APIM-Tokens']))['$ConnectionKey']"
                }
              }
            },
            "Get_ID_Pass": {
              "runAfter": {},
              "metadata": {
                "operationMetadataId": "f4f314b6-89d3-4056-af1c-73115e7d6bd1"
              },
              "type": "OpenApiConnection",
              "inputs": {
                "host": {
                  "connectionName": "shared_commondataserviceforapps",
                  "operationId": "ListRecords",
                  "apiId": "/providers/Microsoft.PowerApps/apis/shared_commondataserviceforapps"
                },
                "parameters": {
                  "entityName": "admin_coesolutionmetadatas",
                  "$select": "admin_coesolutionmetadataid",
                  "$filter": "admin_objectname eq '@{workflow()?['tags']['flowDisplayName']}'",
                  "$top": 1
                },
                "authentication": {
                  "type": "Raw",
                  "value": "@json(decodeBase64(triggerOutputs().headers['X-MS-APIM-Tokens']))['$ConnectionKey']"
                }
              }
            },
            "Catch_-_not_ready_to_take_last_run_date": {
              "runAfter": {
                "Update_Last_Run_Successful": [
                  "Failed"
                ]
              },
              "metadata": {
                "operationMetadataId": "f88cdefe-c402-49d7-8f4a-934475e6f741"
              },
              "type": "Compose",
              "inputs": "Catch - not ready to take last run date"
            }
          },
          "runAfter": {
            "Error_Handling": [
              "Skipped"
            ]
          },
          "metadata": {
            "operationMetadataId": "5c140442-d939-4ca4-8ec8-d1ee2bed4a81"
          },
          "type": "Scope"
        },
        "Initialize_GraphURL": {
          "runAfter": {},
          "metadata": {
            "operationMetadataId": "01644a3b-1f0c-494b-9b5d-d11044ec7c31"
          },
          "type": "InitializeVariable",
          "inputs": {
            "variables": [
              {
                "name": "GraphURL",
                "type": "string"
              }
            ]
          }
        }
      }
    },
    "templateName": ""
  },
  "schemaVersion": "1.0.0.0"
}