{
  "properties": {
    "connectionReferences": {
      "shared_webcontents_1": {
        "runtimeSource": "embedded",
        "connection": {
          "connectionReferenceLogicalName": "admin_CoECoreHTTPWithAzureAD"
        },
        "api": {
          "name": "shared_webcontents"
        }
      },
      "shared_commondataserviceforapps": {
        "impersonation": {},
        "runtimeSource": "embedded",
        "connection": {
          "connectionReferenceLogicalName": "admin_sharedcommondataserviceforapps_98924"
        },
        "api": {
          "name": "shared_commondataserviceforapps"
        }
      },
      "shared_commondataserviceforapps_1": {
        "impersonation": {},
        "runtimeSource": "embedded",
        "connection": {
          "connectionReferenceLogicalName": "admin_CoECoreDataverseForApps"
        },
        "api": {
          "name": "shared_commondataserviceforapps"
        }
      }
    },
    "definition": {
      "$schema": "https://schema.management.azure.com/providers/Microsoft.Logic/schemas/2016-06-01/workflowdefinition.json#",
      "contentVersion": "1.0.0.0",
      "parameters": {
        "$connections": {
          "defaultValue": {},
          "type": "Object"
        },
        "$authentication": {
          "defaultValue": {},
          "type": "SecureObject"
        }
      },
      "triggers": {
        "manual": {
          "metadata": {
            "operationMetadataId": "7993e14b-8906-409a-993d-9f1e7fc71cda"
          },
          "type": "Request",
          "kind": "PowerAppV2",
          "inputs": {
            "schema": {
              "type": "object",
              "properties": {},
              "required": []
            }
          }
        }
      },
      "actions": {
        "Get_Tenant_ID_Scope": {
          "actions": {
            "Parse_JSON": {
              "runAfter": {
                "Invoke_an_HTTP_request": [
                  "Succeeded"
                ]
              },
              "metadata": {
                "operationMetadataId": "29858ece-75be-4e25-b54d-e7f7799b737b"
              },
              "type": "ParseJson",
              "inputs": {
                "content": "@body('Invoke_an_HTTP_request')",
                "schema": {
                  "type": "object",
                  "properties": {
                    "@@odata.context": {
                      "type": "string"
                    },
                    "value": {
                      "type": "array",
                      "items": {
                        "type": "object",
                        "properties": {
                          "id": {
                            "type": "string"
                          }
                        },
                        "required": [
                          "id"
                        ]
                      }
                    }
                  }
                }
              }
            },
            "Compose": {
              "runAfter": {
                "Parse_JSON": [
                  "Succeeded"
                ]
              },
              "metadata": {
                "operationMetadataId": "97451296-6dbe-426b-b9c4-270e6e1a45a3"
              },
              "type": "Compose",
              "inputs": "@first(body('Parse_JSON')?['value'])['id']"
            },
            "Respond_to_a_PowerApp_or_flow": {
              "runAfter": {
                "Compose": [
                  "Succeeded"
                ]
              },
              "metadata": {
                "operationMetadataId": "ba05ef02-d40d-4bea-ac0d-5abae46f4a23"
              },
              "type": "Response",
              "kind": "PowerApp",
              "inputs": {
                "statusCode": 200,
                "body": {
                  "tenantid": "@{outputs('Compose')}"
                },
                "schema": {
                  "type": "object",
                  "properties": {
                    "tenantid": {
                      "title": "tenantID",
                      "x-ms-dynamically-added": true,
                      "type": "string"
                    }
                  }
                }
              }
            },
            "Get_Graph_API_URL": {
              "actions": {
                "Set_to_current_or_default_-_GraphURL": {
                  "actions": {
                    "Set_GraphURL_-_CurrentValue": {
                      "runAfter": {},
                      "metadata": {
                        "operationMetadataId": "48e7d428-6134-4592-8a06-b7f1e52518ac"
                      },
                      "type": "SetVariable",
                      "inputs": {
                        "name": "GraphURL",
                        "value": "@{first(body('ListCurrents-GraphURL')?['value'])?['Value']}"
                      }
                    }
                  },
                  "runAfter": {
                    "ListCurrents-GraphURL": [
                      "Succeeded"
                    ]
                  },
                  "else": {
                    "actions": {
                      "Set_GraphURL_-_DefaultValue": {
                        "runAfter": {},
                        "metadata": {
                          "operationMetadataId": "c20649bc-6bdb-4e9c-bf7c-bad351afd877"
                        },
                        "type": "SetVariable",
                        "inputs": {
                          "name": "GraphURL",
                          "value": "@{first(body('ListDefns-GraphURL')?['value'])?['defaultvalue']}"
                        }
                      }
                    }
                  },
                  "expression": {
                    "greaterOrEquals": [
                      "@length(body('ListCurrents-GraphURL')?['value'])",
                      1
                    ]
                  },
                  "metadata": {
                    "operationMetadataId": "c2ad9e77-30d4-4855-89ee-691169650c0d"
                  },
                  "type": "If"
                },
                "ListCurrents-GraphURL": {
                  "runAfter": {
                    "Get_ID_from_GraphURL": [
                      "Succeeded"
                    ]
                  },
                  "metadata": {
                    "operationMetadataId": "db44e18b-c951-43be-8ed2-990fa2721e87"
                  },
                  "type": "OpenApiConnection",
                  "inputs": {
                    "host": {
                      "apiId": "/providers/Microsoft.PowerApps/apis/shared_commondataserviceforapps",
                      "connectionName": "shared_commondataserviceforapps_1",
                      "operationId": "ListRecords"
                    },
                    "parameters": {
                      "entityName": "environmentvariablevalues",
                      "$select": "value",
                      "$filter": "_environmentvariabledefinitionid_value eq @{outputs('Get_ID_from_GraphURL')}"
                    },
                    "authentication": "@parameters('$authentication')"
                  },
                  "runtimeConfiguration": {
                    "paginationPolicy": {
                      "minimumItemCount": 100000
                    }
                  }
                },
                "Get_ID_from_GraphURL": {
                  "runAfter": {
                    "ListDefns-GraphURL": [
                      "Succeeded"
                    ]
                  },
                  "metadata": {
                    "operationMetadataId": "35daa390-ef10-4e7a-ad74-4616a48dfc39"
                  },
                  "type": "Compose",
                  "inputs": "@first(body('ListDefns-GraphURL')?['value'])?['environmentvariabledefinitionid']"
                },
                "ListDefns-GraphURL": {
                  "runAfter": {},
                  "metadata": {
                    "operationMetadataId": "3e4048d2-4f28-43c6-8e87-83b68c7c79aa"
                  },
                  "type": "OpenApiConnection",
                  "inputs": {
                    "host": {
                      "apiId": "/providers/Microsoft.PowerApps/apis/shared_commondataserviceforapps",
                      "connectionName": "shared_commondataserviceforapps_1",
                      "operationId": "ListRecords"
                    },
                    "parameters": {
                      "entityName": "environmentvariabledefinitions",
                      "$select": "environmentvariabledefinitionid, defaultvalue",
                      "$filter": "schemaname eq 'admin_graphurlenvironmentvariable'"
                    },
                    "authentication": "@parameters('$authentication')"
                  },
                  "runtimeConfiguration": {
                    "paginationPolicy": {
                      "minimumItemCount": 100000
                    }
                  }
                },
                "If_GraphURL_still_empty_set_as_commercial": {
                  "actions": {
                    "Set_GraphURL_to_commercial_url": {
                      "runAfter": {},
                      "metadata": {
                        "operationMetadataId": "1bb008e4-baef-4a57-a32e-556404f2deec"
                      },
                      "type": "SetVariable",
                      "inputs": {
                        "name": "GraphURL",
                        "value": "https://graph.microsoft.com/"
                      }
                    }
                  },
                  "runAfter": {
                    "Set_to_current_or_default_-_GraphURL": [
                      "Succeeded"
                    ]
                  },
                  "expression": {
                    "equals": [
                      "@length(variables('GraphURL'))",
                      0
                    ]
                  },
                  "metadata": {
                    "operationMetadataId": "efdd2886-4ffb-4a61-8611-b8dd7511d494"
                  },
                  "type": "If"
                }
              },
              "runAfter": {},
              "metadata": {
                "operationMetadataId": "9dfd2ea1-51ac-467c-ab9b-879bdfec49fa"
              },
              "type": "Scope",
              "description": "Doing it this way so that we can ship with this flow on, yet allow the env var to show up in ux for non commercial tenants to fill in"
            },
            "Invoke_an_HTTP_request": {
              "runAfter": {
                "Get_Graph_API_URL": [
                  "Succeeded"
                ]
              },
              "metadata": {
                "operationMetadataId": "c4e2cb2c-6b38-4e77-8e4e-9e83541cbe5c"
              },
              "type": "OpenApiConnection",
              "inputs": {
                "host": {
                  "apiId": "/providers/Microsoft.PowerApps/apis/shared_webcontents",
                  "connectionName": "shared_webcontents_1",
                  "operationId": "InvokeHttp"
                },
                "parameters": {
                  "request/method": "GET",
                  "request/url": "@{variables('GraphURL')}v1.0/organization"
                },
                "authentication": {
                  "value": "@json(decodeBase64(triggerOutputs().headers['X-MS-APIM-Tokens']))['$ConnectionKey']",
                  "type": "Raw"
                }
              }
            }
          },
          "runAfter": {
            "Initialize_GraphURL": [
              "Succeeded"
            ]
          },
          "metadata": {
            "operationMetadataId": "bc13dbfd-f643-4b1a-8c03-68c0796169a1"
          },
          "type": "Scope"
        },
        "Error_Handling": {
          "actions": {
            "Create_a_new_record_-_Sync_Flow_Errors": {
              "runAfter": {},
              "metadata": {
                "operationMetadataId": "87961ff0-e261-4890-9ab9-a53f88fe0de5"
              },
              "type": "OpenApiConnection",
              "inputs": {
                "host": {
                  "apiId": "/providers/Microsoft.PowerApps/apis/shared_commondataserviceforapps",
                  "connectionName": "shared_commondataserviceforapps",
                  "operationId": "CreateRecord"
                },
                "parameters": {
                  "entityName": "admin_syncflowerrorses",
                  "item/admin_name": "@workflow()?['tags']['flowDisplayName']"
                },
                "retryPolicy": {
                  "type": "exponential",
                  "count": 10,
                  "interval": "PT10S"
                },
                "authentication": "@parameters('$authentication')"
              },
              "description": "not filling flow instance URL because dont have the envt var yet on clean install"
            },
            "Terminate": {
              "runAfter": {
                "Update_Last_Run_Fail": [
                  "Succeeded"
                ]
              },
              "metadata": {
                "operationMetadataId": "9e5a2a18-dba2-47a1-96d5-3356f4348e5a"
              },
              "type": "Terminate",
              "inputs": {
                "runStatus": "Failed",
                "runError": {
                  "code": "500",
                  "message": "Get Environments Failed"
                }
              }
            },
            "Get_ID_Fail": {
              "runAfter": {
                "Create_a_new_record_-_Sync_Flow_Errors": [
                  "Succeeded"
                ]
              },
              "metadata": {
                "operationMetadataId": "47329bf2-8aac-400d-9778-a793b4f1180f"
              },
              "type": "OpenApiConnection",
              "inputs": {
                "host": {
                  "apiId": "/providers/Microsoft.PowerApps/apis/shared_commondataserviceforapps",
                  "connectionName": "shared_commondataserviceforapps",
                  "operationId": "ListRecords"
                },
                "parameters": {
                  "entityName": "admin_coesolutionmetadatas",
                  "$select": "admin_coesolutionmetadataid",
                  "$filter": "admin_objectname eq '@{workflow()?['tags']['flowDisplayName']}'",
                  "$top": 1
                },
                "authentication": "@parameters('$authentication')"
              }
            },
            "Update_Last_Run_Fail": {
              "runAfter": {
                "Get_ID_Fail": [
                  "Succeeded"
                ]
              },
              "metadata": {
                "operationMetadataId": "c63eb7cc-6101-4567-b520-a4a8881264e9"
              },
              "type": "OpenApiConnection",
              "inputs": {
                "host": {
                  "apiId": "/providers/Microsoft.PowerApps/apis/shared_commondataserviceforapps",
                  "connectionName": "shared_commondataserviceforapps",
                  "operationId": "UpdateRecord"
                },
                "parameters": {
                  "entityName": "admin_coesolutionmetadatas",
                  "recordId": "@first(outputs('Get_ID_Fail')?['body/value'])?['admin_coesolutionmetadataid']",
                  "item/admin_lastrun": "@utcNow()",
                  "item/admin_lastrunpassed": false
                },
                "authentication": "@parameters('$authentication')"
              }
            }
          },
          "runAfter": {
            "Get_Tenant_ID_Scope": [
              "Failed"
            ]
          },
          "metadata": {
            "operationMetadataId": "38ae684e-622d-42ea-abd2-ee571aee3a5f"
          },
          "type": "Scope"
        },
        "Update_last_run_as_pass": {
          "actions": {
            "Update_Last_Run_Successful": {
              "runAfter": {
                "Get_ID_Pass": [
                  "Succeeded"
                ]
              },
              "metadata": {
                "operationMetadataId": "78ef70e5-7f67-4737-9a02-8533f12caa19"
              },
              "type": "OpenApiConnection",
              "inputs": {
                "host": {
                  "apiId": "/providers/Microsoft.PowerApps/apis/shared_commondataserviceforapps",
                  "connectionName": "shared_commondataserviceforapps",
                  "operationId": "UpdateRecord"
                },
                "parameters": {
                  "entityName": "admin_coesolutionmetadatas",
                  "recordId": "@first(outputs('Get_ID_Pass')?['body/value'])?['admin_coesolutionmetadataid']",
                  "item/admin_lastrun": "@utcNow()",
                  "item/admin_lastrunpassed": true
                },
                "authentication": "@parameters('$authentication')"
              }
            },
            "Get_ID_Pass": {
              "runAfter": {},
              "metadata": {
                "operationMetadataId": "f4f314b6-89d3-4056-af1c-73115e7d6bd1"
              },
              "type": "OpenApiConnection",
              "inputs": {
                "host": {
                  "apiId": "/providers/Microsoft.PowerApps/apis/shared_commondataserviceforapps",
                  "connectionName": "shared_commondataserviceforapps",
                  "operationId": "ListRecords"
                },
                "parameters": {
                  "entityName": "admin_coesolutionmetadatas",
                  "$select": "admin_coesolutionmetadataid",
                  "$filter": "admin_objectname eq '@{workflow()?['tags']['flowDisplayName']}'",
                  "$top": 1
                },
                "authentication": "@parameters('$authentication')"
              }
            },
            "Catch_-_not_ready_to_take_last_run_date": {
              "runAfter": {
                "Update_Last_Run_Successful": [
                  "Failed"
                ]
              },
              "metadata": {
                "operationMetadataId": "f88cdefe-c402-49d7-8f4a-934475e6f741"
              },
              "type": "Compose",
              "inputs": "Catch - not ready to take last run date"
            }
          },
          "runAfter": {
            "Error_Handling": [
              "Skipped"
            ]
          },
          "metadata": {
            "operationMetadataId": "5c140442-d939-4ca4-8ec8-d1ee2bed4a81"
          },
          "type": "Scope"
        },
        "Initialize_GraphURL": {
          "runAfter": {},
          "metadata": {
            "operationMetadataId": "69def583-4d5a-4236-b629-ccf7495158a2"
          },
          "type": "InitializeVariable",
          "inputs": {
            "variables": [
              {
                "name": "GraphURL",
                "type": "string"
              }
            ]
          }
        }
      }
    },
    "templateName": null
  },
  "schemaVersion": "1.0.0.0"
}