{
  "properties": {
    "connectionReferences": {
      "shared_commondataserviceforapps": {
        "impersonation": {},
        "runtimeSource": "embedded",
        "connection": {
          "connectionReferenceLogicalName": "admin_CoECoreDataverse"
        },
        "api": {
          "name": "shared_commondataserviceforapps"
        }
      }
    },
    "definition": {
      "$schema": "https://schema.management.azure.com/providers/Microsoft.Logic/schemas/2016-06-01/workflowdefinition.json#",
      "contentVersion": "1.0.0.0",
      "parameters": {
        "$connections": {
          "defaultValue": {},
          "type": "Object"
        },
        "$authentication": {
          "defaultValue": {},
          "type": "SecureObject"
        },
        "Power Automate Environment Variable (admin_PowerAutomateEnvironmentVariable)": {
          "defaultValue": "https://flow.microsoft.com/manage/environments/",
          "type": "String",
          "metadata": {
            "schemaName": "admin_PowerAutomateEnvironmentVariable",
            "description": "Inventory - REQUIRED. Environment, including geographic location, for Power Automate - Ex for commercial: https://flow.microsoft.com/manage/environments/"
          }
        }
      },
      "triggers": {
        "When_a_row_is_added,_modified_or_deleted": {
          "metadata": {
            "operationMetadataId": "d0c82024-c2bb-4bac-837e-f2d05caa4ffc"
          },
          "type": "OpenApiConnectionWebhook",
          "inputs": {
            "host": {
              "apiId": "/providers/Microsoft.PowerApps/apis/shared_commondataserviceforapps",
              "connectionName": "shared_commondataserviceforapps",
              "operationId": "SubscribeWebhookTrigger"
            },
            "parameters": {
              "subscriptionRequest/message": 1,
              "subscriptionRequest/entityname": "admin_setupwizardstatemetadata",
              "subscriptionRequest/scope": 4,
              "subscriptionRequest/filterexpression": "admin_lastcompletedstep eq 4 and admin_name eq 'Initial Setup'",
              "subscriptionRequest/name": "5f2d3621-e26c-ed11-9561-6045bd09630d"
            },
            "authentication": "@parameters('$authentication')"
          }
        }
      },
      "actions": {
        "Update_Wizard_status": {
          "actions": {
            "Condition": {
              "actions": {
                "Add_RunInitialFlows_status_to_Setup_Wizard_state_table": {
                  "runAfter": {},
                  "metadata": {
                    "operationMetadataId": "d6d8060c-b58e-40a5-b41b-7f7deb663aeb"
                  },
                  "type": "OpenApiConnection",
                  "inputs": {
                    "host": {
                      "apiId": "/providers/Microsoft.PowerApps/apis/shared_commondataserviceforapps",
                      "connectionName": "shared_commondataserviceforapps",
                      "operationId": "CreateRecord"
                    },
                    "parameters": {
                      "entityName": "admin_setupwizardstatemetadatas",
                      "item/admin_name": "RunInitialFlows",
                      "item/admin_lastcompletedstep": 4,
                      "item/admin_solutionname": "@triggerOutputs()?['body/admin_solutionname']",
                      "item/admin_solutionversion": "@triggerOutputs()?['body/admin_solutionversion']"
                    },
                    "authentication": "@parameters('$authentication')"
                  }
                },
                "Delay": {
                  "runAfter": {
                    "Add_RunInitialFlows_status_to_Setup_Wizard_state_table": [
                      "Succeeded"
                    ]
                  },
                  "metadata": {
                    "operationMetadataId": "68785e7b-2ba9-423a-82f3-3cc7f876eedf"
                  },
                  "type": "Wait",
                  "inputs": {
                    "interval": {
                      "count": 2,
                      "unit": "Minute"
                    }
                  }
                },
                "Run_Connectors_flow": {
                  "runAfter": {
                    "Delay": [
                      "Succeeded"
                    ]
                  },
                  "metadata": {
                    "operationMetadataId": "07ec2c28-1385-49d8-ad4a-7ecc78937040"
                  },
                  "type": "Workflow",
                  "inputs": {
                    "host": {
                      "workflowReferenceName": "7e1ddb35-613d-eb11-a813-000d3a8f4ad6"
                    }
                  }
                },
                "Run_Configure_emails_flow": {
                  "runAfter": {
                    "Delay": [
                      "Succeeded"
                    ]
                  },
                  "metadata": {
                    "operationMetadataId": "6128be0c-5778-40c8-8231-aa550048b3bf"
                  },
                  "type": "Workflow",
                  "inputs": {
                    "host": {
                      "workflowReferenceName": "0ca18fdb-ac43-ec11-8c62-00224829b4c1"
                    },
                    "body": {
                      "boolean": true
                    }
                  }
                }
              },
              "runAfter": {
                "Check_if_RunInitialFlows_status_exists_recently": [
                  "Succeeded"
                ]
              },
              "else": {
                "actions": {
                  "Terminate": {
                    "runAfter": {},
                    "metadata": {
                      "operationMetadataId": "04a9c70d-ac7e-44f3-baae-e89909255ae7"
                    },
                    "type": "Terminate",
                    "inputs": {
                      "runStatus": "Succeeded"
                    }
                  }
                }
              },
              "expression": {
                "equals": [
                  0,
                  "@length(outputs('Check_if_RunInitialFlows_status_exists_recently')?['body/value'])"
                ]
              },
              "metadata": {
                "operationMetadataId": "5827df8d-0b9d-4f2f-bc07-bfe049172710"
              },
              "type": "If"
            },
            "Run_CoE_solution_metadata_flow": {
              "runAfter": {},
              "metadata": {
                "operationMetadataId": "d0d23d7c-c621-4a82-a5e0-5c58bcca9e3f"
              },
              "type": "Workflow",
              "inputs": {
                "host": {
                  "workflowReferenceName": "f67e1e35-4cd5-ec11-a7b5-0022482783b7"
                }
              }
            },
            "Check_if_RunInitialFlows_status_exists_recently": {
              "runAfter": {
                "Run_CoE_solution_metadata_flow": [
                  "Succeeded"
                ]
              },
              "metadata": {
                "operationMetadataId": "904d7df8-7ed8-439e-b574-69129ddd91c5"
              },
              "type": "OpenApiConnection",
              "inputs": {
                "host": {
                  "apiId": "/providers/Microsoft.PowerApps/apis/shared_commondataserviceforapps",
                  "connectionName": "shared_commondataserviceforapps",
                  "operationId": "ListRecords"
                },
                "parameters": {
                  "entityName": "admin_setupwizardstatemetadatas",
                  "$filter": "admin_name eq 'RunInitialFlows' and admin_solutionversion eq '@{triggerOutputs()?['body/admin_solutionversion']}' and admin_solutionname eq '@{triggerOutputs()?['body/admin_solutionname']}'"
                },
                "authentication": "@parameters('$authentication')"
              }
            }
          },
          "runAfter": {},
          "metadata": {
            "operationMetadataId": "ea93bc6c-2e40-47ed-845b-d118418ecc06"
          },
          "type": "Scope"
        },
        "Error_Handling": {
          "actions": {
            "Create_a_new_record_-_Sync_Flow_Errors": {
              "runAfter": {},
              "metadata": {
                "operationMetadataId": "87961ff0-e261-4890-9ab9-a53f88fe0de5"
              },
              "type": "OpenApiConnection",
              "inputs": {
                "host": {
                  "apiId": "/providers/Microsoft.PowerApps/apis/shared_commondataserviceforapps",
                  "connectionName": "shared_commondataserviceforapps",
                  "operationId": "CreateRecord"
                },
                "parameters": {
                  "entityName": "admin_syncflowerrorses",
                  "item/admin_name": "@workflow()?['tags']['flowDisplayName']",
                  "item/admin_flowinstanceurl": "@concat(parameters('Power Automate Environment Variable (admin_PowerAutomateEnvironmentVariable)'), workflow()?['tags']['environmentName'], '/flows/', workflow()?['name'], '/runs/', workflow()?['run']['name'])"
                },
                "retryPolicy": {
                  "type": "exponential",
                  "count": 10,
                  "interval": "PT10S"
                },
                "authentication": "@parameters('$authentication')"
              }
            },
            "Terminate_2": {
              "runAfter": {
                "Update_Last_Run_Fail": [
                  "Succeeded"
                ]
              },
              "metadata": {
                "operationMetadataId": "9e5a2a18-dba2-47a1-96d5-3356f4348e5a"
              },
              "type": "Terminate",
              "inputs": {
                "runStatus": "Failed",
                "runError": {
                  "code": "500",
                  "message": "Get Environments Failed"
                }
              }
            },
            "Get_ID_Fail": {
              "runAfter": {
                "Create_a_new_record_-_Sync_Flow_Errors": [
                  "Succeeded"
                ]
              },
              "metadata": {
                "operationMetadataId": "47329bf2-8aac-400d-9778-a793b4f1180f"
              },
              "type": "OpenApiConnection",
              "inputs": {
                "host": {
                  "apiId": "/providers/Microsoft.PowerApps/apis/shared_commondataserviceforapps",
                  "connectionName": "shared_commondataserviceforapps",
                  "operationId": "ListRecords"
                },
                "parameters": {
                  "entityName": "admin_coesolutionmetadatas",
                  "$select": "admin_coesolutionmetadataid",
                  "$filter": "admin_objectname eq '@{workflow()?['tags']['flowDisplayName']}'",
                  "$top": 1
                },
                "authentication": "@parameters('$authentication')"
              }
            },
            "Update_Last_Run_Fail": {
              "runAfter": {
                "Get_ID_Fail": [
                  "Succeeded"
                ]
              },
              "metadata": {
                "operationMetadataId": "c63eb7cc-6101-4567-b520-a4a8881264e9"
              },
              "type": "OpenApiConnection",
              "inputs": {
                "host": {
                  "apiId": "/providers/Microsoft.PowerApps/apis/shared_commondataserviceforapps",
                  "connectionName": "shared_commondataserviceforapps",
                  "operationId": "UpdateRecord"
                },
                "parameters": {
                  "entityName": "admin_coesolutionmetadatas",
                  "recordId": "@first(outputs('Get_ID_Fail')?['body/value'])?['admin_coesolutionmetadataid']",
                  "item/admin_lastrun": "@utcNow()",
                  "item/admin_lastrunpassed": false
                },
                "authentication": "@parameters('$authentication')"
              }
            }
          },
          "runAfter": {
            "Update_Wizard_status": [
              "Failed"
            ]
          },
          "metadata": {
            "operationMetadataId": "38ae684e-622d-42ea-abd2-ee571aee3a5f"
          },
          "type": "Scope"
        },
        "Update_last_run_as_pass": {
          "actions": {
            "Update_Last_Run_Successful": {
              "runAfter": {
                "Get_ID_Pass": [
                  "Succeeded"
                ]
              },
              "metadata": {
                "operationMetadataId": "78ef70e5-7f67-4737-9a02-8533f12caa19"
              },
              "type": "OpenApiConnection",
              "inputs": {
                "host": {
                  "apiId": "/providers/Microsoft.PowerApps/apis/shared_commondataserviceforapps",
                  "connectionName": "shared_commondataserviceforapps",
                  "operationId": "UpdateRecord"
                },
                "parameters": {
                  "entityName": "admin_coesolutionmetadatas",
                  "recordId": "@first(outputs('Get_ID_Pass')?['body/value'])?['admin_coesolutionmetadataid']",
                  "item/admin_lastrun": "@utcNow()",
                  "item/admin_lastrunpassed": true
                },
                "authentication": "@parameters('$authentication')"
              }
            },
            "Get_ID_Pass": {
              "runAfter": {},
              "metadata": {
                "operationMetadataId": "f4f314b6-89d3-4056-af1c-73115e7d6bd1"
              },
              "type": "OpenApiConnection",
              "inputs": {
                "host": {
                  "apiId": "/providers/Microsoft.PowerApps/apis/shared_commondataserviceforapps",
                  "connectionName": "shared_commondataserviceforapps",
                  "operationId": "ListRecords"
                },
                "parameters": {
                  "entityName": "admin_coesolutionmetadatas",
                  "$select": "admin_coesolutionmetadataid",
                  "$filter": "admin_objectname eq '@{workflow()?['tags']['flowDisplayName']}'",
                  "$top": 1
                },
                "authentication": "@parameters('$authentication')"
              }
            },
            "Catch_-_not_ready_to_take_last_run_date": {
              "runAfter": {
                "Update_Last_Run_Successful": [
                  "Failed"
                ]
              },
              "metadata": {
                "operationMetadataId": "f88cdefe-c402-49d7-8f4a-934475e6f741"
              },
              "type": "Compose",
              "inputs": "Catch - not ready to take last run date"
            }
          },
          "runAfter": {
            "Error_Handling": [
              "Skipped"
            ]
          },
          "metadata": {
            "operationMetadataId": "5c140442-d939-4ca4-8ec8-d1ee2bed4a81"
          },
          "type": "Scope"
        }
      }
    },
    "templateName": null
  },
  "schemaVersion": "1.0.0.0"
}