<environmentvariabledefinition schemaname="admin_AuditLogsClientAzureSecret">
  <description default="AuditLogs - Client secret of the Office 365 Management API Azure AD service principal stored in Azure KeyVault. Use only if you have stored your secret in Azure Key Vault.">
    <label description="AuditLogs - Client secret of the Office 365 Management API Azure AD service principal stored in Azure KeyVault. Use only if you have stored your secret in Azure Key Vault." languagecode="1033" />
  </description>
  <displayname default="Audit Logs - Client Azure Secret">
    <label description="Audit Logs - Client Azure Secret" languagecode="1033" />
  </displayname>
  <introducedversion>4.4.12</introducedversion>
  <iscustomizable>1</iscustomizable>
  <isrequired>0</isrequired>
  <secretstore>0</secretstore>
  <type>100000005</type>
</environmentvariabledefinition>