<environmentvariabledefinition schemaname="admin_isFullTenantInventory">
  <defaultvalue>yes</defaultvalue>
  <description default="Inventory - If true, (the default) the CoE inventory tracks all environments. New environments added to the inventory will have their Excuse from Inventory to false. You can opt out individual environments.  If false, the CoE inventory tracks a subset of environments. New environments added to the inventory will have their Excuse from Inventory to true. You can opt in individual environments.">
    <label description="Inventory - If true, (the default) the CoE inventory tracks all environments. New environments added to the inventory will have their Excuse from Inventory to false. You can opt out individual environments.  If false, the CoE inventory tracks a subset of environments. New environments added to the inventory will have their Excuse from Inventory to true. You can opt in individual environments." languagecode="1033" />
  </description>
  <displayname default="is All Environments Inventory">
    <label description="is All Environments Inventory" languagecode="1033" />
  </displayname>
  <introducedversion>3.45.12</introducedversion>
  <iscustomizable>1</iscustomizable>
  <isrequired>0</isrequired>
  <secretstore>0</secretstore>
  <type>100000002</type>
</environmentvariabledefinition>