<environmentvariabledefinition schemaname="admin_CoESystemUserID">
  <description default="in the maker table we store a user for system with an id. Storing here so that it can be referenced without having to look it up all the time.">
    <label description="in the maker table we store a user for system with an id. Storing here so that it can be referenced without having to look it up all the time." languagecode="1033" />
  </description>
  <displayname default="CoE System User ID">
    <label description="CoE System User ID" languagecode="1033" />
  </displayname>
  <introducedversion>4.16.6</introducedversion>
  <iscustomizable>1</iscustomizable>
  <isrequired>0</isrequired>
  <secretstore>0</secretstore>
  <type>100000000</type>
</environmentvariabledefinition>