{"__Version":"0.1","App":"91c62fff-49c0-4bdf-bdda-654f6586aa45","Test_7F478737223C4B69":"c733650a-7c62-4b81-b00d-d8151967d55a","Host":"0d91ef47-c75c-46e2-95fc-8005d1d19da8","Screen1":"7fd92043-a7c8-43b7-9312-bda9e187ab3d","MainContentContainer":"e82639cb-3803-4e19-8ca5-b3365c2f399d","ActionHeader":"8eec2001-c7da-4aa5-9ace-bf0234e9ef99","CommandBar":"deac1149-3bbd-4df6-aab4-45de90b2a461","SearchBox":"16efef87-2136-47f0-bc20-431756e982fb","Note":"cec727aa-1170-4852-8e81-2049bdb8b9c4","theNote":"11f0fd2f-8f2c-477d-99af-ca30f9485d27","FilterHeader":"111d00f3-ae8d-40d1-bb1c-0bb3b4532a2d","buffer":"02f78690-08dd-4821-b53a-e065ec82ee99","EnvtSelection":"9dbe203a-ead8-4da3-ac9d-871591c189ba","Display Name1":"e9be33bd-b871-4e28-8ad1-523ba100e0be","Administration Mode1":"2ad5f0a0-9a34-4b0d-abc4-93119a27f1b5","Admin - Microsoft Teams Environment Status1":"fea8874a-4f52-47bb-9e5f-4682cef6bb0c","Admin - Status Reason1":"c2d52644-9a86-40ee-b3f4-04fbf06bbaa9","Admin Requirement - Risk Assessment2":"aede5859-2265-48ca-a303-51aeb1cfedd1","Admin Requirement - Risk Assessment State2":"eb1637a2-8e8a-435e-b49d-465dd738123a","Admin - Review Teams Environment Status On1":"dee65361-6ecb-43c2-ac9a-dbb4dfd7045b","Approved Environment Capacity1":"584d3dc1-d6d4-4259-a590-b194cc12245f","Background Operations Enabled1":"c5fa876b-7526-4683-ac6e-375dc7d7eb41","Date Asked for Business Justification1":"9b5f347e-e354-4ada-bfa2-e97547d9d599","Connected Group ID1":"19a9e6e4-d0ba-4307-86b5-73efe75a950d","Environment CDS Instance URL1":"7db9e920-abd6-4166-b794-23f82a811704","Environment CDS Metadata Name1":"a0d58807-d304-48d4-b0e4-9f9fec5d5aff","Environment Created On1":"e442fe45-2278-4057-a10e-baa8dc951575","Environment Deleted1":"7aa6b839-5a12-43b7-a528-86463d3d134a","Environment Deleted On1":"2dac5c52-c981-45f5-b051-cc67297cfe48","Environment is Orphaned1":"75fb8774-a9c7-4842-a119-0398bbfc6e9f","Environment Maker Display Name1":"156fe49f-320f-43b6-84c7-aba29658cc92","Environment Maker UPN1":"65490748-a7a9-49a1-a89e-4399ee3a0e6b","Environment Modified On1":"c2a8ff3e-add1-43d7-bad8-6a5a56fb40a2","Name2":"74909082-ad7b-458e-8fc7-50bf74024391","Environment Owner1":"1e89434b-2e31-4841-b681-25b116d5e0d5","Environment Purpose1":"79a6c82e-bd4c-47d0-8041-7d20a7b063ab","Environment Purpose Text1":"8b733bc1-de59-4787-b60e-ba6e6a479359","Environment Queried On1":"ffdd5a6d-ffe8-45c6-94dc-61f0d9199c51","Environment Sku1":"c03307bf-eb04-4145-975f-ed29f6ae3488","Environment State1":"31aa64ab-8930-4e53-99aa-5591b0fd1115","Excuse From App Quarantine Flow1":"4b9adce0-b782-49c7-9257-f0d186fc8fa3","Excuse From Inactivity Flows1":"19527983-65e3-48de-ae70-aa9356c89c4a","Excuse From Compliance Flow1":"8264a27d-7397-46de-a24b-95dff566be68","Excuse From Empty Environment Cleanup1":"4475ce07-6862-4bcc-9d5a-481a297f7d60","Excuse From Inventory1":"3cca94a8-44fd-4263-ab25-3607a4fe1a7c","Governance Protection Level1":"d3ff2954-6ecd-409d-82e8-4aea5a37dc4b","hasCDS1":"231822a2-3de8-444c-9f74-444d97adc677","Has DLP Policy1":"42bc48a1-3d15-40a4-b056-9eb44fdfa3a3","isCOE1":"9dd49b41-9eac-4376-844f-04aa9a410e6f","Maker Requirement - Business Impact1":"621f95c5-0076-4b90-9fb0-9ef3231c6c86","Maker Requirement - Business Justification2":"43fb2510-9547-44ac-8289-7128145b8174","Microsoft Teams ID1":"13fe75cd-8d50-4f82-851d-db734cefb93c","Microsoft Teams URL1":"c02e528e-3984-42fb-977c-c92b3e2a8090","Organization ID1":"3ab3d48d-18a5-455b-975f-886d3ef31c1e","PCF enabled1":"70de7f55-13a4-47f6-afac-6eeebc650e4b","Record GUID as String3":"5770f092-7313-477b-b8ce-1c825e850378","Environment Region1":"d7c82bb6-4ae1-40b3-a303-6f5a659f8f34","TenantID1":"06aed242-7109-49ef-b2d5-10336f55655f","Environment External Connection Count1":"b31cc751-de41-45ca-892f-c25f69b61799","Environment External Connection Count (Last Updated On)1":"8330835d-8bd3-405a-920e-f923c89c9fd7","Environment External Connection Count (State)1":"c5f3aac8-a9dd-4c45-bc69-a6fd5539d298","Number Of Apps1":"d65902eb-1ed5-484e-a1e3-b053c8d720ac","Number Of Apps (Last Updated On)1":"7a8872d2-8165-41f5-85cd-529ae3d7262d","Number Of Apps (State)1":"70e2857e-a0a2-4257-a7d7-b1f58411910c","Number of Custom Connectors1":"ae2bbe07-52d2-4514-9b1a-0a7883dc9c9e","Number of Custom Connectors (Last Updated On)1":"00056e89-1bc1-4a8f-8139-869177e2a5af","Number of Custom Connectors (State)1":"92e444f4-18f9-4350-b252-c3a40aaceb49","Number Of Flows1":"c683aa05-2c0a-47b9-b407-d4398904cc62","Number Of Flows (Last Updated On)1":"9d8d4e36-0d5d-432b-8ba1-c342723d5656","Number Of Flows (State)1":"41fdff20-ab27-421a-a600-cd1808508483","Maker Copilot enabled1":"bd065ef4-5599-461e-8cdf-cd744ea8e76a","Environment Runtime State1":"11aba2f2-1cdd-4d96-a2aa-7e4bc7666097","Security Group ID1":"4236aa9c-8c07-41e2-a74b-57ffe08a8b43","Security Group Name1":"b82092dd-993c-40f3-af7f-6a583bf57efc","DLP Policies1":"c9a7997a-fe35-4cbd-b225-9a6a2d4b0d93","Connections Inaccessible1":"ee31254b-adfa-4518-a707-5a8d52773137","ConnectorSelection":"0ff9834f-f354-46ad-bed0-5aafd5672c9e","Connector Display Name2":"bed4b4f9-2dd7-42ba-a7d9-70cea6094cf8","Admin Requirement - Reviewed Connector1":"6de62a56-7cb9-419d-8aab-00c4ada3ff65","Admin Requirement - Risk Assessment1":"0b2230ec-de82-42dd-a2ad-42595a4b9062","Admin Requirement - Risk Assessment State1":"f8f03a51-6be5-47a1-a73a-1c65871dd240","Connector is Orphaned1":"7345e2b5-d4ab-4a66-b1fb-8d1f46ec0e15","Connector Background Color1":"3010319d-ca3d-4441-99a1-afeb3ce8680a","Compliance Requested on1":"5b8dc842-460c-4d61-9c89-cc6bfedfc339","Connector Created On1":"3356b62e-ba72-4197-843a-ce06db7b9ef9","Connector Creator Display Name1":"e48e45ae-fdc6-4b9e-adec-f93ebf16cc16","Connector Deleted1":"fbea4dd5-1bb8-41a3-b44b-32bee8965e7a","Connector Deleted On1":"8471b509-0b0f-42cc-99cf-197d4ea64905","Connector Modified On1":"67d58d05-4eb2-4d5b-abf6-311b14c14443","Custom Connector Host1":"9098fa15-d8d2-4d60-9436-1ccb95777d65","Custom Connector Host is HTTP1":"8b687840-fd53-444d-b2d3-e79bcd4b10a3","Connector Environment Display Name1":"bc5ab43f-5812-41b5-8281-2d9765557210","Connector Icon Uri1":"1faff50e-2756-4c22-b829-9e3a21e7ac81","admin_id1":"25371cbf-633b-4b7d-a009-003329bcaff1","Is Custom Api1":"24c4bb3b-286f-443a-8112-ed50256e390a","Maker Requirement - Access Management1":"91266e71-5423-4cc6-9f86-6c258971fe7c","Maker Requirement - Business Justification1":"c3e4c0bd-bbff-43b9-b374-4500f556e2a1","Maker Requirement - Conditions of Use1":"d66d8bd8-901c-4042-8e67-b5a154114e1c","Maker Requirement - Dependencies1":"328c7eac-de4d-477b-b12e-97ce63ed4eb5","Name1":"e345adf6-35ff-4b63-9dc3-5f6de88d0d25","Publisher1":"944e5cbb-0935-44ac-9e19-348a5c87a2f7","Record GUID as String1":"e42ce036-73d1-4344-9914-00d2b044c579","Record Modified1":"d1ca5c20-9ca1-4a8f-a446-38beea0bcfb9","Tier1":"21e84699-7bc4-41ba-9897-d962876f85d5","Num Flows1":"b9f25734-8f10-45a1-b030-b4b66b3bb4c7","Num Flows (Last Updated On)1":"efe4c262-84de-4626-bfdf-64e9a04ec8de","Num Flows (State)1":"d7f5fdb0-6adc-426c-9952-5807fa0cf8eb","Num Apps1":"874b9103-f44e-49e5-abc5-ee26a846f0c2","Num Apps (Last Updated On)1":"d341a35e-849c-4557-bd8d-228299ea6710","Num Apps (State)1":"76469ace-a065-431d-8875-42470fd69355","admin_id_short2":"06b61c2a-ffc2-4931-a848-67505b25fdcd","ErrorsOnlyCheckbox":"a23509f2-0bc8-413d-ab72-6baf83ccb771","GetNewDataBtn":"b66126bf-c799-43e2-adff-d6158c6bca77","ClearEnvt":"6f94f82a-c461-4ef3-bc3c-ad3e54cf6fed","ClearConnector":"53d8b7f7-d4a8-4181-a32c-a80b41e53d4b","HeaderDivider":"17913d9a-687f-463f-8c5d-21625ccec3a5","Header":"7c03b2eb-4e57-4669-a909-4380ff8e9d0f","header lbl":"98d9b8b6-559d-46fa-8573-1eff156734f2","HeaderDivider2":"5ecc0027-e748-4b94-9391-2674ad485459","BodyContainer":"04592bb1-6759-4ef5-959c-c8968ce92acb","ConnectionsList":"a817521b-3af3-452e-a058-4c9197b6784e","accountName1":"f34a65f4-0fe1-4b5e-9f9e-d50645ad9a9f","connectionCreator1":"bbc4cb7d-1700-479d-b606-6c2b9b774da0","connectionCreatorUPN1":"d64f38be-715f-4cc1-b52a-9bf21b70a29e","connectionEnvt1":"2844de05-1746-4338-a66c-515e532575fa","connectionEnvtDisplay1":"5505258a-0091-491b-91b0-c3ffdf34ae72","connectionIdentifier1":"a52c80cc-64f8-42a6-9d6d-8a350d05e09a","connectorName1":"1e2257b0-7785-467f-a8d4-19dfc92cb96e","noAccount1":"66b0a547-2a3e-4be9-bc7d-19fd61b0d111","StatusIsError1":"74152523-7fcd-4e50-ad52-e8dbefb4d65c","StatusColorString1":"cb2249b3-d65a-4ebc-ad19-ff1f974ad761","StatusString1":"9e530582-b8da-4ff7-96f9-254de9f2aa62","connectionParamater1":"8ce9bf2d-a942-413e-9d30-f9136a8bbc7a","propertyDisplayName1":"3df88601-20f5-48af-9165-a3a0fc82f409","PaginationControlContainer":"f16500d3-5a00-4b4e-8ac0-c02ed0c1ca9b","Pagination_NumRecords":"c5d0066f-772f-4b7e-9205-79fe9801456f","Pagination_FirstPage":"e5307c19-9965-41ac-b75f-25f80a1163ac","Pagination_PrevPage":"71423b31-52f6-4fd6-a119-0a9b2c01a74d","Pagination_CurrentPage":"2ba66ed7-8f43-454b-a1f5-7f1fb8a86048","Pagination_NextPage":"6e74f7e5-604b-43ad-a8b1-cb6a902cb8d5","galPaging":"24d22957-8458-426b-bc0a-772cf373cb45","galleryTemplate1":"ca6ae98b-c548-4eb5-bffb-6be9ffac5c61","Rectangle1":"0d703086-0aee-4f8b-9a1d-f8484b8f2e2d","Label1":"98a058f3-7542-4e1b-b6c8-6c8be9776947","Spinner1":"c61deaa0-6b9c-44dc-b310-3e56c0e2327c","RunFilterVars":"904fb26b-6dd4-4cc3-9b2a-c9f4270c8a59","Paging_logic":"67b6b2fc-99b4-4ac0-b062-b7acd7358c4c","Screen2":"1e480a19-6f12-4436-aa1b-c9df8ee7599c"}