<ImportExportXml version="9.2.24054.164" SolutionPackageVersion="9.2" languagecode="1033" generatedBy="CrmLive" xmlns:xsi="http://www.w3.org/2001/XMLSchema-instance">
  <SolutionManifest>
    <UniqueName>CenterofExcellenceNurtureComponents</UniqueName>
    <LocalizedNames>
      <LocalizedName description="Center of Excellence - Nurture Components" languagecode="1033" />
    </LocalizedNames>
    <Descriptions />
    <Version>3.18</Version>
    <Managed>1</Managed>
    <Publisher>
      <UniqueName>powerplatformadmin</UniqueName>
      <LocalizedNames>
        <LocalizedName description="Power Platform Admin" languagecode="1033" />
      </LocalizedNames>
      <Descriptions>
        <Description description="powerplatformadmin" languagecode="1033" />
      </Descriptions>
      <EMailAddress xsi:nil="true"></EMailAddress>
      <SupportingWebsiteUrl xsi:nil="true"></SupportingWebsiteUrl>
      <CustomizationPrefix>admin</CustomizationPrefix>
      <CustomizationOptionValuePrefix>59791</CustomizationOptionValuePrefix>
      <Addresses>
        <Address>
          <AddressNumber>1</AddressNumber>
          <AddressTypeCode>1</AddressTypeCode>
          <City xsi:nil="true"></City>
          <County xsi:nil="true"></County>
          <Country xsi:nil="true"></Country>
          <Fax xsi:nil="true"></Fax>
          <FreightTermsCode xsi:nil="true"></FreightTermsCode>
          <ImportSequenceNumber xsi:nil="true"></ImportSequenceNumber>
          <Latitude xsi:nil="true"></Latitude>
          <Line1 xsi:nil="true"></Line1>
          <Line2 xsi:nil="true"></Line2>
          <Line3 xsi:nil="true"></Line3>
          <Longitude xsi:nil="true"></Longitude>
          <Name xsi:nil="true"></Name>
          <PostalCode xsi:nil="true"></PostalCode>
          <PostOfficeBox xsi:nil="true"></PostOfficeBox>
          <PrimaryContactName xsi:nil="true"></PrimaryContactName>
          <ShippingMethodCode>1</ShippingMethodCode>
          <StateOrProvince xsi:nil="true"></StateOrProvince>
          <Telephone1 xsi:nil="true"></Telephone1>
          <Telephone2 xsi:nil="true"></Telephone2>
          <Telephone3 xsi:nil="true"></Telephone3>
          <TimeZoneRuleVersionNumber xsi:nil="true"></TimeZoneRuleVersionNumber>
          <UPSZone xsi:nil="true"></UPSZone>
          <UTCOffset xsi:nil="true"></UTCOffset>
          <UTCConversionTimeZoneCode xsi:nil="true"></UTCConversionTimeZoneCode>
        </Address>
        <Address>
          <AddressNumber>2</AddressNumber>
          <AddressTypeCode>1</AddressTypeCode>
          <City xsi:nil="true"></City>
          <County xsi:nil="true"></County>
          <Country xsi:nil="true"></Country>
          <Fax xsi:nil="true"></Fax>
          <FreightTermsCode xsi:nil="true"></FreightTermsCode>
          <ImportSequenceNumber xsi:nil="true"></ImportSequenceNumber>
          <Latitude xsi:nil="true"></Latitude>
          <Line1 xsi:nil="true"></Line1>
          <Line2 xsi:nil="true"></Line2>
          <Line3 xsi:nil="true"></Line3>
          <Longitude xsi:nil="true"></Longitude>
          <Name xsi:nil="true"></Name>
          <PostalCode xsi:nil="true"></PostalCode>
          <PostOfficeBox xsi:nil="true"></PostOfficeBox>
          <PrimaryContactName xsi:nil="true"></PrimaryContactName>
          <ShippingMethodCode>1</ShippingMethodCode>
          <StateOrProvince xsi:nil="true"></StateOrProvince>
          <Telephone1 xsi:nil="true"></Telephone1>
          <Telephone2 xsi:nil="true"></Telephone2>
          <Telephone3 xsi:nil="true"></Telephone3>
          <TimeZoneRuleVersionNumber xsi:nil="true"></TimeZoneRuleVersionNumber>
          <UPSZone xsi:nil="true"></UPSZone>
          <UTCOffset xsi:nil="true"></UTCOffset>
          <UTCConversionTimeZoneCode xsi:nil="true"></UTCConversionTimeZoneCode>
        </Address>
      </Addresses>
    </Publisher>
    <RootComponents>
      <RootComponent type="1" schemaName="admin_answeroptions" behavior="0" />
      <RootComponent type="1" schemaName="admin_assessment" behavior="0" />
      <RootComponent type="1" schemaName="admin_championexpertise" behavior="0" />
      <RootComponent type="1" schemaName="admin_championprofile" behavior="0" />
      <RootComponent type="1" schemaName="admin_coetemplates" behavior="0" />
      <RootComponent type="1" schemaName="admin_communityhubcomment" behavior="0" />
      <RootComponent type="1" schemaName="admin_communityhubcontent" behavior="0" />
      <RootComponent type="1" schemaName="admin_featureadmin" behavior="0" />
      <RootComponent type="1" schemaName="admin_inadayattendees" behavior="0" />
      <RootComponent type="1" schemaName="admin_inadayevent" behavior="0" />
      <RootComponent type="1" schemaName="admin_makerassessmentcategory" behavior="0" />
      <RootComponent type="1" schemaName="admin_playlist" behavior="0" />
      <RootComponent type="1" schemaName="admin_playlistitem" behavior="0" />
      <RootComponent type="1" schemaName="admin_pulsefeedback" behavior="0" />
      <RootComponent type="1" schemaName="admin_sharedcontent" behavior="0" />
      <RootComponent type="9" schemaName="admin_commentmoderation" behavior="0" />
      <RootComponent type="9" schemaName="admin_contentcategory" behavior="0" />
      <RootComponent type="9" schemaName="admin_contenttype" behavior="0" />
      <RootComponent type="9" schemaName="admin_dataclassification" behavior="0" />
      <RootComponent type="9" schemaName="admin_enablefeature" behavior="0" />
      <RootComponent type="9" schemaName="admin_expertiselevel" behavior="0" />
      <RootComponent type="9" schemaName="admin_playlisttype" behavior="0" />
      <RootComponent type="9" schemaName="admin_product" behavior="0" />
      <RootComponent type="9" schemaName="admin_questionformat" behavior="0" />
      <RootComponent type="9" schemaName="admin_sharedstatus" behavior="0" />
      <RootComponent type="9" schemaName="admin_sharetype" behavior="0" />
      <RootComponent type="9" schemaName="admin_templatetype" behavior="0" />
      <RootComponent type="20" id="{023c22ab-5a72-eb11-a812-000d3a173bb2}" behavior="0" />
      <RootComponent type="20" id="{3767cdb7-0656-ed11-9561-0022483dde7f}" behavior="0" />
      <RootComponent type="20" id="{f82f4895-5a72-eb11-a812-000d3a173480}" behavior="0" />
      <RootComponent type="29" id="{1d341d21-c39b-eb11-b1ac-000d3a1345fc}" behavior="0" />
      <RootComponent type="29" id="{5b27f2b1-c38d-ed11-aad0-002248b1e353}" behavior="0" />
      <RootComponent type="29" id="{64d797eb-cd9b-eb11-b1ac-000d3a13451d}" behavior="0" />
      <RootComponent type="29" id="{bb3bf13e-a08d-ec11-b400-000d3a5d3a92}" behavior="0" />
      <RootComponent type="29" id="{bc88659a-c09b-eb11-b1ac-000d3a13451d}" behavior="0" />
      <RootComponent type="29" id="{c31d2018-ab8d-ec11-b400-000d3a5d3a92}" behavior="0" />
      <RootComponent type="29" id="{cf8bd857-b082-ec11-8d21-000d3a5c86d1}" behavior="0" />
      <RootComponent type="29" id="{e7a96786-c7e5-e911-a860-000d3a372932}" behavior="0" />
      <RootComponent type="61" schemaName="accessChecker_openDialog.js" behavior="0" />
      <RootComponent type="61" schemaName="admin_attendeeicon" behavior="0" />
      <RootComponent type="61" schemaName="admin_commenticon" behavior="0" />
      <RootComponent type="61" schemaName="admin_contenticon" behavior="0" />
      <RootComponent type="61" schemaName="admin_eventicon" behavior="0" />
      <RootComponent type="61" schemaName="admin_myeventsicon" behavior="0" />
      <RootComponent type="61" schemaName="admin_playlist1icon" behavior="0" />
      <RootComponent type="61" schemaName="admin_playlist2icon" behavior="0" />
      <RootComponent type="61" schemaName="admin_playlist3icon" behavior="0" />
      <RootComponent type="61" schemaName="admin_questionlisticon" behavior="0" />
      <RootComponent type="61" schemaName="admin_templateicon" behavior="0" />
      <RootComponent type="62" schemaName="admin_NurtureappsMaker" behavior="0" />
      <RootComponent type="62" schemaName="admin_VideohubAdmin" behavior="0" />
      <RootComponent type="80" schemaName="admin_NurtureappsMaker" behavior="0" />
      <RootComponent type="80" schemaName="admin_VideohubAdmin" behavior="0" />
      <RootComponent type="300" schemaName="admin_makerassessmentpage_8e392" behavior="0" />
      <RootComponent type="300" schemaName="admin_templatecatalogpage_ec9f3" behavior="0" />
      <RootComponent type="300" schemaName="admin_trainingregistrationcreateteamspage_b78aa" behavior="0" />
      <RootComponent type="300" schemaName="admin_trainingregistrationemailattendeespage_82749" behavior="0" />
      <RootComponent type="300" schemaName="admin_trainingregistrationmyregisteredeventspage_9788c" behavior="0" />
      <RootComponent type="300" schemaName="admin_trainingregistrationupcomingeventspage_d6364" behavior="0" />
      <RootComponent type="300" schemaName="admin_videohubadmindefaultcommandlibrary_793e2" behavior="0" />
      <RootComponent type="300" schemaName="admin_videohubdev_d96fb" behavior="0" />
      <RootComponent type="300" schemaName="admin_videohubnew_d2b8d" behavior="0" />
      <RootComponent type="431" schemaName="admin_inadayevent admin_eventimage" behavior="0" />
      <RootComponent type="432" schemaName="admin_inadayevent" behavior="0" />
    </RootComponents>
    <MissingDependencies>
      <MissingDependency>
        <Required type="1" schemaName="admin_coesolutionmetadata" displayName="CoE Solution Metadata" solution="CenterofExcellenceCoreComponents (4.31)" />
        <Dependent type="29" displayName="Training In A Day | Registration Confirmation" id="{1d341d21-c39b-eb11-b1ac-000d3a1345fc}" />
      </MissingDependency>
      <MissingDependency>
        <Required type="1" schemaName="admin_coesolutionmetadata" displayName="CoE Solution Metadata" solution="CenterofExcellenceCoreComponents (4.31)" />
        <Dependent type="29" displayName="Training In A Day | Final Attendees for Event Owner" id="{5b27f2b1-c38d-ed11-aad0-002248b1e353}" />
      </MissingDependency>
      <MissingDependency>
        <Required type="1" schemaName="admin_coesolutionmetadata" displayName="CoE Solution Metadata" solution="CenterofExcellenceCoreComponents (4.31)" />
        <Dependent type="29" displayName="Training In A Day | Reminder 3 days prior event" id="{64d797eb-cd9b-eb11-b1ac-000d3a13451d}" />
      </MissingDependency>
      <MissingDependency>
        <Required type="1" schemaName="admin_coesolutionmetadata" displayName="CoE Solution Metadata" solution="CenterofExcellenceCoreComponents (4.31)" />
        <Dependent type="29" displayName="Pulse - Survey Makers for CoE feedback" id="{bb3bf13e-a08d-ec11-b400-000d3a5d3a92}" />
      </MissingDependency>
      <MissingDependency>
        <Required type="1" schemaName="admin_coesolutionmetadata" displayName="CoE Solution Metadata" solution="CenterofExcellenceCoreComponents (4.31)" />
        <Dependent type="29" displayName="Training In A Day | Feedback Reminder" id="{bc88659a-c09b-eb11-b1ac-000d3a13451d}" />
      </MissingDependency>
      <MissingDependency>
        <Required type="1" schemaName="admin_coesolutionmetadata" displayName="CoE Solution Metadata" solution="CenterofExcellenceCoreComponents (4.31)" />
        <Dependent type="29" displayName="Pulse [Child] - Post adaptive cards to maker" id="{c31d2018-ab8d-ec11-b400-000d3a5d3a92}" />
      </MissingDependency>
      <MissingDependency>
        <Required type="1" schemaName="admin_coesolutionmetadata" displayName="CoE Solution Metadata" solution="CenterofExcellenceCoreComponents (4.31)" />
        <Dependent type="29" displayName="Add Maker Assessment Starter Data" id="{cf8bd857-b082-ec11-8d21-000d3a5c86d1}" />
      </MissingDependency>
      <MissingDependency>
        <Required type="1" schemaName="admin_coesolutionmetadata" displayName="CoE Solution Metadata" solution="CenterofExcellenceCoreComponents (4.31)" />
        <Dependent type="29" displayName="Admin | Newsletter with Product Updates" id="{e7a96786-c7e5-e911-a860-000d3a372932}" />
      </MissingDependency>
      <MissingDependency>
        <Required type="1" schemaName="admin_customizedemail" displayName="Customized Email" solution="CenterofExcellenceCoreComponents (4.31)" />
        <Dependent type="29" displayName="Training In A Day | Registration Confirmation" id="{1d341d21-c39b-eb11-b1ac-000d3a1345fc}" />
      </MissingDependency>
      <MissingDependency>
        <Required type="1" schemaName="admin_customizedemail" displayName="Customized Email" solution="CenterofExcellenceCoreComponents (4.31)" />
        <Dependent type="29" displayName="Training In A Day | Final Attendees for Event Owner" id="{5b27f2b1-c38d-ed11-aad0-002248b1e353}" />
      </MissingDependency>
      <MissingDependency>
        <Required type="1" schemaName="admin_customizedemail" displayName="Customized Email" solution="CenterofExcellenceCoreComponents (4.31)" />
        <Dependent type="29" displayName="Training In A Day | Reminder 3 days prior event" id="{64d797eb-cd9b-eb11-b1ac-000d3a13451d}" />
      </MissingDependency>
      <MissingDependency>
        <Required type="1" schemaName="admin_customizedemail" displayName="Customized Email" solution="CenterofExcellenceCoreComponents (4.31)" />
        <Dependent type="29" displayName="Training In A Day | Feedback Reminder" id="{bc88659a-c09b-eb11-b1ac-000d3a13451d}" />
      </MissingDependency>
      <MissingDependency>
        <Required type="1" schemaName="admin_customizedemail" displayName="Customized Email" solution="CenterofExcellenceCoreComponents (4.31)" />
        <Dependent type="29" displayName="Admin | Newsletter with Product Updates" id="{e7a96786-c7e5-e911-a860-000d3a372932}" />
      </MissingDependency>
      <MissingDependency>
        <Required type="1" schemaName="admin_maker" displayName="Maker" solution="CenterofExcellenceCoreComponents (4.31)" />
        <Dependent type="29" displayName="Pulse - Survey Makers for CoE feedback" id="{bb3bf13e-a08d-ec11-b400-000d3a5d3a92}" />
      </MissingDependency>
      <MissingDependency>
        <Required type="1" schemaName="admin_maker" displayName="Maker" solution="CenterofExcellenceCoreComponents (4.31)" />
        <Dependent type="29" displayName="Pulse [Child] - Post adaptive cards to maker" id="{c31d2018-ab8d-ec11-b400-000d3a5d3a92}" />
      </MissingDependency>
      <MissingDependency>
        <Required type="1" schemaName="admin_syncflowerrors" displayName="Sync Flow Errors" solution="CenterofExcellenceCoreComponents (4.31)" />
        <Dependent type="29" displayName="Training In A Day | Registration Confirmation" id="{1d341d21-c39b-eb11-b1ac-000d3a1345fc}" />
      </MissingDependency>
      <MissingDependency>
        <Required type="1" schemaName="admin_syncflowerrors" displayName="Sync Flow Errors" solution="CenterofExcellenceCoreComponents (4.31)" />
        <Dependent type="29" displayName="Training In A Day | Final Attendees for Event Owner" id="{5b27f2b1-c38d-ed11-aad0-002248b1e353}" />
      </MissingDependency>
      <MissingDependency>
        <Required type="1" schemaName="admin_syncflowerrors" displayName="Sync Flow Errors" solution="CenterofExcellenceCoreComponents (4.31)" />
        <Dependent type="29" displayName="Training In A Day | Reminder 3 days prior event" id="{64d797eb-cd9b-eb11-b1ac-000d3a13451d}" />
      </MissingDependency>
      <MissingDependency>
        <Required type="1" schemaName="admin_syncflowerrors" displayName="Sync Flow Errors" solution="CenterofExcellenceCoreComponents (4.31)" />
        <Dependent type="29" displayName="Pulse - Survey Makers for CoE feedback" id="{bb3bf13e-a08d-ec11-b400-000d3a5d3a92}" />
      </MissingDependency>
      <MissingDependency>
        <Required type="1" schemaName="admin_syncflowerrors" displayName="Sync Flow Errors" solution="CenterofExcellenceCoreComponents (4.31)" />
        <Dependent type="29" displayName="Training In A Day | Feedback Reminder" id="{bc88659a-c09b-eb11-b1ac-000d3a13451d}" />
      </MissingDependency>
      <MissingDependency>
        <Required type="1" schemaName="admin_syncflowerrors" displayName="Sync Flow Errors" solution="CenterofExcellenceCoreComponents (4.31)" />
        <Dependent type="29" displayName="Pulse [Child] - Post adaptive cards to maker" id="{c31d2018-ab8d-ec11-b400-000d3a5d3a92}" />
      </MissingDependency>
      <MissingDependency>
        <Required type="1" schemaName="admin_syncflowerrors" displayName="Sync Flow Errors" solution="CenterofExcellenceCoreComponents (4.31)" />
        <Dependent type="29" displayName="Add Maker Assessment Starter Data" id="{cf8bd857-b082-ec11-8d21-000d3a5c86d1}" />
      </MissingDependency>
      <MissingDependency>
        <Required type="1" schemaName="admin_syncflowerrors" displayName="Sync Flow Errors" solution="CenterofExcellenceCoreComponents (4.31)" />
        <Dependent type="29" displayName="Admin | Newsletter with Product Updates" id="{e7a96786-c7e5-e911-a860-000d3a372932}" />
      </MissingDependency>
      <MissingDependency>
        <Required type="1" schemaName="environmentvariabledefinition" displayName="Environment Variable Definition" solution="EnvironmentVariables (1.0.2.297)" />
        <Dependent type="300" schemaName="admin_makerassessmentpage_8e392" displayName="Maker Assessment page" />
      </MissingDependency>
      <MissingDependency>
        <Required type="1" schemaName="environmentvariabledefinition" displayName="Environment Variable Definition" solution="EnvironmentVariables (1.0.2.297)" />
        <Dependent type="300" schemaName="admin_videohubdev_d96fb" displayName="Video hub (deprecated)" />
      </MissingDependency>
      <MissingDependency>
        <Required type="1" schemaName="environmentvariabledefinition" displayName="Environment Variable Definition" solution="EnvironmentVariables (1.0.2.297)" />
        <Dependent type="300" schemaName="admin_videohubnew_d2b8d" displayName="Video Hub New" />
      </MissingDependency>
      <MissingDependency>
        <Required type="1" schemaName="environmentvariablevalue" displayName="Environment Variable Value" solution="EnvironmentVariables (1.0.2.297)" />
        <Dependent type="300" schemaName="admin_makerassessmentpage_8e392" displayName="Maker Assessment page" />
      </MissingDependency>
      <MissingDependency>
        <Required type="1" schemaName="environmentvariablevalue" displayName="Environment Variable Value" solution="EnvironmentVariables (1.0.2.297)" />
        <Dependent type="300" schemaName="admin_videohubdev_d96fb" displayName="Video hub (deprecated)" />
      </MissingDependency>
      <MissingDependency>
        <Required type="1" schemaName="environmentvariablevalue" displayName="Environment Variable Value" solution="EnvironmentVariables (1.0.2.297)" />
        <Dependent type="300" schemaName="admin_videohubnew_d2b8d" displayName="Video Hub New" />
      </MissingDependency>
      <MissingDependency>
        <Required type="2" schemaName="admin_displayname" displayName="Display Name" parentSchemaName="admin_maker" parentDisplayName="Maker" solution="CenterofExcellenceCoreComponents (4.31)" />
        <Dependent type="10" schemaName="admin_PulseFeedback_Feedbackfrom_admin_Ma" displayName="admin_PulseFeedback_Feedbackfrom_admin_Ma" parentSchemaName="admin_maker" parentDisplayName="Maker" />
      </MissingDependency>
      <MissingDependency>
        <Required type="29" displayName="HELPER - Send Email" solution="CenterofExcellenceCoreComponents (4.31)" id="{5625768c-bd3d-ec11-8c63-00224829720b}" />
        <Dependent type="29" displayName="Training In A Day | Registration Confirmation" id="{1d341d21-c39b-eb11-b1ac-000d3a1345fc}" />
      </MissingDependency>
      <MissingDependency>
        <Required type="29" displayName="HELPER - Send Email" solution="CenterofExcellenceCoreComponents (4.31)" id="{5625768c-bd3d-ec11-8c63-00224829720b}" />
        <Dependent type="29" displayName="Training In A Day | Final Attendees for Event Owner" id="{5b27f2b1-c38d-ed11-aad0-002248b1e353}" />
      </MissingDependency>
      <MissingDependency>
        <Required type="29" displayName="HELPER - Send Email" solution="CenterofExcellenceCoreComponents (4.31)" id="{5625768c-bd3d-ec11-8c63-00224829720b}" />
        <Dependent type="29" displayName="Training In A Day | Reminder 3 days prior event" id="{64d797eb-cd9b-eb11-b1ac-000d3a13451d}" />
      </MissingDependency>
      <MissingDependency>
        <Required type="29" displayName="HELPER - Send Email" solution="CenterofExcellenceCoreComponents (4.31)" id="{5625768c-bd3d-ec11-8c63-00224829720b}" />
        <Dependent type="29" displayName="Training In A Day | Feedback Reminder" id="{bc88659a-c09b-eb11-b1ac-000d3a13451d}" />
      </MissingDependency>
      <MissingDependency>
        <Required type="29" displayName="HELPER - Send Email" solution="CenterofExcellenceCoreComponents (4.31)" id="{5625768c-bd3d-ec11-8c63-00224829720b}" />
        <Dependent type="29" displayName="Admin | Newsletter with Product Updates" id="{e7a96786-c7e5-e911-a860-000d3a372932}" />
      </MissingDependency>
      <MissingDependency>
        <Required type="61" schemaName="accessChecker_openDialog.js" displayName="accessChecker_openDialog.js" solution="msft_AccessCheckerExtension (1.1.0.4)" />
        <Dependent type="61" schemaName="accessChecker_openDialog.js" displayName="accessChecker_openDialog.js" />
      </MissingDependency>
      <MissingDependency>
        <Required type="61" schemaName="admin_assessmenticon" displayName="admin_assessmenticon" solution="CenterofExcellenceCoreComponents (4.31)" />
        <Dependent type="62" schemaName="admin_NurtureappsMaker" />
      </MissingDependency>
      <MissingDependency>
        <Required type="61" schemaName="admin_powercat.opendialog.form" displayName="admin_powercat.opendialog.form" solution="CenterofExcellenceCoreComponents (4.31)" />
        <Dependent type="appaction" displayName="admin__CreateTeamsevent!514d1987538c4e71a7c7c4f3abedc206!admin_VideohubAdmin!admin_inadayevent!0" id.uniquename="admin__CreateTeamsevent!514d1987538c4e71a7c7c4f3abedc206!admin_VideohubAdmin!admin_inadayevent!0" />
      </MissingDependency>
      <MissingDependency>
        <Required type="61" schemaName="admin_powercat.opendialog.form" displayName="admin_powercat.opendialog.form" solution="CenterofExcellenceCoreComponents (4.31)" />
        <Dependent type="appaction" displayName="admin__EmailAttendees!8b7fd4b46ece425181667b07dbf090a5!admin_VideohubAdmin!admin_inadayevent!0" id.uniquename="admin__EmailAttendees!8b7fd4b46ece425181667b07dbf090a5!admin_VideohubAdmin!admin_inadayevent!0" />
      </MissingDependency>
      <MissingDependency>
        <Required type="61" schemaName="msdyn_/Images/AppModule_Default_Icon.png" displayName="msdyn_/Images/AppModule_Default_Icon.png" solution="AppModuleWebResources (2.5)" />
        <Dependent type="80" schemaName="admin_NurtureappsMaker" displayName="Nurture apps - Maker" />
      </MissingDependency>
      <MissingDependency>
        <Required type="61" schemaName="msdyn_/Images/AppModule_Default_Icon.png" displayName="msdyn_/Images/AppModule_Default_Icon.png" solution="AppModuleWebResources (2.5)" />
        <Dependent type="80" schemaName="admin_VideohubAdmin" displayName="Nurture apps - Admin" />
      </MissingDependency>
      <MissingDependency>
        <Required type="66" schemaName="cat_PowerCAT.CommandBar" displayName="cat_PowerCAT.CommandBar" solution="CreatorKitCore (1.0.20240529.1)" />
        <Dependent type="300" schemaName="admin_videohubnew_d2b8d" displayName="Video Hub New" />
      </MissingDependency>
      <MissingDependency>
        <Required type="66" schemaName="cat_PowerCAT.Elevation" displayName="cat_PowerCAT.Elevation" solution="CreatorKitCore (1.0.20240529.1)" />
        <Dependent type="300" schemaName="admin_templatecatalogpage_ec9f3" displayName="Template Catalog page" />
      </MissingDependency>
      <MissingDependency>
        <Required type="66" schemaName="cat_PowerCAT.Elevation" displayName="cat_PowerCAT.Elevation" solution="CreatorKitCore (1.0.20240529.1)" />
        <Dependent type="300" schemaName="admin_trainingregistrationupcomingeventspage_d6364" displayName="Training Registration Upcoming Events page" />
      </MissingDependency>
      <MissingDependency>
        <Required type="66" schemaName="cat_PowerCAT.FluentDetailsList" displayName="cat_PowerCAT.FluentDetailsList" solution="CreatorKitCore (1.0.20240529.1)" />
        <Dependent type="300" schemaName="admin_makerassessmentpage_8e392" displayName="Maker Assessment page" />
      </MissingDependency>
      <MissingDependency>
        <Required type="66" schemaName="cat_PowerCAT.FluentDetailsList" displayName="cat_PowerCAT.FluentDetailsList" solution="CreatorKitCore (1.0.20240529.1)" />
        <Dependent type="300" schemaName="admin_trainingregistrationmyregisteredeventspage_9788c" displayName="Training Registration My Registered Events page" />
      </MissingDependency>
      <MissingDependency>
        <Required type="66" schemaName="cat_PowerCAT.Icon" displayName="cat_PowerCAT.Icon" solution="CreatorKitCore (1.0.20240529.1)" />
        <Dependent type="300" schemaName="admin_makerassessmentpage_8e392" displayName="Maker Assessment page" />
      </MissingDependency>
      <MissingDependency>
        <Required type="66" schemaName="cat_PowerCAT.Icon" displayName="cat_PowerCAT.Icon" solution="CreatorKitCore (1.0.20240529.1)" />
        <Dependent type="300" schemaName="admin_templatecatalogpage_ec9f3" displayName="Template Catalog page" />
      </MissingDependency>
      <MissingDependency>
        <Required type="66" schemaName="cat_PowerCAT.Icon" displayName="cat_PowerCAT.Icon" solution="CreatorKitCore (1.0.20240529.1)" />
        <Dependent type="300" schemaName="admin_trainingregistrationemailattendeespage_82749" displayName="Training Registration Email Attendees page" />
      </MissingDependency>
      <MissingDependency>
        <Required type="66" schemaName="cat_PowerCAT.Nav" displayName="cat_PowerCAT.Nav" solution="CreatorKitCore (1.0.20240529.1)" />
        <Dependent type="300" schemaName="admin_videohubnew_d2b8d" displayName="Video Hub New" />
      </MissingDependency>
      <MissingDependency>
        <Required type="66" schemaName="cat_PowerCAT.PeoplePicker" displayName="cat_PowerCAT.PeoplePicker" solution="CreatorKitCore (1.0.20240529.1)" />
        <Dependent type="300" schemaName="admin_trainingregistrationemailattendeespage_82749" displayName="Training Registration Email Attendees page" />
      </MissingDependency>
      <MissingDependency>
        <Required type="66" schemaName="cat_PowerCAT.Pivot" displayName="cat_PowerCAT.Pivot" solution="CreatorKitCore (1.0.20240529.1)" />
        <Dependent type="300" schemaName="admin_trainingregistrationupcomingeventspage_d6364" displayName="Training Registration Upcoming Events page" />
      </MissingDependency>
      <MissingDependency>
        <Required type="66" schemaName="cat_PowerCAT.Pivot" displayName="cat_PowerCAT.Pivot" solution="CreatorKitCore (1.0.20240529.1)" />
        <Dependent type="300" schemaName="admin_videohubnew_d2b8d" displayName="Video Hub New" />
      </MissingDependency>
      <MissingDependency>
        <Required type="66" schemaName="cat_PowerCAT.SearchBox" displayName="cat_PowerCAT.SearchBox" solution="CreatorKitCore (1.0.20240529.1)" />
        <Dependent type="300" schemaName="admin_templatecatalogpage_ec9f3" displayName="Template Catalog page" />
      </MissingDependency>
      <MissingDependency>
        <Required type="66" schemaName="cat_PowerCAT.SearchBox" displayName="cat_PowerCAT.SearchBox" solution="CreatorKitCore (1.0.20240529.1)" />
        <Dependent type="300" schemaName="admin_trainingregistrationmyregisteredeventspage_9788c" displayName="Training Registration My Registered Events page" />
      </MissingDependency>
      <MissingDependency>
        <Required type="66" schemaName="cat_PowerCAT.SearchBox" displayName="cat_PowerCAT.SearchBox" solution="CreatorKitCore (1.0.20240529.1)" />
        <Dependent type="300" schemaName="admin_videohubnew_d2b8d" displayName="Video Hub New" />
      </MissingDependency>
      <MissingDependency>
        <Required type="66" schemaName="cat_PowerCAT.Spinner" displayName="cat_PowerCAT.Spinner" solution="CreatorKitCore (1.0.20240529.1)" />
        <Dependent type="300" schemaName="admin_trainingregistrationemailattendeespage_82749" displayName="Training Registration Email Attendees page" />
      </MissingDependency>
      <MissingDependency>
        <Required type="66" schemaName="cat_PowerCAT.Spinner" displayName="cat_PowerCAT.Spinner" solution="CreatorKitCore (1.0.20240529.1)" />
        <Dependent type="300" schemaName="admin_videohubnew_d2b8d" displayName="Video Hub New" />
      </MissingDependency>
      <MissingDependency>
        <Required type="66" schemaName="cat_PowerCAT.SubwayNav" displayName="cat_PowerCAT.SubwayNav" solution="CreatorKitCore (1.0.20240529.1)" />
        <Dependent type="300" schemaName="admin_makerassessmentpage_8e392" displayName="Maker Assessment page" />
      </MissingDependency>
      <MissingDependency>
        <Required type="9" schemaName="admin_dataclassification" displayName="Data Classification" solution="CenterofExcellenceCoreComponents (4.31)" />
        <Dependent type="9" schemaName="admin_dataclassification" displayName="Data Classification" />
      </MissingDependency>
      <MissingDependency>
        <Required type="connectionreference" displayName="admin_CoECoreDataverse" solution="CenterofExcellenceCoreComponents (4.31)" id.connectionreferencelogicalname="admin_CoECoreDataverse" />
        <Dependent type="29" displayName="Training In A Day | Reminder 3 days prior event" id="{64d797eb-cd9b-eb11-b1ac-000d3a13451d}" />
      </MissingDependency>
      <MissingDependency>
        <Required type="connectionreference" displayName="admin_CoECoreDataverse" solution="CenterofExcellenceCoreComponents (4.31)" id.connectionreferencelogicalname="admin_CoECoreDataverse" />
        <Dependent type="29" displayName="Training In A Day | Feedback Reminder" id="{bc88659a-c09b-eb11-b1ac-000d3a13451d}" />
      </MissingDependency>
      <MissingDependency>
        <Required type="connectionreference" displayName="admin_CoECoreDataverse2" solution="CenterofExcellenceCoreComponents (4.31)" id.connectionreferencelogicalname="admin_CoECoreDataverse2" />
        <Dependent type="29" displayName="Add Maker Assessment Starter Data" id="{cf8bd857-b082-ec11-8d21-000d3a5c86d1}" />
      </MissingDependency>
      <MissingDependency>
        <Required type="connectionreference" displayName="admin_CoECoreO365Users" solution="CenterofExcellenceCoreComponents (4.31)" id.connectionreferencelogicalname="admin_CoECoreO365Users" />
        <Dependent type="29" displayName="Pulse - Survey Makers for CoE feedback" id="{bb3bf13e-a08d-ec11-b400-000d3a5d3a92}" />
      </MissingDependency>
      <MissingDependency>
        <Required type="connectionreference" displayName="admin_sharedcommondataserviceforapps_98924" solution="CenterofExcellenceCoreComponents (4.31)" id.connectionreferencelogicalname="admin_sharedcommondataserviceforapps_98924" />
        <Dependent type="29" displayName="Pulse - Survey Makers for CoE feedback" id="{bb3bf13e-a08d-ec11-b400-000d3a5d3a92}" />
      </MissingDependency>
      <MissingDependency>
        <Required type="connectionreference" displayName="admin_sharedcommondataserviceforapps_98924" solution="CenterofExcellenceCoreComponents (4.31)" id.connectionreferencelogicalname="admin_sharedcommondataserviceforapps_98924" />
        <Dependent type="29" displayName="Pulse [Child] - Post adaptive cards to maker" id="{c31d2018-ab8d-ec11-b400-000d3a5d3a92}" />
      </MissingDependency>
      <MissingDependency>
        <Required type="EnvironmentVariableDefinition" displayName="admin_AdmineMailPreferredLanguage" solution="CenterofExcellenceCoreComponents (4.31)" id.schemaname="admin_AdmineMailPreferredLanguage" />
        <Dependent type="29" displayName="Training In A Day | Registration Confirmation" id="{1d341d21-c39b-eb11-b1ac-000d3a1345fc}" />
      </MissingDependency>
      <MissingDependency>
        <Required type="EnvironmentVariableDefinition" displayName="admin_AdmineMailPreferredLanguage" solution="CenterofExcellenceCoreComponents (4.31)" id.schemaname="admin_AdmineMailPreferredLanguage" />
        <Dependent type="29" displayName="Training In A Day | Final Attendees for Event Owner" id="{5b27f2b1-c38d-ed11-aad0-002248b1e353}" />
      </MissingDependency>
      <MissingDependency>
        <Required type="EnvironmentVariableDefinition" displayName="admin_AdmineMailPreferredLanguage" solution="CenterofExcellenceCoreComponents (4.31)" id.schemaname="admin_AdmineMailPreferredLanguage" />
        <Dependent type="29" displayName="Training In A Day | Reminder 3 days prior event" id="{64d797eb-cd9b-eb11-b1ac-000d3a13451d}" />
      </MissingDependency>
      <MissingDependency>
        <Required type="EnvironmentVariableDefinition" displayName="admin_AdmineMailPreferredLanguage" solution="CenterofExcellenceCoreComponents (4.31)" id.schemaname="admin_AdmineMailPreferredLanguage" />
        <Dependent type="29" displayName="Training In A Day | Feedback Reminder" id="{bc88659a-c09b-eb11-b1ac-000d3a13451d}" />
      </MissingDependency>
      <MissingDependency>
        <Required type="EnvironmentVariableDefinition" displayName="admin_AdmineMailPreferredLanguage" solution="CenterofExcellenceCoreComponents (4.31)" id.schemaname="admin_AdmineMailPreferredLanguage" />
        <Dependent type="29" displayName="Admin | Newsletter with Product Updates" id="{e7a96786-c7e5-e911-a860-000d3a372932}" />
      </MissingDependency>
      <MissingDependency>
        <Required type="EnvironmentVariableDefinition" displayName="admin_AdminMail" solution="CenterofExcellenceCoreComponents (4.31)" id.schemaname="admin_AdminMail" />
        <Dependent type="29" displayName="Training In A Day | Registration Confirmation" id="{1d341d21-c39b-eb11-b1ac-000d3a1345fc}" />
      </MissingDependency>
      <MissingDependency>
        <Required type="EnvironmentVariableDefinition" displayName="admin_AdminMail" solution="CenterofExcellenceCoreComponents (4.31)" id.schemaname="admin_AdminMail" />
        <Dependent type="29" displayName="Training In A Day | Reminder 3 days prior event" id="{64d797eb-cd9b-eb11-b1ac-000d3a13451d}" />
      </MissingDependency>
      <MissingDependency>
        <Required type="EnvironmentVariableDefinition" displayName="admin_AdminMail" solution="CenterofExcellenceCoreComponents (4.31)" id.schemaname="admin_AdminMail" />
        <Dependent type="29" displayName="Training In A Day | Feedback Reminder" id="{bc88659a-c09b-eb11-b1ac-000d3a13451d}" />
      </MissingDependency>
      <MissingDependency>
        <Required type="EnvironmentVariableDefinition" displayName="admin_AdminMail" solution="CenterofExcellenceCoreComponents (4.31)" id.schemaname="admin_AdminMail" />
        <Dependent type="29" displayName="Admin | Newsletter with Product Updates" id="{e7a96786-c7e5-e911-a860-000d3a372932}" />
      </MissingDependency>
      <MissingDependency>
        <Required type="EnvironmentVariableDefinition" displayName="admin_ApprovalAdmin" solution="CenterofExcellenceCoreComponents (4.31)" id.schemaname="admin_ApprovalAdmin" />
        <Dependent type="29" displayName="Pulse [Child] - Post adaptive cards to maker" id="{c31d2018-ab8d-ec11-b400-000d3a5d3a92}" />
      </MissingDependency>
      <MissingDependency>
        <Required type="EnvironmentVariableDefinition" displayName="admin_CommunityURL" solution="CenterofExcellenceCoreComponents (4.31)" id.schemaname="admin_CommunityURL" />
        <Dependent type="29" displayName="Training In A Day | Registration Confirmation" id="{1d341d21-c39b-eb11-b1ac-000d3a1345fc}" />
      </MissingDependency>
      <MissingDependency>
        <Required type="EnvironmentVariableDefinition" displayName="admin_CommunityURL" solution="CenterofExcellenceCoreComponents (4.31)" id.schemaname="admin_CommunityURL" />
        <Dependent type="29" displayName="Training In A Day | Reminder 3 days prior event" id="{64d797eb-cd9b-eb11-b1ac-000d3a13451d}" />
      </MissingDependency>
      <MissingDependency>
        <Required type="EnvironmentVariableDefinition" displayName="admin_eMailHeaderStyle" solution="CenterofExcellenceCoreComponents (4.31)" id.schemaname="admin_eMailHeaderStyle" />
        <Dependent type="29" displayName="Admin | Newsletter with Product Updates" id="{e7a96786-c7e5-e911-a860-000d3a372932}" />
      </MissingDependency>
      <MissingDependency>
        <Required type="EnvironmentVariableDefinition" displayName="admin_PowerAutomateEnvironmentVariable" solution="CenterofExcellenceCoreComponents (4.31)" id.schemaname="admin_PowerAutomateEnvironmentVariable" />
        <Dependent type="29" displayName="Training In A Day | Registration Confirmation" id="{1d341d21-c39b-eb11-b1ac-000d3a1345fc}" />
      </MissingDependency>
      <MissingDependency>
        <Required type="EnvironmentVariableDefinition" displayName="admin_PowerAutomateEnvironmentVariable" solution="CenterofExcellenceCoreComponents (4.31)" id.schemaname="admin_PowerAutomateEnvironmentVariable" />
        <Dependent type="29" displayName="Training In A Day | Final Attendees for Event Owner" id="{5b27f2b1-c38d-ed11-aad0-002248b1e353}" />
      </MissingDependency>
      <MissingDependency>
        <Required type="EnvironmentVariableDefinition" displayName="admin_PowerAutomateEnvironmentVariable" solution="CenterofExcellenceCoreComponents (4.31)" id.schemaname="admin_PowerAutomateEnvironmentVariable" />
        <Dependent type="29" displayName="Training In A Day | Reminder 3 days prior event" id="{64d797eb-cd9b-eb11-b1ac-000d3a13451d}" />
      </MissingDependency>
      <MissingDependency>
        <Required type="EnvironmentVariableDefinition" displayName="admin_PowerAutomateEnvironmentVariable" solution="CenterofExcellenceCoreComponents (4.31)" id.schemaname="admin_PowerAutomateEnvironmentVariable" />
        <Dependent type="29" displayName="Pulse - Survey Makers for CoE feedback" id="{bb3bf13e-a08d-ec11-b400-000d3a5d3a92}" />
      </MissingDependency>
      <MissingDependency>
        <Required type="EnvironmentVariableDefinition" displayName="admin_PowerAutomateEnvironmentVariable" solution="CenterofExcellenceCoreComponents (4.31)" id.schemaname="admin_PowerAutomateEnvironmentVariable" />
        <Dependent type="29" displayName="Training In A Day | Feedback Reminder" id="{bc88659a-c09b-eb11-b1ac-000d3a13451d}" />
      </MissingDependency>
      <MissingDependency>
        <Required type="EnvironmentVariableDefinition" displayName="admin_PowerAutomateEnvironmentVariable" solution="CenterofExcellenceCoreComponents (4.31)" id.schemaname="admin_PowerAutomateEnvironmentVariable" />
        <Dependent type="29" displayName="Pulse [Child] - Post adaptive cards to maker" id="{c31d2018-ab8d-ec11-b400-000d3a5d3a92}" />
      </MissingDependency>
      <MissingDependency>
        <Required type="EnvironmentVariableDefinition" displayName="admin_PowerAutomateEnvironmentVariable" solution="CenterofExcellenceCoreComponents (4.31)" id.schemaname="admin_PowerAutomateEnvironmentVariable" />
        <Dependent type="29" displayName="Add Maker Assessment Starter Data" id="{cf8bd857-b082-ec11-8d21-000d3a5c86d1}" />
      </MissingDependency>
      <MissingDependency>
        <Required type="EnvironmentVariableDefinition" displayName="admin_PowerAutomateEnvironmentVariable" solution="CenterofExcellenceCoreComponents (4.31)" id.schemaname="admin_PowerAutomateEnvironmentVariable" />
        <Dependent type="29" displayName="Admin | Newsletter with Product Updates" id="{e7a96786-c7e5-e911-a860-000d3a372932}" />
      </MissingDependency>
      <MissingDependency>
        <Required type="EnvironmentVariableDefinition" displayName="admin_ProductionEnvironment" solution="CenterofExcellenceCoreComponents (4.31)" id.schemaname="admin_ProductionEnvironment" />
        <Dependent type="29" displayName="Training In A Day | Registration Confirmation" id="{1d341d21-c39b-eb11-b1ac-000d3a1345fc}" />
      </MissingDependency>
      <MissingDependency>
        <Required type="EnvironmentVariableDefinition" displayName="admin_ProductionEnvironment" solution="CenterofExcellenceCoreComponents (4.31)" id.schemaname="admin_ProductionEnvironment" />
        <Dependent type="29" displayName="Training In A Day | Final Attendees for Event Owner" id="{5b27f2b1-c38d-ed11-aad0-002248b1e353}" />
      </MissingDependency>
      <MissingDependency>
        <Required type="EnvironmentVariableDefinition" displayName="admin_ProductionEnvironment" solution="CenterofExcellenceCoreComponents (4.31)" id.schemaname="admin_ProductionEnvironment" />
        <Dependent type="29" displayName="Training In A Day | Reminder 3 days prior event" id="{64d797eb-cd9b-eb11-b1ac-000d3a13451d}" />
      </MissingDependency>
      <MissingDependency>
        <Required type="EnvironmentVariableDefinition" displayName="admin_ProductionEnvironment" solution="CenterofExcellenceCoreComponents (4.31)" id.schemaname="admin_ProductionEnvironment" />
        <Dependent type="29" displayName="Training In A Day | Feedback Reminder" id="{bc88659a-c09b-eb11-b1ac-000d3a13451d}" />
      </MissingDependency>
      <MissingDependency>
        <Required type="EnvironmentVariableDefinition" displayName="admin_ProductionEnvironment" solution="CenterofExcellenceCoreComponents (4.31)" id.schemaname="admin_ProductionEnvironment" />
        <Dependent type="29" displayName="Pulse [Child] - Post adaptive cards to maker" id="{c31d2018-ab8d-ec11-b400-000d3a5d3a92}" />
      </MissingDependency>
    </MissingDependencies>
  </SolutionManifest>
</ImportExportXml>