<environmentvariabledefinition schemaname="admin_ComplianceAppsNumberUsersShared">
  <defaultvalue>20</defaultvalue>
  <description default="Compliance – If the app is shared with this many or more users, ask for business justification. Default 20">
    <label description="Compliance – If the app is shared with this many or more users, ask for business justification. Default 20" languagecode="1033" />
  </description>
  <displayname default="Compliance – Apps - Number Users Shared">
    <label description="Compliance – Apps - Number Users Shared" languagecode="1033" />
  </displayname>
  <introducedversion>3.16</introducedversion>
  <iscustomizable>1</iscustomizable>
  <isrequired>0</isrequired>
  <secretstore>0</secretstore>
  <type>100000001</type>
</environmentvariabledefinition>