<appaction uniquename="admin__EmailAttendees!8b7fd4b46ece425181667b07dbf090a5!admin_VideohubAdmin!admin_inadayevent!0">
  <appmoduleid>
    <uniquename>admin_VideohubAdmin</uniquename>
  </appmoduleid>
  <buttonlabeltext default="Email Attendees">
    <label description="Email Attendees" languagecode="1033" />
  </buttonlabeltext>
  <buttonsequencepriority>15.0000000000</buttonsequencepriority>
  <context>1</context>
  <contextentity>
    <logicalname>admin_inadayevent</logicalname>
  </contextentity>
  <contextvalue>admin_inadayevent</contextvalue>
  <fonticon>$clientsvg:EditMail</fonticon>
  <hidden>0</hidden>
  <iscustomizable>1</iscustomizable>
  <isgrouptitlehidden>0</isgrouptitlehidden>
  <location>0</location>
  <name>EmailAttendees!8b7fd4b46ece425181667b07dbf090a5</name>
  <onclickeventjavascriptfunctionname>OpenDialog</onclickeventjavascriptfunctionname>
  <onclickeventjavascriptparameters>[{"type":5},{"type":21,"value":"custom"},{"type":19,"value":2},{"type":21,"value":"admin_trainingregistrationemailattendeespage_82749"},{"type":21,"value":"Send Email"},{"type":21,"value":"40"},{"type":21,"value":"100"}]</onclickeventjavascriptparameters>
  <onclickeventjavascriptwebresourceid>
    <webresourceid>fd20c03b-b47f-ed11-81ac-0022480819d7</webresourceid>
  </onclickeventjavascriptwebresourceid>
  <onclickeventtype>2</onclickeventtype>
  <statecode>0</statecode>
  <statuscode>1</statuscode>
  <type>0</type>
  <visibilitytype>0</visibilitytype>
</appaction>