<environmentvariabledefinition schemaname="admin_InventoryandTelemetryinAzureDataStorageaccount">
  <defaultvalue>no</defaultvalue>
  <description default="Inventory - Have you set up data export in PPAC and is your inventory and telemetry in an Azure Data Storage folder (also referred to as Bring your own Datalake, self-serve analytics feature). Default no">
    <label description="Inventory - Have you set up data export in PPAC and is your inventory and telemetry in an Azure Data Storage folder (also referred to as Bring your own Datalake, self-serve analytics feature). Default no" languagecode="1033" />
  </description>
  <displayname default="Inventory and Telemetry in Azure Data Storage account">
    <label description="Inventory and Telemetry in Azure Data Storage account" languagecode="1033" />
  </displayname>
  <introducedversion>3.40.6</introducedversion>
  <iscustomizable>1</iscustomizable>
  <isrequired>0</isrequired>
  <secretstore>0</secretstore>
  <type>100000002</type>
</environmentvariabledefinition>