<appaction uniquename="crfce__Deleteappsflowsfr!ebe48999200c4861a20241caf7ea8a50!admin_DLPImpactAnalysis!admin_dlpimpactanalysis!0">
  <appmoduleid>
    <uniquename>admin_DLPImpactAnalysis</uniquename>
  </appmoduleid>
  <buttonlabeltext default="Email maker">
    <label description="Email maker" languagecode="1033" />
  </buttonlabeltext>
  <buttontooltipdescription default="This action will delete selected apps and flows from the tenant permanently. Only choose this action if you want to delete those resources.">
    <label description="This action will delete selected apps and flows from the tenant permanently. Only choose this action if you want to delete those resources." languagecode="1033" />
  </buttontooltipdescription>
  <context>1</context>
  <contextentity>
    <logicalname>admin_dlpimpactanalysis</logicalname>
  </contextentity>
  <contextvalue>admin_dlpimpactanalysis</contextvalue>
  <fonticon>$clientsvg:EditMail</fonticon>
  <hidden>0</hidden>
  <iscustomizable>1</iscustomizable>
  <isdisabled>0</isdisabled>
  <isgrouptitlehidden>0</isgrouptitlehidden>
  <location>0</location>
  <name>Deleteappsflowsfr!ebe48999200c4861a20241caf7ea8a50</name>
  <onclickeventjavascriptfunctionname>OpenDialog</onclickeventjavascriptfunctionname>
  <onclickeventjavascriptparameters>[{"type":5},{"type":21,"value":"custom"},{"type":19,"value":2},{"type":21,"value":"admin_dlpimpactemailmakers_7b9af"},{"type":21,"value":"Email Maker"},{"type":21,"value":"40"},{"type":21,"value":"100"}]</onclickeventjavascriptparameters>
  <onclickeventjavascriptwebresourceid>
    <webresourceid>fd20c03b-b47f-ed11-81ac-0022480819d7</webresourceid>
  </onclickeventjavascriptwebresourceid>
  <onclickeventtype>2</onclickeventtype>
  <origin>0</origin>
  <sequence>100100017.5000000000</sequence>
  <statecode>0</statecode>
  <statuscode>1</statuscode>
  <type>0</type>
  <visibilitytype>0</visibilitytype>
</appaction>