<environmentvariabledefinition schemaname="admin_MakerAssessmentAdminEmail">
  <description default="Admin Email where you would like the communications to be sent from the apps. ">
    <label description="Admin Email where you would like the communications to be sent from the apps. " languagecode="1033" />
  </description>
  <displayname default="Maker Assessment Admin Email">
    <label description="Maker Assessment Admin Email" languagecode="1033" />
  </displayname>
  <introducedversion>1.515</introducedversion>
  <iscustomizable>1</iscustomizable>
  <isrequired>0</isrequired>
  <secretstore>0</secretstore>
  <type>100000000</type>
</environmentvariabledefinition>