<appaction uniquename="admin__ManagePermissions!1e6606ecafeb469da74b67dd2d187cff!admin_PowerPlatformAdminView!admin_flow!0">
  <appmoduleid>
    <uniquename>admin_PowerPlatformAdminView</uniquename>
  </appmoduleid>
  <buttonlabeltext default="Manage Permissions">
    <label description="Manage Permissions" languagecode="1033" />
  </buttonlabeltext>
  <buttonsequencepriority>500015.0000000000</buttonsequencepriority>
  <context>1</context>
  <contextentity>
    <logicalname>admin_flow</logicalname>
  </contextentity>
  <contextvalue>admin_flow</contextvalue>
  <fonticon>AddMembers</fonticon>
  <hidden>0</hidden>
  <iscustomizable>1</iscustomizable>
  <isdisabled>0</isdisabled>
  <isgrouptitlehidden>0</isgrouptitlehidden>
  <location>0</location>
  <name>ManagePermissions!1e6606ecafeb469da74b67dd2d187cff</name>
  <onclickeventjavascriptfunctionname>OpenDialog</onclickeventjavascriptfunctionname>
  <onclickeventjavascriptparameters>[{"type":5},{"type":21,"value":"custom"},{"type":19,"value":2},{"type":21,"value":"admin_managepermissions_bfe40"},{"type":21,"value":"Manage Permissions"},{"type":21,"value":"20"},{"type":21,"value":"100"}]</onclickeventjavascriptparameters>
  <onclickeventjavascriptwebresourceid>
    <webresourceid>fd20c03b-b47f-ed11-81ac-0022480819d7</webresourceid>
  </onclickeventjavascriptwebresourceid>
  <onclickeventtype>2</onclickeventtype>
  <origin>0</origin>
  <statecode>0</statecode>
  <statuscode>1</statuscode>
  <type>0</type>
  <visibilityformulacomponentlibraryid>
    <name>admin_powerplatformadminviewdefaultcommandlibrary_07392</name>
  </visibilityformulacomponentlibraryid>
  <visibilityformulacomponentname>b03a9732ddbb42debbbc72505edaabf0</visibilityformulacomponentname>
  <visibilityformulafunctionname>Visible</visibilityformulafunctionname>
  <visibilitytype>1</visibilitytype>
</appaction>