<appaction uniquename="admin__NewCommand!36d4ceaea4234130a9a4754ae051187a!admin_PowerPlatformAdminView!admin_environmentsecurityrolepermission!1">
  <appmoduleid>
    <uniquename>admin_PowerPlatformAdminView</uniquename>
  </appmoduleid>
  <buttonlabeltext default="NewCommand">
    <label description="NewCommand" languagecode="1033" />
  </buttonlabeltext>
  <context>1</context>
  <contextentity>
    <logicalname>admin_environmentsecurityrolepermission</logicalname>
  </contextentity>
  <contextvalue>admin_environmentsecurityrolepermission</contextvalue>
  <hidden>0</hidden>
  <iscustomizable>1</iscustomizable>
  <isdisabled>0</isdisabled>
  <isgrouptitlehidden>0</isgrouptitlehidden>
  <location>1</location>
  <name>NewCommand!36d4ceaea4234130a9a4754ae051187a</name>
  <onclickeventformulacomponentlibraryid>
    <name>admin_powerplatformadminviewdefaultcommandlibrary_07392</name>
  </onclickeventformulacomponentlibraryid>
  <onclickeventformulacomponentname>78f414e3a57c42d5963705e9958258a8</onclickeventformulacomponentname>
  <onclickeventformulafunctionname>OnSelect</onclickeventformulafunctionname>
  <onclickeventtype>1</onclickeventtype>
  <origin>0</origin>
  <sequence>1000100017.5000000000</sequence>
  <statecode>0</statecode>
  <statuscode>1</statuscode>
  <type>0</type>
  <visibilitytype>0</visibilitytype>
</appaction>