<appaction uniquename="admin__UnquarantineApp!1002bb28096f4ce193d7150737c3546f!admin_PowerPlatformAdminView!admin_app!0">
  <appmoduleid>
    <uniquename>admin_PowerPlatformAdminView</uniquename>
  </appmoduleid>
  <buttonlabeltext default="Unquarantine App">
    <label description="Unquarantine App" languagecode="1033" />
  </buttonlabeltext>
  <buttonsequencepriority>937501.8750000000</buttonsequencepriority>
  <context>1</context>
  <contextentity>
    <logicalname>admin_app</logicalname>
  </contextentity>
  <contextvalue>admin_app</contextvalue>
  <fonticon>Spinning</fonticon>
  <hidden>0</hidden>
  <iscustomizable>1</iscustomizable>
  <isdisabled>0</isdisabled>
  <isgrouptitlehidden>0</isgrouptitlehidden>
  <location>0</location>
  <name>UnquarantineApp!1002bb28096f4ce193d7150737c3546f</name>
  <onclickeventjavascriptfunctionname>OpenDialog</onclickeventjavascriptfunctionname>
  <onclickeventjavascriptparameters>[{"type":5},{"type":21,"value":"custom"},{"type":19,"value":1},{"type":21,"value":"admin_ppadminviewunquarantineapp_93313"},{"type":21,"value":"Unquarantine App"},{"type":21,"value":"40"},{"type":21,"value":"25"}]</onclickeventjavascriptparameters>
  <onclickeventjavascriptwebresourceid>
    <webresourceid>fd20c03b-b47f-ed11-81ac-0022480819d7</webresourceid>
  </onclickeventjavascriptwebresourceid>
  <onclickeventtype>2</onclickeventtype>
  <origin>0</origin>
  <statecode>0</statecode>
  <statuscode>1</statuscode>
  <type>0</type>
  <visibilityformulacomponentlibraryid>
    <name>admin_powerplatformadminviewdefaultcommandlibrary_07392</name>
  </visibilityformulacomponentlibraryid>
  <visibilityformulacomponentname>7b7dc49e6e724cc0a32545a17b63fd2b</visibilityformulacomponentname>
  <visibilityformulafunctionname>Visible</visibilityformulafunctionname>
  <visibilitytype>1</visibilitytype>
</appaction>