<appaction uniquename="admin__DeleteFlow!eb80a253c7f241c3949d186c3d6fcfb4!admin_PowerPlatformAdminView!admin_flow!0">
  <appmoduleid>
    <uniquename>admin_PowerPlatformAdminView</uniquename>
  </appmoduleid>
  <buttonlabeltext default="Delete Flow">
    <label description="Delete Flow" languagecode="1033" />
  </buttonlabeltext>
  <buttonsequencepriority>875003.7500000000</buttonsequencepriority>
  <context>1</context>
  <contextentity>
    <logicalname>admin_flow</logicalname>
  </contextentity>
  <contextvalue>admin_flow</contextvalue>
  <fonticon>$clientsvg:Delete</fonticon>
  <hidden>0</hidden>
  <iscustomizable>1</iscustomizable>
  <isdisabled>0</isdisabled>
  <isgrouptitlehidden>0</isgrouptitlehidden>
  <location>0</location>
  <name>DeleteFlow!eb80a253c7f241c3949d186c3d6fcfb4</name>
  <onclickeventjavascriptfunctionname>OpenDialog</onclickeventjavascriptfunctionname>
  <onclickeventjavascriptparameters>[{"type":5},{"type":21,"value":"custom"},{"type":19,"value":1},{"type":21,"value":"admin_deleteflowobject_eddf3"},{"type":21,"value":"Delete Flow"},{"type":21,"value":"40"},{"type":21,"value":"25"}]</onclickeventjavascriptparameters>
  <onclickeventjavascriptwebresourceid>
    <webresourceid>fd20c03b-b47f-ed11-81ac-0022480819d7</webresourceid>
  </onclickeventjavascriptwebresourceid>
  <onclickeventtype>2</onclickeventtype>
  <origin>0</origin>
  <statecode>0</statecode>
  <statuscode>1</statuscode>
  <type>0</type>
  <visibilityformulacomponentlibraryid>
    <name>admin_powerplatformadminviewdefaultcommandlibrary_07392</name>
  </visibilityformulacomponentlibraryid>
  <visibilityformulacomponentname>31c199e5c65949efbcc3f63e7ac97e8b</visibilityformulacomponentname>
  <visibilityformulafunctionname>Visible</visibilityformulafunctionname>
  <visibilitytype>1</visibilitytype>
</appaction>