<environmentvariabledefinition schemaname="admin_AutoDeleteOnArchive">
  <defaultvalue>Yes</defaultvalue>
  <description default="DEPRECATED - Use ProductionEnvironment env var instead. (Was:Delete apps and flows from environment during Archive? values must be: Yes or No)">
    <label description="DEPRECATED - Use ProductionEnvironment env var instead. (Was:Delete apps and flows from environment during Archive? values must be: Yes or No)" languagecode="1033" />
  </description>
  <displayname default="Auto Delete On Archive">
    <label description="Auto Delete On Archive" languagecode="1033" />
  </displayname>
  <introducedversion>1.22</introducedversion>
  <iscustomizable>1</iscustomizable>
  <isrequired>0</isrequired>
  <secretstore>0</secretstore>
  <type>100000000</type>
</environmentvariabledefinition>