<appaction uniquename="admin__EmailMaker!83d48560c3d8434287e8557e129a54fa!admin_PowerPlatformAdminView!admin_connector!0">
  <appmoduleid>
    <uniquename>admin_PowerPlatformAdminView</uniquename>
  </appmoduleid>
  <buttonlabeltext default="Email Maker">
    <label description="Email Maker" languagecode="1033" />
  </buttonlabeltext>
  <buttonsequencepriority>500015.0000000000</buttonsequencepriority>
  <context>1</context>
  <contextentity>
    <logicalname>admin_connector</logicalname>
  </contextentity>
  <contextvalue>admin_connector</contextvalue>
  <fonticon>$clientsvg:EditMail</fonticon>
  <hidden>0</hidden>
  <iscustomizable>1</iscustomizable>
  <isdisabled>0</isdisabled>
  <isgrouptitlehidden>0</isgrouptitlehidden>
  <location>0</location>
  <name>EmailMaker!83d48560c3d8434287e8557e129a54fa</name>
  <onclickeventjavascriptfunctionname>OpenDialog</onclickeventjavascriptfunctionname>
  <onclickeventjavascriptparameters>[{"type":5},{"type":21,"value":"custom"},{"type":19,"value":2},{"type":21,"value":"admin_ppadminviewemailcustomconnectorusers_4c340"},{"type":21,"value":"Email makers"},{"type":21,"value":"40"},{"type":21,"value":"100"}]</onclickeventjavascriptparameters>
  <onclickeventjavascriptwebresourceid>
    <webresourceid>fd20c03b-b47f-ed11-81ac-0022480819d7</webresourceid>
  </onclickeventjavascriptwebresourceid>
  <onclickeventtype>2</onclickeventtype>
  <origin>0</origin>
  <statecode>0</statecode>
  <statuscode>1</statuscode>
  <type>0</type>
  <visibilityformulacomponentlibraryid>
    <name>admin_powerplatformadminviewdefaultcommandlibrary_07392</name>
  </visibilityformulacomponentlibraryid>
  <visibilityformulacomponentname>14f3ff6d0f59494cb522da395c850827</visibilityformulacomponentname>
  <visibilityformulafunctionname>Visible</visibilityformulafunctionname>
  <visibilitytype>1</visibilitytype>
</appaction>