<appaction uniquename="admin__ViewGroup!262ddf378fcf4afe8b927ea84f60148a!admin_PowerPlatformAdminView!admin_environmentsecurityrolepermission!1">
  <appmoduleid>
    <uniquename>admin_PowerPlatformAdminView</uniquename>
  </appmoduleid>
  <buttonlabeltext default="View Group">
    <label description="View Group" languagecode="1033" />
  </buttonlabeltext>
  <buttonsequencepriority>15.0000000000</buttonsequencepriority>
  <context>1</context>
  <contextentity>
    <logicalname>admin_environmentsecurityrolepermission</logicalname>
  </contextentity>
  <contextvalue>admin_environmentsecurityrolepermission</contextvalue>
  <fonticon>People</fonticon>
  <hidden>0</hidden>
  <iscustomizable>1</iscustomizable>
  <isdisabled>0</isdisabled>
  <isgrouptitlehidden>0</isgrouptitlehidden>
  <location>1</location>
  <name>ViewGroup!262ddf378fcf4afe8b927ea84f60148a</name>
  <onclickeventformulacomponentlibraryid>
    <name>admin_powerplatformadminviewdefaultcommandlibrary_07392</name>
  </onclickeventformulacomponentlibraryid>
  <onclickeventformulacomponentname>7320b5a0e9f04ea29583580f2ba160e4</onclickeventformulacomponentname>
  <onclickeventformulafunctionname>OnSelect</onclickeventformulafunctionname>
  <onclickeventtype>1</onclickeventtype>
  <origin>0</origin>
  <statecode>0</statecode>
  <statuscode>1</statuscode>
  <type>0</type>
  <visibilityformulacomponentlibraryid>
    <name>admin_powerplatformadminviewdefaultcommandlibrary_07392</name>
  </visibilityformulacomponentlibraryid>
  <visibilityformulacomponentname>7320b5a0e9f04ea29583580f2ba160e4</visibilityformulacomponentname>
  <visibilityformulafunctionname>Visible</visibilityformulafunctionname>
  <visibilitytype>1</visibilitytype>
</appaction>