<settingdefinition uniquename="admin_InvetoryIsSyncFlowSetting">
  <datatype>2</datatype>
  <defaultvalue>true</defaultvalue>
  <description default="Inventory - Are you using the sync flows for all inventory instead of Azure Data Storage folder (also referred to as Bring your own Datalake, self-serve analytics feature). Default yes">
    <label description="Inventory - Are you using the sync flows for all inventory instead of Azure Data Storage folder (also referred to as Bring your own Datalake, self-serve analytics feature). Default yes" languagecode="1033" />
  </description>
  <displayname default="Invetory Is Sync Flow Setting">
    <label description="Invetory Is Sync Flow Setting" languagecode="1033" />
  </displayname>
  <iscustomizable>0</iscustomizable>
  <ishidden>1</ishidden>
  <isoverridable>1</isoverridable>
  <isplatform>0</isplatform>
  <overridablelevel>1</overridablelevel>
  <releaselevel>0</releaselevel>
  <statecode>0</statecode>
  <statuscode>1</statuscode>
</settingdefinition>