<environmentvariabledefinition schemaname="admin_AdminMail">
  <description default="Inventory - CoE Admin eMail. Email address used in flows to send notifications to admins; this should be either your email address or a distribution list">
    <label description="Inventory - CoE Admin eMail. Email address used in flows to send notifications to admins; this should be either your email address or a distribution list" languagecode="1033" />
  </description>
  <displayname default="Admin eMail">
    <label description="Admin eMail" languagecode="1033" />
  </displayname>
  <introducedversion>1.62</introducedversion>
  <iscustomizable>1</iscustomizable>
  <isrequired>0</isrequired>
  <secretstore>0</secretstore>
  <type>100000000</type>
</environmentvariabledefinition>