<appaction uniquename="admin__OpenRecord!13fcdd42e80043d4840f1b292815b5d7!admin_ManagePermissions!admin_connectionreferenceidentity!1">
  <appmoduleid>
    <uniquename>admin_ManagePermissions</uniquename>
  </appmoduleid>
  <buttonlabeltext default="Manage Connections">
    <label description="Manage Connections" languagecode="1033" />
  </buttonlabeltext>
  <context>1</context>
  <contextentity>
    <logicalname>admin_connectionreferenceidentity</logicalname>
  </contextentity>
  <contextvalue>admin_connectionreferenceidentity</contextvalue>
  <fonticon>AddMembers</fonticon>
  <hidden>0</hidden>
  <iscustomizable>1</iscustomizable>
  <isdisabled>0</isdisabled>
  <isgrouptitlehidden>0</isgrouptitlehidden>
  <location>1</location>
  <name>OpenRecord!13fcdd42e80043d4840f1b292815b5d7</name>
  <onclickeventjavascriptfunctionname>OpenDialog</onclickeventjavascriptfunctionname>
  <onclickeventjavascriptparameters>[{"type":24},{"type":21,"value":"custom"},{"type":19,"value":2},{"type":21,"value":"admin_managepermissionsconnectioncleanup_aa50b"},{"type":21,"value":"Manage Connections"},{"type":21,"value":"100"},{"type":21,"value":"100"}]</onclickeventjavascriptparameters>
  <onclickeventjavascriptwebresourceid>
    <webresourceid>6c9e379e-cf7f-ed11-81ac-0022480813ff</webresourceid>
  </onclickeventjavascriptwebresourceid>
  <onclickeventtype>2</onclickeventtype>
  <origin>0</origin>
  <sequence>1000110017.5000000000</sequence>
  <statecode>0</statecode>
  <statuscode>1</statuscode>
  <type>0</type>
  <visibilityformulacomponentlibraryid>
    <name>admin_managepermissionsdefaultcommandlibrary_23aad</name>
  </visibilityformulacomponentlibraryid>
  <visibilityformulacomponentname>edb19716eefe4ab98f6fafd798d9dcf5</visibilityformulacomponentname>
  <visibilityformulafunctionname>Visible</visibilityformulafunctionname>
  <visibilitytype>1</visibilitytype>
</appaction>