<environmentvariabledefinition schemaname="admin_DelayObjectInventory">
  <defaultvalue>no</defaultvalue>
  <description default="Inventory - If Yes, will run a delay step to assist with the Dataverse throttling. Things like solutions, apps, flows, will have delays in the individual envt runs. Default No.">
    <label description="Inventory - If Yes, will run a delay step to assist with the Dataverse throttling. Things like solutions, apps, flows, will have delays in the individual envt runs. Default No." languagecode="1033" />
  </description>
  <displayname default="DelayObjectInventory">
    <label description="DelayObjectInventory" languagecode="1033" />
  </displayname>
  <introducedversion>4.24.3</introducedversion>
  <iscustomizable>1</iscustomizable>
  <isrequired>0</isrequired>
  <secretstore>0</secretstore>
  <type>100000002</type>
</environmentvariabledefinition>