<appaction uniquename="admin__OpenFlowRunDetail!227ca00cb4394a17b3b74b9244f5638d!admin_CoEAdminCommandCenter!admin_syncflowerrors!1">
  <appmoduleid>
    <uniquename>admin_CoEAdminCommandCenter</uniquename>
  </appmoduleid>
  <buttonlabeltext default="Open Flow Run Details ">
    <label description="Open Flow Run Details " languagecode="1033" />
  </buttonlabeltext>
  <buttonsequencepriority>10.0000000000</buttonsequencepriority>
  <context>1</context>
  <contextentity>
    <logicalname>admin_syncflowerrors</logicalname>
  </contextentity>
  <contextvalue>admin_syncflowerrors</contextvalue>
  <fonticon>OpenInNewWindow</fonticon>
  <hidden>0</hidden>
  <iscustomizable>1</iscustomizable>
  <isdisabled>0</isdisabled>
  <isgrouptitlehidden>0</isgrouptitlehidden>
  <location>1</location>
  <name>OpenFlowRunDetail!227ca00cb4394a17b3b74b9244f5638d</name>
  <onclickeventformulacomponentlibraryid>
    <name>admin_coeadmincommandcenterdefaultcommandlibrary_003cd</name>
  </onclickeventformulacomponentlibraryid>
  <onclickeventformulacomponentname>0aaf4a57d0ed4868a7ec944eb2186197</onclickeventformulacomponentname>
  <onclickeventformulafunctionname>OnSelect</onclickeventformulafunctionname>
  <onclickeventtype>1</onclickeventtype>
  <origin>0</origin>
  <sequence>1000105033.5000000000</sequence>
  <statecode>0</statecode>
  <statuscode>1</statuscode>
  <type>0</type>
  <visibilityformulacomponentlibraryid>
    <name>admin_coeadmincommandcenterdefaultcommandlibrary_003cd</name>
  </visibilityformulacomponentlibraryid>
  <visibilityformulacomponentname>0aaf4a57d0ed4868a7ec944eb2186197</visibilityformulacomponentname>
  <visibilityformulafunctionname>Visible</visibilityformulafunctionname>
  <visibilitytype>1</visibilitytype>
</appaction>