<environmentvariabledefinition schemaname="admin_VideoHubRelatedVideos">
  <defaultvalue>yes</defaultvalue>
  <description default="Video Hub - show related views on the selected video screen">
    <label description="Video Hub - show related views on the selected video screen" languagecode="1033" />
  </description>
  <displayname default="Video Hub - Related Videos">
    <label description="Video Hub - Related Videos" languagecode="1033" />
  </displayname>
  <introducedversion>2.14.1</introducedversion>
  <iscustomizable>1</iscustomizable>
  <isrequired>0</isrequired>
  <secretstore>0</secretstore>
  <type>100000002</type>
</environmentvariabledefinition>