<environmentvariabledefinition schemaname="admin_AuditLogsAudience">
  <description default="AuditLogs - The audience for the HTTP connector. Set by Setup wizard based on tenant type">
    <label description="AuditLogs - The audience for the HTTP connector. Set by Setup wizard based on tenant type" languagecode="1033" />
  </description>
  <displayname default="Audit Logs - Audience">
    <label description="Audit Logs - Audience" languagecode="1033" />
  </displayname>
  <introducedversion>4.4.13</introducedversion>
  <iscustomizable>1</iscustomizable>
  <isrequired>0</isrequired>
  <secretstore>0</secretstore>
  <type>100000000</type>
</environmentvariabledefinition>