<appaction uniquename="admin__EmailUsers!964f046350b14c29915909e96f3572db!admin_PowerPlatformAdminView!admin_flow!0">
  <appmoduleid>
    <uniquename>admin_PowerPlatformAdminView</uniquename>
  </appmoduleid>
  <buttonlabeltext default="Email Users">
    <label description="Email Users" languagecode="1033" />
  </buttonlabeltext>
  <buttonsequencepriority>750007.5000000000</buttonsequencepriority>
  <context>1</context>
  <contextentity>
    <logicalname>admin_flow</logicalname>
  </contextentity>
  <contextvalue>admin_flow</contextvalue>
  <fonticon>$clientsvg:EditMail</fonticon>
  <hidden>0</hidden>
  <iscustomizable>1</iscustomizable>
  <isdisabled>0</isdisabled>
  <isgrouptitlehidden>0</isgrouptitlehidden>
  <location>0</location>
  <name>EmailUsers!964f046350b14c29915909e96f3572db</name>
  <onclickeventjavascriptfunctionname>OpenDialog</onclickeventjavascriptfunctionname>
  <onclickeventjavascriptparameters>[{"type":5},{"type":21,"value":"custom"},{"type":19,"value":2},{"type":21,"value":"admin_emailflowusers_9b94b"},{"type":21,"value":"Send Email"},{"type":21,"value":"40"},{"type":21,"value":"100"}]</onclickeventjavascriptparameters>
  <onclickeventjavascriptwebresourceid>
    <webresourceid>fd20c03b-b47f-ed11-81ac-0022480819d7</webresourceid>
  </onclickeventjavascriptwebresourceid>
  <onclickeventtype>2</onclickeventtype>
  <origin>0</origin>
  <statecode>0</statecode>
  <statuscode>1</statuscode>
  <type>0</type>
  <visibilityformulacomponentlibraryid>
    <name>admin_powerplatformadminviewdefaultcommandlibrary_07392</name>
  </visibilityformulacomponentlibraryid>
  <visibilityformulacomponentname>b9968a5ca4e640a5992c0e56af44ab3c</visibilityformulacomponentname>
  <visibilityformulafunctionname>Visible</visibilityformulafunctionname>
  <visibilitytype>1</visibilitytype>
</appaction>