<environmentvariabledefinition schemaname="admin_InnovationBacklogAppURL">
  <description default="the url of the main app for the innovation backlog. ready by that app in order to generate urls for email links">
    <label description="the url of the main app for the innovation backlog. ready by that app in order to generate urls for email links" languagecode="1033" />
  </description>
  <displayname default="InnovationBacklogAppURL">
    <label description="InnovationBacklogAppURL" languagecode="1033" />
  </displayname>
  <introducedversion>1.8</introducedversion>
  <iscustomizable>1</iscustomizable>
  <isrequired>0</isrequired>
  <secretstore>0</secretstore>
  <type>100000000</type>
</environmentvariabledefinition>