<appaction uniquename="admin__EmailMaker!92d47c48a20d48d8a7b7dbbf541aecb9!admin_PowerPlatformAdminView!admin_aibuildermodel!0">
  <appmoduleid>
    <uniquename>admin_PowerPlatformAdminView</uniquename>
  </appmoduleid>
  <buttonlabeltext default="Email Maker">
    <label description="Email Maker" languagecode="1033" />
  </buttonlabeltext>
  <buttonsequencepriority>500015.0000000000</buttonsequencepriority>
  <context>1</context>
  <contextentity>
    <logicalname>admin_aibuildermodel</logicalname>
  </contextentity>
  <contextvalue>admin_aibuildermodel</contextvalue>
  <fonticon>$clientsvg:EditMail</fonticon>
  <hidden>0</hidden>
  <iscustomizable>1</iscustomizable>
  <isdisabled>0</isdisabled>
  <isgrouptitlehidden>0</isgrouptitlehidden>
  <location>0</location>
  <name>EmailMaker!92d47c48a20d48d8a7b7dbbf541aecb9</name>
  <onclickeventjavascriptfunctionname>OpenDialog</onclickeventjavascriptfunctionname>
  <onclickeventjavascriptparameters>[{"type":5},{"type":21,"value":"custom"},{"type":19,"value":2},{"type":21,"value":"admin_ppadminviewaibuilderusers_45b58"},{"type":21,"value":"Email Maker"},{"type":21,"value":"40"},{"type":21,"value":"100"}]</onclickeventjavascriptparameters>
  <onclickeventjavascriptwebresourceid>
    <webresourceid>fd20c03b-b47f-ed11-81ac-0022480819d7</webresourceid>
  </onclickeventjavascriptwebresourceid>
  <onclickeventtype>2</onclickeventtype>
  <origin>0</origin>
  <statecode>0</statecode>
  <statuscode>1</statuscode>
  <type>0</type>
  <visibilitytype>0</visibilitytype>
</appaction>