<environmentvariabledefinition schemaname="admin_EnvironmentDataflowID">
  <description default="LEAVE BLANK ON IMPORT. Dataflow ID of the CoE BYODL Environments dataflow.">
    <label description="LEAVE BLANK ON IMPORT. Dataflow ID of the CoE BYODL Environments dataflow." languagecode="1033" />
  </description>
  <displayname default="Environment Dataflow ID">
    <label description="Environment Dataflow ID" languagecode="1033" />
  </displayname>
  <introducedversion>1.1</introducedversion>
  <iscustomizable>1</iscustomizable>
  <isrequired>0</isrequired>
  <secretstore>0</secretstore>
  <type>100000000</type>
</environmentvariabledefinition>