<settingdefinition uniquename="admin_InvetoryIsBYODLSetting">
  <datatype>2</datatype>
  <defaultvalue>false</defaultvalue>
  <description default="Inventory - Have you set up data export in PPAC and is your inventory and telemetry in an Azure Data Storage folder (also referred to as Bring your own Datalake, self-serve analytics feature). Default no">
    <label description="Inventory - Have you set up data export in PPAC and is your inventory and telemetry in an Azure Data Storage folder (also referred to as Bring your own Datalake, self-serve analytics feature). Default no" languagecode="1033" />
  </description>
  <displayname default="Invetory Is BYODL Setting">
    <label description="Invetory Is BYODL Setting" languagecode="1033" />
  </displayname>
  <iscustomizable>0</iscustomizable>
  <ishidden>1</ishidden>
  <isoverridable>1</isoverridable>
  <isplatform>0</isplatform>
  <overridablelevel>1</overridablelevel>
  <releaselevel>0</releaselevel>
  <statecode>0</statecode>
  <statuscode>1</statuscode>
</settingdefinition>