<appaction uniquename="admin__LanguageCodes!3f7369a4e7d04b29a68719676fc26318!admin_VideohubAdmin!admin_inadayevent!0">
  <appmoduleid>
    <uniquename>admin_VideohubAdmin</uniquename>
  </appmoduleid>
  <buttonlabeltext default="Language Codes">
    <label description="Language Codes" languagecode="1033" />
  </buttonlabeltext>
  <buttonsequencepriority>23.7500000000</buttonsequencepriority>
  <context>1</context>
  <contextentity>
    <logicalname>admin_inadayevent</logicalname>
  </contextentity>
  <contextvalue>admin_inadayevent</contextvalue>
  <fonticon>$clientsvg:TranslationNew</fonticon>
  <hidden>0</hidden>
  <iscustomizable>1</iscustomizable>
  <isgrouptitlehidden>0</isgrouptitlehidden>
  <location>0</location>
  <name>LanguageCodes!3f7369a4e7d04b29a68719676fc26318</name>
  <onclickeventformulacomponentlibraryid>
    <name>admin_videohubadmindefaultcommandlibrary_793e2</name>
  </onclickeventformulacomponentlibraryid>
  <onclickeventformulacomponentname>8f3711a4990f40b5ace829a0bedcb1cd</onclickeventformulacomponentname>
  <onclickeventformulafunctionname>OnSelect</onclickeventformulafunctionname>
  <onclickeventtype>1</onclickeventtype>
  <statecode>0</statecode>
  <statuscode>1</statuscode>
  <type>0</type>
  <visibilitytype>0</visibilitytype>
</appaction>