<appaction uniquename="admin__EmailUsers!e4c940fa5a0a4166a9aba6570fa66a57!admin_PowerPlatformAdminView!admin_flow!1">
  <appmoduleid>
    <uniquename>admin_PowerPlatformAdminView</uniquename>
  </appmoduleid>
  <buttonlabeltext default="Email Users">
    <label description="Email Users" languagecode="1033" />
  </buttonlabeltext>
  <buttonsequencepriority>17.7500000000</buttonsequencepriority>
  <context>1</context>
  <contextentity>
    <logicalname>admin_flow</logicalname>
  </contextentity>
  <contextvalue>admin_flow</contextvalue>
  <fonticon>$clientsvg:EditMail</fonticon>
  <hidden>0</hidden>
  <iscustomizable>1</iscustomizable>
  <isdisabled>0</isdisabled>
  <isgrouptitlehidden>0</isgrouptitlehidden>
  <location>1</location>
  <name>EmailUsers!e4c940fa5a0a4166a9aba6570fa66a57</name>
  <onclickeventjavascriptfunctionname>OpenDialog</onclickeventjavascriptfunctionname>
  <onclickeventjavascriptparameters>[{"type":24},{"type":21,"value":"custom"},{"type":19,"value":2},{"type":21,"value":"admin_emailflowusers_9b94b"},{"type":21,"value":"Send Email"},{"type":21,"value":"40"},{"type":21,"value":"100"}]</onclickeventjavascriptparameters>
  <onclickeventjavascriptwebresourceid>
    <webresourceid>6c9e379e-cf7f-ed11-81ac-0022480813ff</webresourceid>
  </onclickeventjavascriptwebresourceid>
  <onclickeventtype>2</onclickeventtype>
  <origin>0</origin>
  <statecode>0</statecode>
  <statuscode>1</statuscode>
  <type>0</type>
  <visibilityformulacomponentlibraryid>
    <name>admin_powerplatformadminviewdefaultcommandlibrary_07392</name>
  </visibilityformulacomponentlibraryid>
  <visibilityformulacomponentname>d0ce6e2130e649a198b05528deb8070d</visibilityformulacomponentname>
  <visibilityformulafunctionname>Visible</visibilityformulafunctionname>
  <visibilitytype>1</visibilitytype>
</appaction>