<environmentvariabledefinition schemaname="admin_DisabledUsersareOrphaned">
  <defaultvalue>no</defaultvalue>
  <description default="Inventory - If true (Yes), then when an AD User is marked as disabled (Account enabled = false), they will be considered as orphaned. Default is false (No)">
    <label description="Inventory - If true (Yes), then when an AD User is marked as disabled (Account enabled = false), they will be considered as orphaned. Default is false (No)" languagecode="1033" />
  </description>
  <displayname default="Disabled Users are Orphaned">
    <label description="Disabled Users are Orphaned" languagecode="1033" />
  </displayname>
  <introducedversion>3.56.1</introducedversion>
  <iscustomizable>1</iscustomizable>
  <isrequired>0</isrequired>
  <secretstore>0</secretstore>
  <type>100000002</type>
</environmentvariabledefinition>