<environmentvariabledefinition schemaname="admin_UserPhotosForbiddenByPolicy">
  <defaultvalue>no</defaultvalue>
  <description default="No longer used - True if the admin has forbidden user from querying for user photos. False by default">
    <label description="No longer used - True if the admin has forbidden user from querying for user photos. False by default" languagecode="1033" />
  </description>
  <displayname default="DEPRECATED 0 User Photos ForbiddenByPolicy">
    <label description="DEPRECATED 0 User Photos ForbiddenByPolicy" languagecode="1033" />
  </displayname>
  <introducedversion>4.13.1</introducedversion>
  <iscustomizable>1</iscustomizable>
  <isrequired>0</isrequired>
  <secretstore>0</secretstore>
  <type>100000002</type>
</environmentvariabledefinition>