<environmentvariabledefinition schemaname="admin_ProductionEnvironment">
  <defaultvalue>yes</defaultvalue>
  <description default="Inventory - Yes by default. Set to No if you are creating a dev type envt. This will allow some flows to set target users to the admin instead of resource owners">
    <label description="Inventory - Yes by default. Set to No if you are creating a dev type envt. This will allow some flows to set target users to the admin instead of resource owners" languagecode="1033" />
  </description>
  <displayname default="ProductionEnvironment">
    <label description="ProductionEnvironment" languagecode="1033" />
  </displayname>
  <introducedversion>1.70.8</introducedversion>
  <iscustomizable>1</iscustomizable>
  <isrequired>0</isrequired>
  <secretstore>0</secretstore>
  <type>100000002</type>
</environmentvariabledefinition>