<appaction uniquename="admin__OpenFlowRunDetail!8447470eb2b245beab14a58ba007a3d1!admin_CoEAdminCommandCenter!admin_syncflowerrors!0">
  <appmoduleid>
    <uniquename>admin_CoEAdminCommandCenter</uniquename>
  </appmoduleid>
  <buttonlabeltext default="Open Flow Run Details">
    <label description="Open Flow Run Details" languagecode="1033" />
  </buttonlabeltext>
  <buttonsequencepriority>5.0000000000</buttonsequencepriority>
  <context>1</context>
  <contextentity>
    <logicalname>admin_syncflowerrors</logicalname>
  </contextentity>
  <contextvalue>admin_syncflowerrors</contextvalue>
  <fonticon>OpenInNewWindow</fonticon>
  <hidden>0</hidden>
  <iscustomizable>1</iscustomizable>
  <isdisabled>0</isdisabled>
  <isgrouptitlehidden>0</isgrouptitlehidden>
  <location>0</location>
  <name>OpenFlowRunDetail!8447470eb2b245beab14a58ba007a3d1</name>
  <onclickeventformulacomponentlibraryid>
    <name>admin_coeadmincommandcenterdefaultcommandlibrary_003cd</name>
  </onclickeventformulacomponentlibraryid>
  <onclickeventformulacomponentname>1cccb50573b64990bbc67c0fa53bbe12</onclickeventformulacomponentname>
  <onclickeventformulafunctionname>OnSelect</onclickeventformulafunctionname>
  <onclickeventtype>1</onclickeventtype>
  <origin>0</origin>
  <statecode>0</statecode>
  <statuscode>1</statuscode>
  <type>0</type>
  <visibilityformulacomponentlibraryid>
    <name>admin_coeadmincommandcenterdefaultcommandlibrary_003cd</name>
  </visibilityformulacomponentlibraryid>
  <visibilityformulacomponentname>1cccb50573b64990bbc67c0fa53bbe12</visibilityformulacomponentname>
  <visibilityformulafunctionname>Visible</visibilityformulafunctionname>
  <visibilitytype>1</visibilitytype>
</appaction>