<environmentvariabledefinition schemaname="admin_DelayInventory">
  <defaultvalue>yes</defaultvalue>
  <description default="Inventory - If Yes, will run a delay step to assist with the Dataverse health. Only turn to No for debugging. ">
    <label description="Inventory - If Yes, will run a delay step to assist with the Dataverse health. Only turn to No for debugging. " languagecode="1033" />
  </description>
  <displayname default="DelayInventory">
    <label description="DelayInventory" languagecode="1033" />
  </displayname>
  <introducedversion>3.17.9</introducedversion>
  <iscustomizable>1</iscustomizable>
  <isrequired>0</isrequired>
  <secretstore>0</secretstore>
  <type>100000002</type>
</environmentvariabledefinition>