<appaction uniquename="admin__DeleteApp!4efa799d2c074e80947d19f5f2c026cd!admin_PowerPlatformAdminView!admin_app!1">
  <appmoduleid>
    <uniquename>admin_PowerPlatformAdminView</uniquename>
  </appmoduleid>
  <buttonlabeltext default="Delete App">
    <label description="Delete App" languagecode="1033" />
  </buttonlabeltext>
  <buttonsequencepriority>17.8125000000</buttonsequencepriority>
  <context>1</context>
  <contextentity>
    <logicalname>admin_app</logicalname>
  </contextentity>
  <contextvalue>admin_app</contextvalue>
  <fonticon>$clientsvg:Delete</fonticon>
  <hidden>0</hidden>
  <iscustomizable>1</iscustomizable>
  <isdisabled>0</isdisabled>
  <isgrouptitlehidden>0</isgrouptitlehidden>
  <location>1</location>
  <name>DeleteApp!4efa799d2c074e80947d19f5f2c026cd</name>
  <onclickeventjavascriptfunctionname>OpenDialog</onclickeventjavascriptfunctionname>
  <onclickeventjavascriptparameters>[{"type":24},{"type":21,"value":"custom"},{"type":19,"value":1},{"type":21,"value":"admin_ppadminviewdeleteobjectapp_01080"},{"type":21,"value":"Delete App"},{"type":21,"value":"40"},{"type":21,"value":"25"}]</onclickeventjavascriptparameters>
  <onclickeventjavascriptwebresourceid>
    <webresourceid>6c9e379e-cf7f-ed11-81ac-0022480813ff</webresourceid>
  </onclickeventjavascriptwebresourceid>
  <onclickeventtype>2</onclickeventtype>
  <origin>0</origin>
  <statecode>0</statecode>
  <statuscode>1</statuscode>
  <type>0</type>
  <visibilityformulacomponentlibraryid>
    <name>admin_powerplatformadminviewdefaultcommandlibrary_07392</name>
  </visibilityformulacomponentlibraryid>
  <visibilityformulacomponentname>da514ec9f98c446fb27f2cec3537fa6c</visibilityformulacomponentname>
  <visibilityformulafunctionname>Visible</visibilityformulafunctionname>
  <visibilitytype>1</visibilitytype>
</appaction>