<appaction uniquename="admin__QuarantineApp!43559fda17144baf8e5826553765a939!admin_PowerPlatformAdminView!admin_app!0">
  <appmoduleid>
    <uniquename>admin_PowerPlatformAdminView</uniquename>
  </appmoduleid>
  <buttonlabeltext default="Quarantine App">
    <label description="Quarantine App" languagecode="1033" />
  </buttonlabeltext>
  <buttonsequencepriority>906252.8125000000</buttonsequencepriority>
  <context>1</context>
  <contextentity>
    <logicalname>admin_app</logicalname>
  </contextentity>
  <contextvalue>admin_app</contextvalue>
  <fonticon>$clientsvg:Blocked</fonticon>
  <hidden>0</hidden>
  <iscustomizable>1</iscustomizable>
  <isdisabled>0</isdisabled>
  <isgrouptitlehidden>0</isgrouptitlehidden>
  <location>0</location>
  <name>QuarantineApp!43559fda17144baf8e5826553765a939</name>
  <onclickeventjavascriptfunctionname>OpenDialog</onclickeventjavascriptfunctionname>
  <onclickeventjavascriptparameters>[{"type":5},{"type":21,"value":"custom"},{"type":19,"value":1},{"type":21,"value":"admin_ppadminviewquarantineapp_be8d8"},{"type":21,"value":"Quarantine App"},{"type":21,"value":"40"},{"type":21,"value":"25"}]</onclickeventjavascriptparameters>
  <onclickeventjavascriptwebresourceid>
    <webresourceid>fd20c03b-b47f-ed11-81ac-0022480819d7</webresourceid>
  </onclickeventjavascriptwebresourceid>
  <onclickeventtype>2</onclickeventtype>
  <origin>0</origin>
  <statecode>0</statecode>
  <statuscode>1</statuscode>
  <type>0</type>
  <visibilityformulacomponentlibraryid>
    <name>admin_powerplatformadminviewdefaultcommandlibrary_07392</name>
  </visibilityformulacomponentlibraryid>
  <visibilityformulacomponentname>d91672251c1243009f38b36ccd99925d</visibilityformulacomponentname>
  <visibilityformulafunctionname>Visible</visibilityformulafunctionname>
  <visibilitytype>1</visibilitytype>
</appaction>