<environmentvariabledefinition schemaname="admin_FlowUsageDataflowID">
  <description default="LEAVE EMPTY ON IMPORT. Flow Usage Dataflow ID.">
    <label description="LEAVE EMPTY ON IMPORT. Flow Usage Dataflow ID." languagecode="1033" />
  </description>
  <displayname default="Flow Usage Dataflow ID">
    <label description="Flow Usage Dataflow ID" languagecode="1033" />
  </displayname>
  <introducedversion>4.3.16</introducedversion>
  <iscustomizable>1</iscustomizable>
  <isrequired>0</isrequired>
  <secretstore>0</secretstore>
  <type>100000000</type>
</environmentvariabledefinition>