<appaction uniquename="admin__EmailMaker!ee1c4c67c90e4f208be979041955f2bc!admin_PowerPlatformAdminView!admin_environment!0">
  <appmoduleid>
    <uniquename>admin_PowerPlatformAdminView</uniquename>
  </appmoduleid>
  <buttonlabeltext default="Email Maker">
    <label description="Email Maker" languagecode="1033" />
  </buttonlabeltext>
  <buttonsequencepriority>37.5000000000</buttonsequencepriority>
  <context>1</context>
  <contextentity>
    <logicalname>admin_environment</logicalname>
  </contextentity>
  <contextvalue>admin_environment</contextvalue>
  <fonticon>$clientsvg:EditMail</fonticon>
  <hidden>0</hidden>
  <iscustomizable>1</iscustomizable>
  <isdisabled>0</isdisabled>
  <isgrouptitlehidden>0</isgrouptitlehidden>
  <location>0</location>
  <name>EmailMaker!ee1c4c67c90e4f208be979041955f2bc</name>
  <onclickeventjavascriptfunctionname>OpenDialog</onclickeventjavascriptfunctionname>
  <onclickeventjavascriptparameters>[{"type":5},{"type":21,"value":"custom"},{"type":19,"value":2},{"type":21,"value":"admin_ppadminviewemailenvironmentusers_43ee2"},{"type":21,"value":"Email Makers"},{"type":21,"value":"40"},{"type":21,"value":"100"}]</onclickeventjavascriptparameters>
  <onclickeventjavascriptwebresourceid>
    <webresourceid>fd20c03b-b47f-ed11-81ac-0022480819d7</webresourceid>
  </onclickeventjavascriptwebresourceid>
  <onclickeventtype>2</onclickeventtype>
  <origin>0</origin>
  <statecode>0</statecode>
  <statuscode>1</statuscode>
  <type>0</type>
  <visibilityformulacomponentlibraryid>
    <name>admin_powerplatformadminviewdefaultcommandlibrary_07392</name>
  </visibilityformulacomponentlibraryid>
  <visibilityformulacomponentname>03953a2d4bda49028ce04207496268c2</visibilityformulacomponentname>
  <visibilityformulafunctionname>Visible</visibilityformulafunctionname>
  <visibilitytype>1</visibilitytype>
</appaction>