<environmentvariabledefinition schemaname="admin_AuditLogsClientID">
  <description default="AuditLogs - Client ID of the Office 365 Management API Azure AD service principal">
    <label description="AuditLogs - Client ID of the Office 365 Management API Azure AD service principal" languagecode="1033" />
  </description>
  <displayname default="Audit Logs - ClientID">
    <label description="Audit Logs - ClientID" languagecode="1033" />
  </displayname>
  <introducedversion>4.4.12</introducedversion>
  <iscustomizable>1</iscustomizable>
  <isrequired>0</isrequired>
  <secretstore>0</secretstore>
  <type>100000000</type>
</environmentvariabledefinition>