<environmentvariabledefinition schemaname="admin_FlowApprovalsURL">
  <description default="Inactivity Processes - (optional) Link to the CoE Envt's approvals page from flow.microsoft.com">
    <label description="Inactivity Processes - (optional) Link to the CoE Envt's approvals page from flow.microsoft.com" languagecode="1033" />
  </description>
  <displayname default="Flow Approvals URL">
    <label description="Flow Approvals URL" languagecode="1033" />
  </displayname>
  <introducedversion>1.60.01</introducedversion>
  <iscustomizable>1</iscustomizable>
  <isrequired>0</isrequired>
  <secretstore>0</secretstore>
  <type>100000000</type>
</environmentvariabledefinition>