<environmentvariabledefinition schemaname="new_admin_PowerUserURLSharePointSite">
  <defaultvalue>https://notused</defaultvalue>
  <description default="**Currently not in use** This SharePoint site can be used as a wiki to share with makers.">
    <label description="**Currently not in use** This SharePoint site can be used as a wiki to share with makers." languagecode="1033" />
  </description>
  <displayname default="Power User Site URL (SharePoint Site)">
    <label description="Power User Site URL (SharePoint Site)" languagecode="1033" />
  </displayname>
  <introducedversion>1.16</introducedversion>
  <iscustomizable>1</iscustomizable>
  <isrequired>0</isrequired>
  <secretstore>0</secretstore>
  <type>100000000</type>
</environmentvariabledefinition>