<environmentvariabledefinition schemaname="admin_GraphURLEnvironmentVariable">
  <description default="Inventory - REQUIRED. The URL used to get graph information for your cloud. Ex https://graph.microsoft.com/">
    <label description="Inventory - REQUIRED. The URL used to get graph information for your cloud. Ex https://graph.microsoft.com/" languagecode="1033" />
  </description>
  <displayname default="Graph URL Environment Variable">
    <label description="Graph URL Environment Variable" languagecode="1033" />
  </displayname>
  <introducedversion>3.38.2</introducedversion>
  <iscustomizable>1</iscustomizable>
  <isrequired>0</isrequired>
  <secretstore>0</secretstore>
  <type>100000000</type>
</environmentvariabledefinition>