<environmentvariabledefinition schemaname="admin_AdmineMailPreferredLanguage">
  <defaultvalue>en-US</defaultvalue>
  <description default="Inventory - The preferred language for the emails sent to the admin email alias, which is specified in theAdmin eMail environment variable. Default is en-US">
    <label description="Inventory - The preferred language for the emails sent to the admin email alias, which is specified in theAdmin eMail environment variable. Default is en-US" languagecode="1033" />
  </description>
  <displayname default="Admin eMail Preferred Language">
    <label description="Admin eMail Preferred Language" languagecode="1033" />
  </displayname>
  <introducedversion>3.17.9</introducedversion>
  <iscustomizable>1</iscustomizable>
  <isrequired>0</isrequired>
  <secretstore>0</secretstore>
  <type>100000000</type>
</environmentvariabledefinition>