<environmentvariabledefinition schemaname="admin_ModelAppDataflowID">
  <description default="LEAVE BLANK ON IMPORT. Dataflow ID of the dataflow that processes model driven apps. Used for BYODL only.">
    <label description="LEAVE BLANK ON IMPORT. Dataflow ID of the dataflow that processes model driven apps. Used for BYODL only." languagecode="1033" />
  </description>
  <displayname default="Model App Dataflow ID">
    <label description="Model App Dataflow ID" languagecode="1033" />
  </displayname>
  <introducedversion>4.3.32</introducedversion>
  <iscustomizable>1</iscustomizable>
  <isrequired>0</isrequired>
  <secretstore>0</secretstore>
  <type>100000000</type>
</environmentvariabledefinition>