<appaction uniquename="admin__ViewApp!c8c6dc77d4274281972d95aa582536ce!admin_PowerPlatformAdminView!admin_app!0">
  <appmoduleid>
    <uniquename>admin_PowerPlatformAdminView</uniquename>
  </appmoduleid>
  <buttonlabeltext default="App Details">
    <label description="App Details" languagecode="1033" />
  </buttonlabeltext>
  <buttonsequencepriority>250022.5000000000</buttonsequencepriority>
  <context>1</context>
  <contextentity>
    <logicalname>admin_app</logicalname>
  </contextentity>
  <contextvalue>admin_app</contextvalue>
  <fonticon>$clientsvg:Settings</fonticon>
  <hidden>0</hidden>
  <iscustomizable>1</iscustomizable>
  <isdisabled>0</isdisabled>
  <isgrouptitlehidden>0</isgrouptitlehidden>
  <location>0</location>
  <name>ViewApp!c8c6dc77d4274281972d95aa582536ce</name>
  <onclickeventformulacomponentlibraryid>
    <name>admin_powerplatformadminviewdefaultcommandlibrary_07392</name>
  </onclickeventformulacomponentlibraryid>
  <onclickeventformulacomponentname>72b849967d5e4d1bba01eecc5e6ca356</onclickeventformulacomponentname>
  <onclickeventformulafunctionname>OnSelect</onclickeventformulafunctionname>
  <onclickeventtype>1</onclickeventtype>
  <origin>0</origin>
  <statecode>0</statecode>
  <statuscode>1</statuscode>
  <type>0</type>
  <visibilityformulacomponentlibraryid>
    <name>admin_powerplatformadminviewdefaultcommandlibrary_07392</name>
  </visibilityformulacomponentlibraryid>
  <visibilityformulacomponentname>72b849967d5e4d1bba01eecc5e6ca356</visibilityformulacomponentname>
  <visibilityformulafunctionname>Visible</visibilityformulafunctionname>
  <visibilitytype>1</visibilitytype>
</appaction>