<appaction uniquename="admin__ManagePermissions!5b28fcf43ad74ce5ac8867f62e20f7c6!admin_PowerPlatformAdminView!admin_flow!1">
  <appmoduleid>
    <uniquename>admin_PowerPlatformAdminView</uniquename>
  </appmoduleid>
  <buttonlabeltext default="Manage Permissions">
    <label description="Manage Permissions" languagecode="1033" />
  </buttonlabeltext>
  <buttonsequencepriority>17.5000000000</buttonsequencepriority>
  <context>1</context>
  <contextentity>
    <logicalname>admin_flow</logicalname>
  </contextentity>
  <contextvalue>admin_flow</contextvalue>
  <fonticon>AddMembers</fonticon>
  <hidden>0</hidden>
  <iscustomizable>1</iscustomizable>
  <isdisabled>0</isdisabled>
  <isgrouptitlehidden>0</isgrouptitlehidden>
  <location>1</location>
  <name>ManagePermissions!5b28fcf43ad74ce5ac8867f62e20f7c6</name>
  <onclickeventjavascriptfunctionname>OpenDialog</onclickeventjavascriptfunctionname>
  <onclickeventjavascriptparameters>[{"type":24},{"type":21,"value":"custom"},{"type":19,"value":2},{"type":21,"value":"admin_managepermissions_bfe40"},{"type":21,"value":"Manage Permissions"},{"type":21,"value":"20"},{"type":21,"value":"100"}]</onclickeventjavascriptparameters>
  <onclickeventjavascriptwebresourceid>
    <webresourceid>6c9e379e-cf7f-ed11-81ac-0022480813ff</webresourceid>
  </onclickeventjavascriptwebresourceid>
  <onclickeventtype>2</onclickeventtype>
  <origin>0</origin>
  <statecode>0</statecode>
  <statuscode>1</statuscode>
  <type>0</type>
  <visibilityformulacomponentlibraryid>
    <name>admin_powerplatformadminviewdefaultcommandlibrary_07392</name>
  </visibilityformulacomponentlibraryid>
  <visibilityformulacomponentname>578e6932967b4dc082b82c3ce5099deb</visibilityformulacomponentname>
  <visibilityformulafunctionname>Visible</visibilityformulafunctionname>
  <visibilitytype>1</visibilitytype>
</appaction>