<appaction uniquename="admin__CreateTeamsevent!514d1987538c4e71a7c7c4f3abedc206!admin_VideohubAdmin!admin_inadayevent!0">
  <appmoduleid>
    <uniquename>admin_VideohubAdmin</uniquename>
  </appmoduleid>
  <buttonlabeltext default="Create Teams event">
    <label description="Create Teams event" languagecode="1033" />
  </buttonlabeltext>
  <buttonsequencepriority>17.5000000000</buttonsequencepriority>
  <context>1</context>
  <contextentity>
    <logicalname>admin_inadayevent</logicalname>
  </contextentity>
  <contextvalue>admin_inadayevent</contextvalue>
  <fonticon>MSTeamsIcon</fonticon>
  <hidden>0</hidden>
  <iscustomizable>1</iscustomizable>
  <isgrouptitlehidden>0</isgrouptitlehidden>
  <location>0</location>
  <name>CreateTeamsevent!514d1987538c4e71a7c7c4f3abedc206</name>
  <onclickeventjavascriptfunctionname>OpenDialog</onclickeventjavascriptfunctionname>
  <onclickeventjavascriptparameters>[{"type":5},{"type":21,"value":"custom"},{"type":19,"value":1},{"type":21,"value":"admin_trainingregistrationcreateteamspage_b78aa"},{"type":21,"value":"Create teams event"},{"type":21,"value":"60"},{"type":21,"value":"60"}]</onclickeventjavascriptparameters>
  <onclickeventjavascriptwebresourceid>
    <webresourceid>fd20c03b-b47f-ed11-81ac-0022480819d7</webresourceid>
  </onclickeventjavascriptwebresourceid>
  <onclickeventtype>2</onclickeventtype>
  <statecode>0</statecode>
  <statuscode>1</statuscode>
  <type>0</type>
  <visibilitytype>0</visibilitytype>
</appaction>