<environmentvariabledefinition schemaname="admin_PowerPlatformUserGroupID">
  <description default="Inventory - Enter the ID of the Microsoft 365 group which will contain all your Power Platform Users (for example, end users that apps are shared with).  It is needed to communicate and share apps with them.">
    <label description="Inventory - Enter the ID of the Microsoft 365 group which will contain all your Power Platform Users (for example, end users that apps are shared with).  It is needed to communicate and share apps with them." languagecode="1033" />
  </description>
  <displayname default="Power Platform User Group ID">
    <label description="Power Platform User Group ID" languagecode="1033" />
  </displayname>
  <introducedversion>3.56.7</introducedversion>
  <iscustomizable>1</iscustomizable>
  <isrequired>0</isrequired>
  <secretstore>0</secretstore>
  <type>100000000</type>
</environmentvariabledefinition>